"Nombre de Cuenta", "Número de Cuenta", "Razon Social", "Nombre Comercial", "RUT", "GR", "Miembro de", "Tipo", "Página web", "EMAIL Principal", "Teléfono Principal", "Facturación Anual", "Celular", "Email (Alternativo)", "Teléfono Secundario", "Fecha Creación Empresa", "Aniversario", "Rubro", "Cantidad Empleados", "Sub Grupo de Actividad", "Grupo de Actividad", "Modificado por", "Exportador?", "Importador?", "RUT anterior", "Interviene DOCUMENTOS", "Empresa Familiar", "Socio CEF", "Número único", "Tipo de socio", "Estado", "Descripción", "Dirección (Factura)", "Dirección (Envío)", "Ciudad (Factura)", "Ciudad (Envío)", "Código Postal (Factura)", "Código Postal (Envío)", "País (Factura)", "País (Envío)", "Departamento (Factura)", "Departamento (Envío)", "Fecha de Creación", "Asignado a", "Fuente", "No Enviar Email", "Responsable Pagos", "Fecha de Modificación", "Región / Localidad"
"A BERTOLOTTI","ACC1853","A BERTOLOTTI SA","A BERTOLOTTI","215092230017","0","","Empresas Socias Directas","","administracion@bertolotti.com.uy","2292 2036","0.00000000","","","","","","Productos Metalúrgicos-Maquinaria-Construcción","Mediana (20 a 99)","","","admin","0","0","0","0","1","","215092230017","TS01","VIG","L. Viana","","","","","","","","Uruguay","","","2023-09-05 18:25:39","admin","IMPORT","0","","2026-10-05 09:32:22","Montevideo"
"PHILIP MORRIS URUGUAY","ACC1854","ABAL HERMANOS SA","PHILIP MORRIS URUGUAY","210125930011","0","","Empresas Socias Directas","www.pmi.com","Yocelyn.olmedo@pmi.com","26047110","0.00000000","94820667","","","","","Procesamiento y conservación de alimentos - bebidas y tabaco","Pequeña (5 a 19)","13","1. Procesamiento y conservación de alimentos, bebidas y tabaco","admin","0","0","0","0","0","","210125930011","TS01","VIG","L. Viana","","","","","","","","Uruguay","Montevideo","Montevideo","2023-09-05 18:25:39","admin","IMPORT","0","","2026-10-05 09:32:22","Montevideo"
"ABB","ACC1855","ABB SAU","ABB","210144720019","0","","Empresas Socias Directas","www.new.abb.com/south-america/sobre-nosotros/quienes-somos/oficinas-sudamerica/uruguay","TATIANA.OTERO@UY.ABB.COM","24008844","0.00000000","","","","","","Tecnología-Telecomunicaciones- actividades conexas","Mediana (20 a 99)","Residual","10. Comercio en general","admin","0","0","0","0","0","","210144720019","TS02","VIG","L. Viana","","","","","","","","Uruguay","Montevideo","Montevideo","2023-09-05 18:25:39","admin","IMPORT","0","","2026-10-05 09:32:23","Montevideo"
"Abbott Laboratories","ACC1856","Abbott Laboratories Uruguay SA","Abbott Laboratories","210133230015","0","","Empresas Socias Directas","www.abbott.com/homepage.html","paola.villarodriguez@abbot.com","26009966 int 109","0.00000000","","","","","","Industria Farmacéutica","Mediana (20 a 99)","","","admin","0","0","0","0","0","","210133230015","TS02","VIG","L. Viana","","","","","","","","Uruguay","Montevideo","Montevideo","2023-09-05 18:25:39","admin","IMPORT","0","","2026-10-05 09:32:23","Montevideo"
"Abdala Freccero Juan José","ACC1857","Abdala Freccero Juan José","Abdala Freccero Juan José","215257830015","0","","Empresas Socias Directas","","jabdala@cncs.com.uy","2408 5471","0.00000000","","","","","","Other","Micro (1 a 4)","","","admin","0","0","0","0","1","","215257830015","TS01","SOLIC-BAJA","L. Viana","","","","","","","","Uruguay","Montevideo","Montevideo","2023-09-05 18:25:39","admin","IMPORT","0","","2026-10-05 09:32:24","Montevideo"
"CADENA DE TIENDAS VEZZO y MASyMAS","ACC1858","ABILER S.A.","CADENA DE TIENDAS VEZZO y MASyMAS","213593130019","0","","Empresas Socias Directas","www.vezzo.uy","TRADING@VEZZO.COM.UY","23596581","0.00000000","","","","","","Textiles - vestimentas - cuero y calzado","Grande (más 99)","4","5. Industrias del Cuero, Vestimenta y Calzado","admin","0","0","0","0","1","","213593130019","TS02","VIG","L. Viana","","","","","","","","Uruguay","Montevideo","Montevideo","2023-09-05 18:25:39","admin","IMPORT","0","","2026-10-05 09:32:25","Montevideo"
"ABITAB","ACC1859","ABITAB SA","ABITAB","211428940011","0","","Empresas Socias Directas","","ines.pelayo@abitab.com.uy","29240404","0.00000000","","","","","","Intermediación Financiera- Seguros- inversión","Grande (más 99)","7","14. Intermediación financiera, seguros y pensiones","admin","0","0","0","0","0","","211428940011","TS02","VIG","L. Viana","","","","","","","","Uruguay","Montevideo","Montevideo","2023-09-05 18:25:39","admin","IMPORT","0","","2026-10-05 09:32:25","Montevideo"
"ABITOuy","ACC1860","AbitoUy SAS","ABITOuy","0","0","","","www.abito.com.uy","gonzalo@abito.com.uy","","0.00000000","94476605","","","","","","","","","admin","0","0","0","0","0","","","","","D. Villar","","","","","","","","","","","2023-09-05 18:25:39","admin","IMPORT","0","","2026-10-05 09:32:26",""
"ACODIKE","ACC1861","ACODIKE SUPERGAS SA","ACODIKE","210166690015","0","","Empresas Socias Directas","","ngonzalez@acodike.com.uy","23577777","0.00000000","","","","","","Logística –Transporte – Distribuidora - Almacenamiento","Grande (más 99)","21","10. Comercio en general","admin","0","0","0","0","0","","210166690015","TS01","VIG","L. Viana","","","","","","","","Uruguay","Montevideo","Montevideo","2023-09-05 18:25:39","admin","IMPORT","0","","2026-10-05 09:32:26","Montevideo"
"ANCAP","ACC1862","ADMINISTRACION NACIONAL DE COMBUSTIBLES;ALCOHOLES Y PORTLAND","ANCAP","210475730011","0","","Empresas Socias Directas","","gerenciageneral@ancap.com.uy","1931 Int 9","0.00000000","","","","","","Industria-Energía-Minería","Grande (más 99)","","","admin","0","0","0","0","0","","210475730011","TS01","VIG","L. Viana","","","","","","","","Uruguay","Montevideo","Montevideo","2023-09-05 18:25:39","admin","IMPORT","0","","2026-10-05 09:32:27","Montevideo"
"Administracion Nacional de Puertos","ACC1863","Administracion Nacional de Puertos","Administracion Nacional de Puertos","212596710018","0","","Empresas Socias Directas","","jgranja@anp.com.uy","","0.00000000","99869743","","","","","","","","","admin","0","0","0","0","0","","212596710018","TS02","BAJ","D. Villar","","","","","","","","","","","2023-09-05 18:25:39","admin","IMPORT","0","","2026-10-05 09:32:27","Paysandú"
"Antel","ACC1864","ADMINISTRACIÓN NACIONAL DE TELECOMUNICACIONES","Antel","211003420017","0","","Empresas Socias Directas","","pvgarcia@Antel.com.uy","29280000","0.00000000","","","","","","Tecnología-Telecomunicaciones- actividades conexas","Grande (más 99)","","","admin","0","0","0","0","0","","","TS02","VIG","L. Viana","","","","","","","","Uruguay","Montevideo","Montevideo","2023-09-05 18:25:39","admin","IMPORT","0","","2026-10-05 09:32:27","Montevideo"
"ACSA","ACC1865","ADMINISTRACIONES Y COMISIONES SA","ACSA","210236910019","0","","Empresas Socias Directas","","contabilidad@acsa.uy","29080241 Int 172","0.00000000","","","","","","Servicios Profesionales- Técnicos Especializados -Certificaciones","Mediana (20 a 99)","5","19. Servicios profesionales, técnicos, especializados y aquellos no incluidos en otros grupos","admin","0","0","0","0","1","","210236910019","TS01","VIG","L. Viana","","","","","","","","Uruguay","Montevideo","Montevideo","2023-09-05 18:25:39","admin","IMPORT","0","","2026-10-05 09:32:28","Montevideo"
"RESIDENCIAL MAGNA","ACC1866","ADOLMARE SA","RESIDENCIAL MAGNA","215930080018","0","","Socios Indirectos","","mengualfernando@yahoo.com.ar","","0.00000000","99784998","","","","","","","","","admin","0","0","0","0","0","","215930080018","","","","","","","","","","","","","","2023-09-05 18:25:39","admin","IMPORT","0","","2026-10-05 09:32:28","Montevideo"
"ADP","ACC1867","ADP SA","ADP","214921780012","0","","Empresas Socias Directas","www.adp.com.uy","comunicacion@adp.uy","4534 3370","0.00000000","93793849","","","","","Ganadería - Agricultura y Actividades Conexas","Mediana (20 a 99)","20","10. Comercio en general","admin","0","0","0","0","1","","214921780012","TS02","VIG","L. Viana","","","","","","","","Uruguay","","","2023-09-05 18:25:39","admin","IMPORT","0","","2026-10-05 09:32:29","Soriano"
"GRAUSER","ACC1868","ADVOCAVI SA","GRAUSER","217224520013","0","","","","info@grauser.com.uy","29292398","0.00000000","","","","","","","Mediana (20 a 99)","","","admin","0","0","0","0","0","","","","","","","","","","","","","","","","2023-09-05 18:25:39","admin","IMPORT","0","","2026-10-05 09:32:29","Montevideo"
"Aeromarine","ACC1869","AEROMARINE SA","Aeromarine","210652540015","0","","Empresas Socias Directas","www.aeromarine.com.uy","as@aeromarine.com.uy","29166456","0.00000000","","mb@aeromarine.com.uy","","","","Tecnología-Telecomunicaciones- actividades conexas","","","","admin","0","0","0","0","1","Socio","210652540015","","",".","","RBLA 25 DE AGOSTO 326","","","","","","Uruguay","","","2023-09-05 18:25:39","vpopovich@cncs.com.uy","IMPORT","0","","2026-10-05 09:32:30","Montevideo"
"Afrecor","ACC1870","AFRECOR SA","Afrecor","216429700015","0","Accounts::::CEGRU","Socios Indirectos","","jpluizzi@afrecor.com.uy","23119915","0.00000000","96106393","","","","","","","","","admin","0","0","0","0","0","","216429700015","","","D. Villar","","","","","","","","","","","2023-09-05 18:25:39","admin","IMPORT","0","","2026-10-05 09:32:30","Montevideo"
"AGNI","ACC1871","AGNI SAS","AGNI","0","0","","","","agni.uruguay@gmail.com","","0.00000000","99041149","","","","","","","","","admin","0","0","0","0","0","","","","","D. Villar","","","","","","","","","","","2023-09-05 18:25:39","admin","IMPORT","0","","2026-10-05 09:32:31",""
"Agroenfoque","ACC1872","AGROENFOQUE SA","Agroenfoque","0","0","","","www.agroenfoque.com.uy","","23693591","0.00000000","","","","","","","","","","admin","0","0","0","0","0","","","","","A. Pola","","","","","","","","","","","2023-09-05 18:25:39","admin","IMPORT","0","","2026-10-05 09:32:31",""
"AGROLAND","ACC1873","AGROLAND SA","Bodega Garzón","214081990017","0","","Empresas Socias Directas","www.agroland.com/es/index.html","rrhh@agroland.com","4224 1759","0.00000000","","","","","","Ganadería - Agricultura y Actividades Conexas","Grande (más 99)","","","admin","0","0","0","0","0","","214081990017","TS02","VIG","L. Viana","","","","","","","","Uruguay","Montevideo","Montevideo","2023-09-05 18:25:39","admin","IMPORT","0","","2026-10-05 09:32:31","Montevideo"
"Agronor","ACC1874","Agronor SA","Agronor","0","0","","","","jorge.espanya@gmail.com","","0.00000000","91144451619","","","","","","","","","admin","0","0","0","0","0","","","","","D. Villar","","","","","","","","","","","2023-09-05 18:25:39","admin","IMPORT","0","","2026-10-05 09:32:32","Colonia"
"AGROPICK","ACC1875","AGROPICK SA","AGROPICK","215124200010","0","","Empresas Socias Directas","www.agropick.com/es/","adm@agropick.com","26003886","0.00000000","","","","","","Ganadería - Agricultura y Actividades Conexas","Pequeña (5 a 19)","5","10. Comercio en general","admin","1","0","0","1","0","","215124200010","TS02","VIG","L. Viana","","","","","","","","Uruguay","Montevideo","Montevideo","2023-09-05 18:25:39","admin","IMPORT","0","","2026-10-05 09:32:32","Montevideo"
"AGROTIMES","ACC1876","AGROTIMES SA","AGROTIMES","214149250013","0","","Empresas Socias Directas","www.agrotimes.com.uy","agrotimes@netgate.com.uy","22002313","0.00000000","","","","","","Textiles - vestimentas - cuero y calzado","Pequeña (5 a 19)","3","5. Industrias del Cuero, Vestimenta y Calzado","admin","1","0","0","1","1","","214149250013","TS02","VIG","L. Viana","","","","","","","","Uruguay","Montevideo","Montevideo","2023-09-05 18:25:39","admin","IMPORT","0","","2026-10-05 09:32:32","Montevideo"
"AGROVETERINARIA LA PRADERA FLORIDA","ACC1877","AGROVETERINARIA LA PRADERA FLORIDA SA","AGROVETERINARIA LA PRADERA FLORIDA","70062010019","0","","Empresas Socias Directas","www.lapradera.com.uy","carlos_pradera@montevideo.com.uy","43523861","0.00000000","","","","","","Ganadería - Agricultura y Actividades Conexas","","","","admin","0","0","0","0","1","Socio","","","",".","","GALLINAL 580","","","","","","Uruguay","Florida","Florida","2023-09-05 18:25:39","admin","IMPORT","0","","2026-10-05 09:32:33","Florida"
"APROASE","ACC1878","AGRUPACION DE PROFESIONALES ASESORES EN SEGUROS","APROASE","230","230","","Gremiales/Asociación","","aproase@vera.com.uy","29002553","0.00000000","","","","","","","","","","admin","0","0","0","0","0","","GR230","TS03","SOLIC-BAJA","L. Viana","","","","","","","","Uruguay","","","2023-09-05 18:25:39","admin","IMPORT","0","","2026-10-05 09:32:33",""
"AHINCO","ACC1879","AHINCO SA","AHINCO","0","0","","","","aldabifr@gmail.com","","0.00000000","92197486","","","","","","","","","admin","0","0","0","0","0","","","","","D. Villar","","","","","","","","","","","2023-09-05 18:25:39","admin","IMPORT","0","","2026-10-05 09:32:34","Paysandú"
"El Arriero","ACC1881","ALEGRE SETTIMANO ESTELA ISABEL","El Arriero","110225310019","0","","","","","","0.00000000","96128575","","","","","","Pequeña (5 a 19)","","","admin","0","0","0","0","0","","","","","","","","","","","","","Uruguay","","","2023-09-05 18:25:39","admin","IMPORT","0","","2026-10-05 09:32:34","Canelones"
"Grupo RAS","ACC1882","Alezer SA","Grupo RAS","216059580010","0","","Empresas Socias Directas","","jdsilveira@gruporas.com","29244525","0.00000000","","","","","","Logística –Transporte – Distribuidora - Almacenamiento","Grande (más 99)","Residual","19. Servicios profesionales, técnicos, especializados y aquellos no incluidos en otros grupos","admin","0","0","0","0","0","","216059580010","TS02","VIG","L. Viana","","","","","","","","Uruguay","Montevideo","Montevideo","2023-09-05 18:25:39","admin","IMPORT","0","","2026-10-05 09:32:35","Montevideo"
"ESTUDIO KAPLAN","ACC1883","ALFREDO BENNO KAPLAN KATZ","ESTUDIO KAPLAN","211138150018","0","","Empresas Socias Directas","www.estudiokaplan.com","tesoreria@estudiokaplan.com","26232921","0.00000000","","","","","","Servicios Profesionales- Técnicos Especializados -Certificaciones","Mediana (20 a 99)","17","19. Servicios profesionales, técnicos, especializados y aquellos no incluidos en otros grupos","admin","0","0","0","0","0","","211138150018","TS02","SOLIC-BAJA","L. Viana","","","","","","","","Uruguay","Montevideo","Montevideo","2023-09-05 18:25:39","admin","IMPORT","0","","2026-10-05 09:32:35","Montevideo"
"ALFREDO ROHNER","ACC1884","ALFREDO ROHNER","ALFREDO ROHNER","0","0","","","","","","0.00000000","","","","","","","","","","admin","0","0","0","0","0","","","","","","","","","","","","","","","","2023-09-05 18:25:39","admin","IMPORT","0","","2026-10-05 09:32:35",""
"ALGORTA","ACC1885","ALGORTA SA","ALGORTA","210001100017","0","","Empresas Socias Directas","www.algorta.com.uy","lbique@algorta.com.uy","22199999","0.00000000","","","","","","Bazar-Ferretería-Pinturería","Grande (más 99)","5","10. Comercio en general","admin","0","1","0","0","0","","210001100017","TS01","VIG","L. Viana","","","","","","","","Uruguay","Montevideo","Montevideo","2023-09-05 18:25:39","admin","IMPORT","0","","2026-10-05 09:32:36","Montevideo"
"PUNTA CARRETAS SHOPPING","ACC1886","ALIAN SA","PUNTA CARRETAS SHOPPING","211476440015","0","","Empresas Socias Directas","","mdaffonchio@puntacarretas.com.uy","27103741","0.00000000","","","","","","Supermercados- Centro Comerciales- Retail","Mediana (20 a 99)","21.1","19. Servicios profesionales, técnicos, especializados y aquellos no incluidos en otros grupos","admin","0","0","0","0","0","","211476440015","TS02","VIG","L. Viana","","","","","","","","Uruguay","Montevideo","Montevideo","2023-09-05 18:25:39","admin","IMPORT","0","","2026-10-05 09:32:36","Montevideo"
"ALIBA","ACC1887","Aliba SRL","ALIBA","0","0","","","","aurora.kluver@gmail.com","","0.00000000","99290588","","","","","","","","","admin","0","0","0","0","0","","","","","D. Villar","","","","","","","","","","","2023-09-05 18:25:39","admin","IMPORT","0","","2026-10-05 09:32:37","Canelones"
"Alimenticia S.A.","ACC1888","ALIMENTICIA S.A.","Distribuidora de Alimentos Alimenticia","211495130018","0","","Empresas Socias Directas","www.alimenticia.com.uy/","alimenticiauy@gmail.com","23592426","0.00000000","","","","","","Logística –Transporte – Distribuidora - Almacenamiento","Mediana (20 a 99)","","","admin","0","0","0","0","1","","211495130018","TS02","VIG","L. Viana","","","","","","","","Uruguay","Montevideo","Montevideo","2023-09-05 18:25:39","admin","IMPORT","0","","2026-10-05 09:32:37","Montevideo"
"Pepe Bananas","ACC1889","ALMAR SRL","Pepe Bananas","212284060018","0","","Empresas Socias Directas","www.somospepe.com.uy","almarsrl@hotmail.com","25080148","0.00000000","","","","","","Viñedos - Cítricos - Fruticultura - Horticultura - floricultura","Mediana (20 a 99)","","","admin","0","1","0","0","1","","212284060018","TS02","VIG","L. Viana","","","","","","","","Uruguay","Montevideo","Montevideo","2023-09-05 18:25:39","admin","IMPORT","0","","2026-10-05 09:32:37","Montevideo"
"Mario Montemuiño","ACC1890","ALMIRNO SA","Mario Montemuiño","212518320010","0","","Empresas Socias Directas","","nmontemuino@montemuino.com","29165519","0.00000000","","","","","","Servicios Profesionales- Técnicos Especializados -Certificaciones","Pequeña (5 a 19)","1","19. Servicios profesionales, técnicos, especializados y aquellos no incluidos en otros grupos","admin","0","0","0","0","0","","212518320010","TS01","VIG","L. Viana","","","","","","","","Uruguay","Montevideo","Montevideo","2023-09-05 18:25:39","admin","IMPORT","0","","2026-10-05 09:32:38","Montevideo"
"ALTAMA","ACC1891","ALTAMA SA","ALTAMA","210232930015","0","","Empresas Socias Directas","www.altama.com.uy","francisco@altama.com.uy","26825368","0.00000000","","","26958033","","","Procesamiento y conservación de alimentos - bebidas y tabaco","Mediana (20 a 99)","","","admin","0","1","0","0","1","","210232930015","TS02","VIG","L. Viana","","","","","","","","Uruguay","Canelones","Canelones","2023-09-05 18:25:39","admin","IMPORT","0","","2026-10-05 09:32:38","Canelones"
"ALUMINIOS DEL URUGUAY","ACC1892","ALUMINIOS DEL URUGUAY SA","ALUMINIOS DEL URUGUAY","210002490013","0","","Empresas Socias Directas","www.aluminios.com","lcabrera@aluminios.com","22001435","0.00000000","","","","","","Productos Metalúrgicos-Maquinaria-Construcción","Grande (más 99)","1","8. Industria de productos metálicos, maquinarias y equipo","admin","0","0","0","0","0","","210002490013","TS02","VIG","L. Viana","","","","","","","","Uruguay","Montevideo","Montevideo","2023-09-05 18:25:39","admin","IMPORT","0","","2026-10-05 09:32:39","Montevideo"
"ALVARO MILBURN","ACC1893","ALVARO MILBURN LTDA","ALVARO MILBURN","210353220019","0","","Empresas Socias Directas","www.milburnltda.com.uy","acelto@milburnltda.com.uy","29161080","0.00000000","","","","","","Servicios Profesionales- Técnicos Especializados -Certificaciones","Mediana (20 a 99)","1","19. Servicios profesionales, técnicos, especializados y aquellos no incluidos en otros grupos","admin","0","0","0","0","0","","210353220019","TS02","VIG","L. Viana","","","","","","","","Uruguay","","","2023-09-05 18:25:39","admin","IMPORT","0","","2026-10-05 09:32:39","Montevideo"
"AMEN SHOP","ACC1894","Amén SA","AMEN SHOP","0","0","","","www.amenshop.com.uy","mile@amen.com.uy","","0.00000000","9446283","","","","","","","","","admin","0","0","0","0","0","","","","","D. Villar","","","","","","","","","","","2023-09-05 18:25:39","admin","IMPORT","0","","2026-10-05 09:32:39","Montevideo"
"Ana Sofia Pedrozo Viajes y Turismo","ACC1895","ANA SOFIA PEDROZO VILA SRL","Ana Sofia Pedrozo Viajes y Turismo","30155530013","0","","Empresas Socias Directas","www.anasofiapedrozo.com","anasofia@anasofiapedrozo.com","46423357","0.00000000","","","","","","Hoteles Restaurantes- Bares - Entretenimiento","","","","admin","0","0","0","0","1","Socio","","","",".","","Dario Silva 654","","Melo","","","","Uruguay","","Cerro Largo","2023-09-05 18:25:39","vpopovich@cncs.com.uy","IMPORT","0","","2026-10-05 09:32:40","Cerro Largo"
"De Rosa Collections","ACC1896","Ancers SA","De Rosa Collections","210205450016","0","","Empresas Socias Directas","www.derosacollections.com","agustina@derosacollections.com","26828206 Int 102","0.00000000","99777495","","","","","Bazar-Ferretería-Pinturería","Mediana (20 a 99)","Residual","19. Servicios profesionales, técnicos, especializados y aquellos no incluidos en otros grupos","admin","0","0","0","1","1","","210205450016","TS02","VIG","L. Viana","","","","","","","","Uruguay","Canelones","Canelones","2023-09-05 18:25:39","admin","IMPORT","0","","2026-10-05 09:32:40","Canelones"
"AMSA Repuestos","ACC1897","AMSA Repuestos SA","AMSA Repuestos","210166180017","0","","Empresas Socias Directas","www.amsa.com.uy","laura@angres.com.uy","29020681","0.00000000","","","","","","Automotriz- Motocicletas – Autopartes","Mediana (20 a 99)","","","admin","0","0","0","0","0","","210166180017","TS02","VIG","L. Viana","","","","","","","","Uruguay","Montevideo","Montevideo","2023-09-05 18:25:39","admin","IMPORT","0","","2026-10-05 09:32:41","Montevideo"
"LABORATORIOS APITER","ACC1898","APITER SA","LABORATORIOS APITER","210774960019","0","","Empresas Socias Directas","www.apiter.com","tesoreria@apiter.com","22880755","0.00000000","","","","","","Industria Farmacéutica","Mediana (20 a 99)","","","admin","0","0","0","0","1","Socio","210774960019","TS02","VIG","L. Viana","","","","","","","","Uruguay","","","2023-09-05 18:25:39","admin","IMPORT","0","","2026-10-05 09:32:41","Montevideo"
"AMEC","ACC1899","ARCOBELL SA","AMEC","213626690018","0","","Empresas Socias Directas","","contable@amec.com.uy","24801212","0.00000000","","","","","","Servicios de Salud y actividades conexas","Grande (más 99)","","15.Servicios de salud y anexos","admin","0","0","0","0","0","","213626690018","TS02","VIG","L. Viana","","","","","","","","Uruguay","Montevideo","Montevideo","2023-09-05 18:25:39","admin","IMPORT","0","","2026-10-05 09:32:41","Montevideo"
"Arenera Indare","ACC1900","Arenera Indare SA","Arenera Indare","213944050012","0","","","www.areneraindare.com","areneraindaresa@gmail.com","","0.00000000","99550088","","","","","","Micro (1 a 4)","","","admin","0","0","0","0","0","","","","","D. Villar","","","","","","","","Uruguay","","","2023-09-05 18:25:39","admin","IMPORT","0","","2026-10-05 09:32:42","Colonia"
"MANPOWERGROUP URUGUAY","ACC1901","ARIS SA","MANPOWERGROUP URUGUAY","211358380012","0","","Empresas Socias Directas","","vavila@manpowergroup.com.uy","24006029","0.00000000","","","","","","Servicios Profesionales- Técnicos Especializados -Certificaciones","Grande (más 99)","2","19. Servicios profesionales, técnicos, especializados y aquellos no incluidos en otros grupos","admin","0","0","0","0","0","","211358380012","TS02","VIG","L. Viana","","","","","","","","Uruguay","Montevideo","Montevideo","2023-09-05 18:25:39","admin","IMPORT","0","","2026-10-05 09:32:42","Montevideo"
"Casa Garrido","ACC1902","ARLOMAR SA","Casa Garrido","211010960013","0","","","","","29291292","0.00000000","","","","","","","Mediana (20 a 99)","","","admin","0","0","0","0","0","","211010960013","","","","","","","","","","","","","","2023-09-05 18:25:40","admin","IMPORT","0","","2026-10-05 09:32:43",""
"Arnaldo C. Castro","ACC1903","Arnaldo C Castro SA","Arnaldo C. Castro","210194590011","0","","","","heber.assaf@arnaldocastro.com.uy","","0.00000000","99602346","","","","","","","","","admin","0","0","0","0","0","","210194590011","","","D. Villar","","","","","","","","","","","2023-09-05 18:25:40","admin","IMPORT","0","","2026-10-05 09:32:43",""
"ARQUIFOAM","ACC1904","ARQUIFOAM SA","ARQUIFOAM","214295560013","0","","Empresas Socias Directas","www.arquifoamarquitectura.com","info@arquifoam.com","22097443","0.00000000","","","","","","Productos Metalúrgicos-Maquinaria-Construcción","Mediana (20 a 99)","7","8. Industria de productos metálicos, maquinarias y equipo","admin","0","0","0","1","0","","214295560013","TS02","VIG","L. Viana","","","","","","","","Uruguay","","","2023-09-05 18:25:40","admin","IMPORT","0","","2026-10-05 09:32:43","Montevideo"
"ART OF VISION S.A.","ACC1905","ART OF VISION SA","ART OF VISION S.A.","212500350015","0","","","","","29028039","0.00000000","","","","","","","Pequeña (5 a 19)","","","admin","0","0","0","0","0","","","","","","","","","","","","","","","","2023-09-05 18:25:40","admin","IMPORT","0","","2026-10-05 09:32:44","Montevideo"
"ARUYA","ACC1906","ARUYA SA","ARUYA","212319050013","0","","","","","29154063","0.00000000","","","","","","","Pequeña (5 a 19)","","","admin","0","0","0","0","0","","","","","","","","","","","","","","","","2023-09-05 18:25:40","admin","IMPORT","0","","2026-10-05 09:32:44",""
"ARYES","ACC1907","ARYES LTDA","ARYES","211393790019","0","","Empresas Socias Directas","www.aryes.com.uy","administracion@aryes.com.uy","29159645","0.00000000","","","","","","Procesamiento y conservación de alimentos - bebidas y tabaco","Pequeña (5 a 19)","","","admin","0","0","0","0","1","","211393790019","TS02","VIG","L. Viana","","","","","","","","Uruguay","Montevideo","Montevideo","2023-09-05 18:25:40","admin","IMPORT","0","","2026-10-05 09:32:45","Montevideo"
"AECU","ACC1908","ASESORES EMPRESARIALES Y CONTABLES DEL URUGUAY","AECU","0","614","","Gremiales/Asociación","","tramites.contaduria@bf.com.uy","22005508","0.00000000","","","","","","","","","","admin","0","0","0","0","0","","","TS03","VIG","L.González","","","","","","","","","","","2023-09-05 18:25:40","admin","IMPORT","0","","2026-10-05 09:32:45",""
"GS1 URUGUAY","ACC1909","ASOCIACIÓN CIVIL EAN URUGUAY","GS1 URUGUAY","213981060018","0","","Empresas Socias Directas","www.gs1uy.org","slafluf@gs1uy.org","26062134","0.00000000","","","","","","Tecnología-Telecomunicaciones- actividades conexas","Pequeña (5 a 19)","Residual","19. Servicios profesionales, técnicos, especializados y aquellos no incluidos en otros grupos","admin","0","0","0","0","0","","213981060018","TS02","VIG","L. Viana","","","","","","","","Uruguay","Montevideo","Montevideo","2023-09-05 18:25:40","admin","IMPORT","0","","2026-10-05 09:32:45","Montevideo"
"ASO CIV GRUPO CENTRO","ACC1910","ASOCIACION CIVIL GRUPO CENTRO","GRUPO CENTRO","0","86","","Centro Comercial","","agrupocentro@gmail.com","29027836","0.00000000","","","","","","","","","","admin","0","0","0","0","0","","","TS03","VIG","L. Viana","","","","","","","","Uruguay","","","2023-09-05 18:25:40","admin","IMPORT","0","","2026-10-05 09:32:46",""
"Integra Residenciales","ACC1911","ASOCIACION CIVIL INTEGRA RESIDENCIALES","Integra Residenciales","0","679","","Gremiales/Asociación","","","","0.00000000","","","","","","","","","","admin","0","0","0","0","0","","","TS03","VIG","L. Viana","","","","","","","","Uruguay","Montevideo","Montevideo","2023-09-05 18:25:40","admin","IMPORT","0","","2026-10-05 09:32:46","Montevideo"
"ACU","ACC1912","ASOCIACION COMERCIAL DEL URUGUAY","ACU","0","216","","Gremiales/Asociación","","asociacioncomercialdeluruguay@gmail.com","24008739","0.00000000","","ccomercialunion@gmail.com","","","","","","","","admin","0","0","0","0","0","","","TS03","VIG","L. Viana","","","","","","","","Uruguay","Montevideo","Montevideo","2023-09-05 18:25:40","admin","IMPORT","0","","2026-10-05 09:32:47","Montevideo"
"ACI DE CANELONES","ACC1913","ASOCIACION COMERCIAL E INDUSTRIAL DE CANELONES","ACIC","20187120018","0","","Centro Comercial","","acic@internet.com.uy","43322521","0.00000000","","","","","","","","","","admin","0","0","0","0","0","","","TS03","BAJ","L. Viana","","","","","","","","Uruguay","","Canelones","2023-09-05 18:25:40","admin","IMPORT","0","","2026-10-05 09:32:47",""
"ACI DE COLONIA","ACC1914","ASOCIACION COMERCIAL E INDUSTRIAL DE COLONIA","ACIC","040255560019","32","","Centro Comercial","","gerencia@asociacioncomercial.com.uy","45222782","0.00000000","","","","","","","","","","admin","0","0","0","0","0","","GR032","TS03","VIG","L. Viana","","","","","","","","Uruguay","Colonia","Colonia","2023-09-05 18:25:40","admin","IMPORT","0","","2026-10-05 09:32:47",""
"ACI DE RIO NEGRO","ACC1915","ASOCIACION COMERCIAL E INDUSTRIAL DE RIO NEGRO","CCIRN","130116040015","636","","Centro Comercial","","fr_acirn@hotmail.com","45622480","0.00000000","","","45628436","","","","","","","admin","0","0","0","0","0","","GR636","TS03","VIG","L. Viana","","","","","","","","Uruguay","","Río Negro","2023-09-05 18:25:40","admin","IMPORT","0","","2026-10-05 09:32:48",""
"ACI DE RIVERA","ACC1916","ASOCIACION COMERCIAL E INDUSTRIAL DE RIVERA","ACIR","140172760017","189","","Centro Comercial","","acirrivera@gmail.com","46223370","0.00000000","","","","","1930-12-05","","","","","admin","0","0","0","0","0","","GR189","TS03","VIG","L. Viana","","","","","","","","Uruguay","","","2023-09-05 18:25:40","admin","IMPORT","0","","2026-10-05 09:32:48",""
"ADAPI","ACC1917","ASOCIACION DE ADMINISTRADORES DE PROPIEDADES INMUEBLES","ADAPI","0","178","","Gremiales/Asociación","www.adapi.com.uy","adapi@adinet.com.uy","29291445","0.00000000","","","","","","","","","","admin","0","0","0","0","0","","","TS03","BAJ","L. Viana","","","","","","","","Uruguay","","","2023-09-05 18:25:40","admin","IMPORT","0","","2026-10-05 09:32:49",""
"AAQI","ACC1918","ASOCIACION DE AGENTES DE QUINIELAS DEL INTERIOR","AAQI","215712980017","0","","Gremiales/Asociación","","asociacion@aaqi.com.uy","29240787","0.00000000","","","29249022","","","","","","","admin","0","0","0","0","0","","215712980017","TS03","VIG","L. Viana","","","","","","","","Uruguay","Montevideo","Montevideo","2023-09-05 18:25:40","admin","IMPORT","0","","2026-10-05 09:32:49","Montevideo"
"ADIU","ACC1919","ASOCIACION DE AGENTES INMOBILIARIOS DEL URUGUAY","ADIU","216553100016","0","","Gremiales/Asociación","","adiuinfo@gmail.com","27097000","0.00000000","","","","","","","","","","admin","0","0","0","0","0","","216553100016","TS03","BAJ","L. Viana","","","","","","","","Uruguay","","","2023-09-05 18:25:40","admin","IMPORT","0","","2026-10-05 09:32:49",""
"ASARA","ACC1920","ASOCIACION DE ARRENDADORAS DE AUTOS","ASARA","0","57","","Gremiales/Asociación","","","","0.00000000","","","","","","","","","","admin","0","0","0","0","0","","","TS03","VIG","L. Viana","","","","","","","","Uruguay","Montevideo","Montevideo","2023-09-05 18:25:40","admin","IMPORT","0","","2026-10-05 09:32:50","Montevideo"
"ACAPH","ACC1921","ASOCIACION DE COMERCIANTES DE ARTICULOS PARA EL HOGAR","ACAPH","0","12","","Gremiales/Asociación","","","","0.00000000","","","","","","","","","","admin","0","0","0","0","0","","","TS03","BAJ","L. Viana","","","","","","","","Uruguay","","","2023-09-05 18:25:40","admin","IMPORT","0","","2026-10-05 09:32:50",""
"ASOCIACIÓN DE COMERCIOS DE FREE SHOPS DE RIVERA","ACC1922","ASOCIACIÓN DE COMERCIOS DE FREE SHOPS DE RIVERA","Free Shops Rivera","659","659","","Gremiales/Asociación","","asociaciondefreeshopsderivera@gmail.com","46230741","0.00000000","","","46236399","","","","","","","admin","0","0","0","0","0","","","TS03","SOLIC-BAJA",".","","","","","","","","Uruguay","","Rivera","2023-09-05 18:25:40","admin","IMPORT","0","","2026-10-05 09:32:51",""
"ACVU","ACC1923","ASOCIACION DE COMERCIOS VETERINARIOS DEL URUGUAY","ACVU","0","661","","Gremiales/Asociación","","acvu@cncs.com.uy","29161277 Int 112","0.00000000","","","","","","","","","","admin","0","0","0","0","0","","","TS03","VIG","L. Viana","","","","","","","","Uruguay","Montevideo","Montevideo","2023-09-05 18:25:40","admin","IMPORT","0","","2026-10-05 09:32:51","Montevideo"
"ASOCIACION DE CONCESIONARIOS DE MARCAS DE AUTOMOTORES","ACC1924","ASOCIACION DE CONCESIONARIOS DE MARCAS DE AUTOMOTORES","ASCOMA","0","158","","Gremiales/Asociación","","secretaria@ascoma.com.uy","24081545","0.00000000","","","","","","","","","","admin","0","0","0","0","0","","","TS03","VIG","L. Viana","","","","","","","","Uruguay","Montevideo","Montevideo","2023-09-05 18:25:40","admin","IMPORT","0","","2026-10-05 09:32:51","Montevideo"
"ADAU","ACC1925","ASOCIACION DE DESPACHANTES DE ADUANA DEL URUGUAY","ADAU","213920740019","0","","Gremiales/Asociación","","secretaria@adau.com.uy","29165612","0.00000000","","","","","","","","","","admin","0","0","0","0","0","","213920740019","TS03","VIG","L. Viana","","","","","","","","Uruguay","Montevideo","Montevideo","2023-09-05 18:25:40","admin","IMPORT","0","","2026-10-05 09:32:52","Montevideo"
"ADM","ACC1926","ASOCIACION DE DIRIGENTES DE MARKETING DEL URUGUAY","ADM","0","170","","Gremiales/Asociación","","directorio@adm.com.uy","","0.00000000","","","","","","","","","","admin","0","0","0","0","0","","","TS03","VIG","L. Viana","","","","","","","","Uruguay","Montevideo","Montevideo","2023-09-05 18:25:40","admin","IMPORT","0","","2026-10-05 09:32:52","Montevideo"
"ADISUP","ACC1927","ASOCIACION DE DISTRIBUIDORES DE SUPERGAS","ADISUP","219600600010","653","","Gremiales/Asociación","","adisup@cncs.com.uy","","0.00000000","","","","","","","","","","admin","0","0","0","0","0","","GR653","TS03","SOL.LICENCIA","L. Viana","","","","","","","","Uruguay","Montevideo","Montevideo","2023-09-05 18:25:40","admin","IMPORT","0","","2026-10-05 09:32:53","Montevideo"
"ADITACI","ACC1928","ASOCIACIÓN DE DISTRIBUIDORES DE TABACO Y CIGARRILLOS","ADITACI","215708920013","0","","Gremiales/Asociación","","aditaci@outlook.com","","0.00000000","94448209","","","","","","","","","admin","0","0","0","0","0","","GR689","TS03","VIG","L. Viana","","","","","","","","Uruguay","Montevideo","Montevideo","2023-09-05 18:25:40","admin","IMPORT","0","","2026-10-05 09:32:53","Montevideo"
"Asociación de Empresas de Pompas Fúnebres","ACC1929","ASOCIACION DE EMPRESAS DE POMPAS FUNEBRES Y ANEXOS","Asociación de Empresas de Pompas Fúnebres","0","179","","Gremiales/Asociación","","dbac@adinet.com.uy","","0.00000000","","","","","","","","","","admin","0","0","0","0","0","","","TS03","VIG","L. Viana","","","","","","","","Uruguay","","","2023-09-05 18:25:40","admin","IMPORT","0","","2026-10-05 09:32:54",""
"AEFI","ACC1930","ASOCIACION DE EMPRESAS FUNEBRES DEL INTERIOR","AEFI","0","621","","Gremiales/Asociación","","","24805046","0.00000000","","","","","","","","","","admin","0","0","0","0","0","","","TS03","BAJ","L. Viana","","","","","","","","Uruguay","","","2023-09-05 18:25:40","admin","IMPORT","0","","2026-10-05 09:32:54",""
"AFI","ACC1931","ASOCIACION DE FARMACIAS DEL INTERIOR","AFI","0","217","","Gremiales/Asociación","","ndemarco@afi.com.uy","24099919","0.00000000","","","24099876","","","","","","","admin","0","0","0","0","0","","","TS03","VIG","L. Viana","","","","","","","","Uruguay","Montevideo","Montevideo","2023-09-05 18:25:40","admin","IMPORT","0","","2026-10-05 09:32:54","Montevideo"
"AFLEGAS","ACC1932","ASOCIACION DE FLETEROS DEL GAS","AFLEGAS","0","654","","Gremiales/Asociación","","aflegas@cncs.com.uy","","0.00000000","","","","","","","","","","admin","0","0","0","0","0","","","TS03","SOLIC-BAJA","L. Viana","","","","","","","","Uruguay","Montevideo","Montevideo","2023-09-05 18:25:40","admin","IMPORT","0","","2026-10-05 09:32:55","Montevideo"
"AHRU","ACC1933","ASOCIACION DE HOTELES Y RESTAURANTES DEL URUGUAY","AHRU","215696930014","0","","Gremiales/Asociación","","administracion@ahru.com.uy","29080141","0.00000000","","","","","","","","","","admin","0","0","0","0","0","","215696930014","TS03","BAJ","L. Viana","","","","","","","","Uruguay","","","2023-09-05 18:25:40","admin","IMPORT","0","","2026-10-05 09:32:55",""
"AIMA","ACC1934","ASOCIACION DE IMPORTADORES Y MAYORISTAS DE ALMACEN","AIMA","219612420012","623","","Gremiales/Asociación","","aima@cncs.com.uy","","0.00000000","","","","","","","","","","admin","0","0","0","0","0","","GR623","TS03","VIG","L. Viana","","","","","","","","Uruguay","Montevideo","Montevideo","2023-09-05 18:25:40","admin","IMPORT","0","","2026-10-05 09:32:56","Montevideo"
"ADIMAU","ACC1935","ASOCIACION DE INDUSTRIALES DE LA MADERA Y AFINES DEL URUGUAY","ADIMAU","215697370012","0","","Gremiales/Asociación","","adimau2011@gmail.com","29007016","0.00000000","","","","","","","","","","admin","0","0","0","0","0","","215697370012","TS03","VIG","L. Viana","","","","","","","","Uruguay","Montevideo","Montevideo","2023-09-05 18:25:40","admin","IMPORT","0","","2026-10-05 09:32:56","Montevideo"
"AIGU","ACC1936","ASOCIACIÓN DE INDUSTRIALES GRÁFICOS DEL URUGUAY","AIGU","215713290014","0","","Gremiales/Asociación","www.aigu.com.uy","aigu@aigu.org.uy","29028159","0.00000000","","","","","","","","","","admin","0","0","0","0","0","","","TS03","BAJ","L. Viana","","","","","","","","Uruguay","","","2023-09-05 18:25:40","admin","IMPORT","0","","2026-10-05 09:32:57",""
"CIPEM","ACC1937","ASOCIACION DE INMOBILIARIAS DE PUNTA DEL ESTE","CIPEM","0","49","","Gremiales/Asociación","","cipem@cipem.org.uy","42442668","0.00000000","","","","","","","","","","admin","0","0","0","0","0","","","TS03","BAJ","L. Viana","","","","","","","","Uruguay","","","2023-09-05 18:25:40","admin","IMPORT","0","","2026-10-05 09:32:57",""
"AJE","ACC1938","ASOCIACION DE JOVENES EMPRESARIOS","AJE","215963330013","0","","Gremiales/Asociación","","","","0.00000000","094218947","","","","","","","","","admin","0","0","0","0","0","","215963330013","TS03","VIG","L. Viana","","","","","","","","Uruguay","Montevideo","Montevideo","2023-09-05 18:25:40","admin","IMPORT","0","","2026-10-05 09:32:57","Montevideo"
"AJU","ACC1939","ASOCIACION DE JUGUETEROS DEL URUGUAY","AJU","0","650","","Gremiales/Asociación","","aju@cncs.com.uy","","0.00000000","","","","","","","","","","admin","0","0","0","0","0","","","TS03","VIG","L. Viana","","","","","","","","Uruguay","Montevideo","Montevideo","2023-09-05 18:25:40","admin","IMPORT","0","","2026-10-05 09:32:58","Montevideo"
"AMPRO","ACC1940","ASOCIACION DE MARKETING PROMOCIONAL","AMPRO","0","619","","Gremiales/Asociación","","info@amprouruguay.com.uy","","0.00000000","","","","","","","","","","admin","0","0","0","0","0","","","TS03","BAJ","L. Viana","","","","","","","","Uruguay","","","2023-09-05 18:25:40","admin","IMPORT","0","","2026-10-05 09:32:58",""
"AMO","ACC1941","ASOCIACION DE MAYORISTAS DE OPTICA","AMO","219589060019","60","","Gremiales/Asociación","","amo@cncs.com.uy","","0.00000000","","","","","","","","","","admin","0","0","0","0","0","","GR060","TS03","VIG","L. Viana","","","","","","","","Uruguay","Montevideo","Montevideo","2023-09-05 18:25:40","admin","IMPORT","0","","2026-10-05 09:32:58","Montevideo"
"AOPU","ACC1942","ASOCIACION DE OPERADORES POSTALES DEL URUGUAY","AOPU","0","607","","Gremiales/Asociación","","aopu@adinet.com.uy","","0.00000000","","","","","","","","","","admin","0","0","0","0","0","","","TS03","BAJ","L. Viana","","","","","","","","Uruguay","","","2023-09-05 18:25:40","admin","IMPORT","0","","2026-10-05 09:32:59",""
"APEL","ACC1943","ASOCIACION DE PATRONOS DE EMPRESAS DE LIMPIEZA","APEL","0","18","","Gremiales/Asociación","","","","0.00000000","","","","","","","","","","admin","0","0","0","0","0","","GR018","TS03","BAJ","L. Viana","","","","","","","","Uruguay","","","2023-09-05 18:25:40","admin","IMPORT","0","","2026-10-05 09:32:59",""
"A PROVEEDORES FREE SHOP","ACC1944","ASOCIACIÓN DE PROVEEDORES DE FREE SHOP","ASOCIACIÓN DE PROVEEDORES DE FREE SHOP","0","625","","Gremiales/Asociación","","proveedoresfreeshops@cncs.com.uy","","0.00000000","","","","","","","","","","admin","0","0","0","0","0","","","TS03","VIG","L. Viana","","","","","","","","Uruguay","","","2023-09-05 18:25:40","admin","IMPORT","0","","2026-10-05 09:33:00",""
"ARFEUY","ACC1945","ASOCIACION DE REPRESENTANTES DE FIRMAS EXTRANJERAS","ARFEUY","214","214","","Gremiales/Asociación","","arfeuy@adinet.com.uy","","0.00000000","","","","","","","","","","admin","0","0","0","0","0","","GR214","TS03","BAJ","L. Viana","","","","","","","","Uruguay","","","2023-09-05 18:25:40","admin","IMPORT","0","","2026-10-05 09:33:00",""
"ARRAU","ACC1946","ASOCIACION DE REPUESTEROS AUTOMOTORES DEL URUGUAY","ARRAU","215559440015","0","","Gremiales/Asociación","","arrausede@gmail.com","24093235","0.00000000","","","","","","","","","","admin","0","0","0","0","0","","215559440015","TS03","VIG","L. Viana","","","","","","","","Uruguay","Montevideo","Montevideo","2023-09-05 18:25:40","admin","IMPORT","0","","2026-10-05 09:33:00",""
"ADERAMA","ACC1947","ASOCIACION DE RESIDENCIALES DEL ADULTO MAYOR","ADERAMA","0","664","","Gremiales/Asociación","","aderama@cncs.com.uy","","0.00000000","","","","","","","","","","admin","0","0","0","0","0","","","TS03","VIG","L. Viana","","","","","","","","Uruguay","Montevideo","Montevideo","2023-09-05 18:25:40","admin","IMPORT","0","","2026-10-05 09:33:01","Montevideo"
"ASFU","ACC1949","ASOCIACION DE SALONES DE FIESTA DE URUGUAY","ASFU","0","682","","Gremiales/Asociación","","contacto@asfu.uy","","0.00000000","099291100","","","","","","","","","admin","0","0","0","0","0","","","TS03","BAJ","L. Viana","","","","","","","","Uruguay","","","2023-09-05 18:25:40","admin","IMPORT","0","","2026-10-05 09:33:01",""
"ADESU","ACC1950","ASOCIACION DE SECRETARIAS DEL URUGUAY","ADESU","215731830017","0","","Gremiales/Asociación","","info@adesu.org.uy","29007554","0.00000000","099684537","","","","","","","","","admin","0","0","0","0","0","","215731830017","TS03","BAJ","L. Viana","","","","","","","","Uruguay","","","2023-09-05 18:25:40","admin","IMPORT","0","","2026-10-05 09:33:02",""
"ATUADU","ACC1951","ASOCIACION DE TECNICOS UNIVERSITARIOS DEL URUGUAY","ATUADU","0","618","","Gremiales/Asociación","","atuadu@cncs.com.uy","","0.00000000","","","","","","","","","","admin","0","0","0","0","0","","","","","L. Viana","","","","","","","","Uruguay","","","2023-09-05 18:25:40","admin","IMPORT","0","","2026-10-05 09:33:02",""
"ACAU","ACC1952","ASOCIACION DEL COMERCIO AUTOMOTOR DEL URUGUAY","ACAU","0","5","","Gremiales/Asociación","","acau@acau.com.uy","29164440","0.00000000","","","","","","","","","","admin","0","0","0","0","0","","","TS03","VIG","L. Viana","","","","","","","","Uruguay","Montevideo","Montevideo","2023-09-05 18:25:40","admin","IMPORT","0","","2026-10-05 09:33:03","Montevideo"
"AE DE TACUAREMBO","ACC1953","ASOCIACION EMPRESARIAL DE TACUAREMBO","AET","190183710012","0","","Centro Comercial","","asemt318@gmail.com","46322505","0.00000000","099830329","","46332916","","","","","","","admin","0","0","0","0","0","","190183710012","TS03","VIG","L. Viana","","","","","","","","Uruguay","Tacuarembó","Tacuarembó","2023-09-05 18:25:40","admin","IMPORT","0","","2026-10-05 09:33:03","Tacuarembó"
"ANAFAP","ACC1954","ASOCIACION NACIONAL DE ADMINISTRADORES DE FONDOS DE AHORRO PREVISIONAL","ANAFAP","0","655","","Gremiales/Asociación","","anafap@cncs.com.uy","","0.00000000","","","","","","","","","","admin","0","0","0","0","0","","","TS03","VIG","L. Viana","","","","","","","","Uruguay","Montevideo","Montevideo","2023-09-05 18:25:40","admin","IMPORT","0","","2026-10-05 09:33:04","Montevideo"
"ANEAC","ACC1955","ASOCIACION NACIONAL DE EMPRESAS ADMINISTRADORAS DE CRÉDITOS","ANEAC","0","50","","Gremiales/Asociación","","cicaltex@cncs.com.uy","29161277 int. 124","0.00000000","","","","","","","","2","14. Intermediación financiera, seguros y pensiones","admin","0","0","0","0","0","","","TS03","VIG","Ma. Irene Viñeque","Rincón 454","Rincón 454","Montevideo","Montevideo","11000","11000","Uruguay","Uruguay","Montevideo","Montevideo","2023-09-05 18:25:40","admin","IMPORT","0","","2026-10-05 09:33:04","Montevideo"
"ANETRA","ACC1956","ASOCIACION NACIONAL DE EMPRESAS DE TRANSPORTE CARRETERO POR AUTOBUSES","ANETRA","0","222","","Gremiales/Asociación","www.anetra.com.uy","anetra@anetra.com.uy","24016404","0.00000000","","","","","","","","","","admin","0","0","0","0","0","","","TS03","BAJ","L. Viana","","","","","","","","Uruguay","","","2023-09-05 18:25:40","admin","IMPORT","0","","2026-10-05 09:33:05",""
"ANDIPEC","ACC1957","ASOCIACION NACIONAL DE INSTRUCTORES Y PROPIETARIOS DE ESCUELAS DE CONDUCIR","ANDIPEC","0","673","","Gremiales/Asociación","","abelfa@adinet.com.uy","","0.00000000","094305824","","","","","","","","","admin","0","0","0","0","0","","","TS03","BAJ","L. Viana","","","","","","","","Uruguay","","","2023-09-05 18:25:40","admin","IMPORT","0","","2026-10-05 09:33:05",""
"ANRCI","ACC1959","ASOCIACION NACIONAL DE REMATADORES, TASADORES Y CORREDORES INMOBILIARIOS","ANRCI","0","670","","Gremiales/Asociación","www.anrtci.uy/web/","gerencia@anrci.com.uy","29017366","0.00000000","","","","","","","","","","admin","0","0","0","0","0","","","TS03","VIG","L. Viana","","","","","","","","Uruguay","","","2023-09-05 18:25:40","admin","IMPORT","0","","2026-10-05 09:33:05",""
"ASOSUPER","ACC1960","ASOCIACION NACIONAL DE SUPERMERCADOS","ASOSUPER","215707460019","0","","Gremiales/Asociación","","","","0.00000000","","","","","","","","","","admin","0","0","0","0","0","","215707460019","TS03","VIG","L. Viana","","","","","","","","Uruguay","","","2023-09-05 18:25:40","admin","IMPORT","0","","2026-10-05 09:33:06",""
"AUDAP","ACC1961","ASOCIACION URUGUAYA DE AGENCIAS DE PUBLICIDAD","AUDAP","215017390010","0","","Gremiales/Asociación","","ecretaria@audap.com.uy","24022552","0.00000000","","","","","","","","","","admin","0","0","0","0","0","","215017390010","TS03","VIG","L. Viana","","","","","","","","Uruguay","Montevideo","Montevideo","2023-09-05 18:25:40","admin","IMPORT","0","","2026-10-05 09:33:06","Montevideo"
"AUDAVI","ACC1962","ASOCIACION URUGUAYA DE AGENCIAS DE VIAJES","AUDAVI","0","443","","Gremiales/Asociación","","audavi@audavi.com.uy","29012326","0.00000000","099595024","","","","","","","","","admin","0","0","0","0","0","","","TS03","BAJ","","","","","","","","","Uruguay","Montevideo","Montevideo","2023-09-05 18:25:40","ncladera@cncs.com.uy","IMPORT","0","","2026-10-05 09:33:07","Montevideo"
"AUDACA","ACC1963","ASOCIACION URUGUAYA DE AGENTES DE CARGA","AUDACA","0","17","","Gremiales/Asociación","","","","0.00000000","","","","","","","","","","admin","0","0","0","0","0","","","TS03","VIG","L. Viana","","","","","","","","Uruguay","Montevideo","Montevideo","2023-09-05 18:25:40","admin","IMPORT","0","","2026-10-05 09:33:07","Montevideo"
"AUDECCA","ACC1964","ASOCIACION URUGUAYA DE CASAS DE CAMBIO AUTORIZADAS","AUDECCA","0","40","","Gremiales/Asociación","","secretaria@audecca.com.uy","","0.00000000","","","","","","","","","","admin","0","0","0","0","0","","","TS03","VIG","L. Viana","","","","","","","","Uruguay","Montevideo","Montevideo","2023-09-05 18:25:40","admin","IMPORT","0","","2026-10-05 09:33:07","Montevideo"
"AUDEA","ACC1965","ASOCIACION URUGUAYA DE EMPRESAS ASEGURADORAS","AUDEA","0","203","","Gremiales/Asociación","","secretaria@audea.org.uy","24029896","0.00000000","","","","","","","","","","admin","0","0","0","0","0","","","TS03","VIG","L. Viana","","","","","","","","Uruguay","Montevideo","Montevideo","2023-09-05 18:25:40","admin","IMPORT","0","","2026-10-05 09:33:08","Montevideo"
"Aspen fm","ACC1967","Aspen fm","Aspen fm","0","0","","","","federicofiguera@icloud.com","","0.00000000","96858080","","","","","","","","","admin","0","0","0","0","0","","","","","D. Villar","","","","","","","","","","","2023-09-05 18:25:40","admin","IMPORT","0","","2026-10-05 09:33:08","Maldonado"
"ARREDO","ACC1968","ATLIMOY SA","ARREDO","216088930016","0","","Empresas Socias Directas","","comprasuy@arredo.com.uy","29012926","0.00000000","","","","","","Textiles - vestimentas - cuero y calzado","Grande (más 99)","","","admin","0","0","0","0","0","","216088930016","TS02","SOLIC-BAJA","L. Viana","","","","","","","","Uruguay","Montevideo","Montevideo","2023-09-05 18:25:40","admin","IMPORT","0","","2026-10-05 09:33:09","Montevideo"
"ATMA","ACC1969","Atma SA","ATMA","210001950010","0","","","","","2362 2181","0.00000000","","","","","","","Grande (más 99)","","","admin","0","0","0","0","0","","","","","","","","","","","","","","","","2023-09-05 18:25:40","admin","IMPORT","0","","2026-10-05 09:33:09","Canelones"
"AUTODATA","ACC1970","AUTODATA SRL","AUTODATA","215573920010","0","","","www.autodata.com.uy","","26221483","0.00000000","","","","","","","Pequeña (5 a 19)","","","admin","0","0","0","0","0","","","","","","","","","","","","","","","","2023-09-05 18:25:40","admin","IMPORT","0","","2026-10-05 09:33:09","Montevideo"
"BMW Motor Haus","ACC1971","AUTOMOTORES MOTOR HAUS SA","BMW Motor Haus","210195060016","0","","Empresas Socias Directas","","federico.bangerter@magnauy.com","","0.00000000","97549130","","","","","Automotriz- Motocicletas – Autopartes","Mediana (20 a 99)","","","admin","0","0","0","0","0","","210195060016","TS02","VIG","L. Viana","","","","","","","","Uruguay","Montevideo","Montevideo","2023-09-05 18:25:40","admin","IMPORT","0","","2026-10-05 09:33:10","Montevideo"
"AFSA","ACC1972","Automotriz Franco - Uruguaya SA","AFSA","211452010010","0","","Empresas Socias Directas","","aborreani@peugeot.com.uy","29020843","0.00000000","","","29020943","","","Automotriz- Motocicletas – Autopartes","Mediana (20 a 99)","17","10. Comercio en general","admin","0","0","0","0","0","","211452010010","TS02","VIG","L. Viana","","","","","","","","Uruguay","Montevideo","Montevideo","2023-09-05 18:25:40","admin","IMPORT","0","","2026-10-05 09:33:10","Montevideo"
"AVELINO ACEVEDO","ACC1973","AVELINO ACEVEDO SA","AVELINO ACEVEDO","210134170016","0","","Empresas Socias Directas","www.avelinoacevedo.com.uy","administracion@avelinoacevedo.com.uy","29006544","0.00000000","","","","","","Automotriz- Motocicletas – Autopartes","Pequeña (5 a 19)","17","10. Comercio en general","admin","0","0","0","0","1","","210134170016","TS02","VIG","L. Viana","","","","","","","","Uruguay","Montevideo","Montevideo","2023-09-05 18:25:40","admin","IMPORT","0","","2026-10-05 09:33:10","Montevideo"
"AYAX","ACC1974","AYAX SA","AYAX","210383480019","0","","Empresas Socias Directas","","proveedores@ayaxonline.com","29240918","0.00000000","","","","","","Automotriz- Motocicletas – Autopartes","Grande (más 99)","","","admin","0","0","0","0","1","","210383480019","TS01","VIG","L. Viana","","","","","","","","Uruguay","Montevideo","Montevideo","2023-09-05 18:25:40","admin","IMPORT","0","","2026-10-05 09:33:11","Montevideo"
"AZUCARLITO","ACC1975","AZUCARERA DEL LITORAL SA","AZUCARLITO","120003270018","0","","Empresas Socias Directas","www.azucarlito.com/inicio/","azupay@azucarlito.com","47225561","0.00000000","","","","","","Procesamiento y conservación de alimentos - bebidas y tabaco","Grande (más 99)","","","admin","0","0","0","0","0","","120003270018","TS02","VIG","L. Viana","","","","","","","","Uruguay","Montevideo","Montevideo","2023-09-05 18:25:40","admin","IMPORT","0","","2026-10-05 09:33:11","Paysandú"
"AZUCITRUS","ACC1976","AZUCITRUS SA","AZUCITRUS","120087840015","0","","Empresas Socias Directas","","pariettin@azucitrus.com.uy","47226621","0.00000000","","","","","","Viñedos - Cítricos - Fruticultura - Horticultura - floricultura","Grande (más 99)","6","23. Viñedos, fruticultura, horticultura, floricultura, criaderos de aves","admin","1","0","0","1","0","","120087840015","TS02","VIG","L. Viana","","","","","","","","Uruguay","Paysandú","Paysandú","2023-09-05 18:25:40","admin","IMPORT","0","","2026-10-05 09:33:12","Paysandú"
"Bado, Kuster, Zerbino & Rachetti","ACC1977","ITURRIA RICHARD RAUL, FERNANDEZ ZERBINO JAVIER JORGE Y OTRO","Bado, Kuster, Zerbino & Rachetti","211276570012","0","","Empresas Socias Directas","www.bkzr.com.uy","gkuster@bkzr.com.uy","29160310","0.00000000","","","","","","Servicios Profesionales- Técnicos Especializados -Certificaciones","Mediana (20 a 99)","Residual","19. Servicios profesionales, técnicos, especializados y aquellos no incluidos en otros grupos","admin","0","0","0","0","0","","211276570012","TS02","VIG","L. Viana","","","","","","","","Uruguay","Montevideo","Montevideo","2023-09-05 18:25:40","admin","IMPORT","0","","2026-10-05 09:33:12","Montevideo"
"Baldery","ACC1978","Baldery SA","Baldery","0","0","","","","victorinaguillermina@gmail.com","","0.00000000","98623849","","","","","","","","","admin","0","0","0","0","0","","","","","D. Villar","","","","","","","","","","","2023-09-05 18:25:40","admin","IMPORT","0","","2026-10-05 09:33:13","Cerro Largo"
"Frigorífico Paso de Los Toros","ACC1979","Bamidal SA","Frigorífico Paso de Los Toros","216382660012","0","","Empresas Socias Directas","www.foodsflavor.com","administracion@foodsflavor.com","99644547","0.00000000","","","29005497","","","Procesamiento y conservación de alimentos - bebidas y tabaco","Micro (1 a 4)","1","2. Industria frigorífica","admin","1","0","0","1","0","","216382660012","TS02","VIG","L. Viana","","","","","","","","Uruguay","Montevideo","Montevideo","2023-09-05 18:25:40","admin","IMPORT","0","","2026-10-05 09:33:13","Florida"
"BBVA","ACC1980","BANCO BILBAO VIZCAYA ARGENTARIA URUGUAY SA","BBVA","210196140013","0","","Empresas Socias Directas","","vmolfese@bbva.com","29172500","0.00000000","","","","","","Intermediación Financiera- Seguros- inversión","Grande (más 99)","1.1","14. Intermediación financiera, seguros y pensiones","admin","0","0","0","0","0","","210196140013","TS02","VIG","L. Viana","","","","","","","","Uruguay","Montevideo","Montevideo","2023-09-05 18:25:40","admin","IMPORT","0","","2026-10-05 09:33:13","Montevideo"
"BANCO SANTANDER","ACC1981","BANCO DE SANTANDER","BANCO SANTANDER","211307180016","0","","Empresas Socias Directas","","mfernandez@santander.com.uy","29161747","0.00000000","","","","","","Intermediación Financiera- Seguros- inversión","Grande (más 99)","1.1","14. Intermediación financiera, seguros y pensiones","admin","0","0","0","0","0","","211307180016","TS01","VIG","L. Viana","","","","","","","","Uruguay","Montevideo","Montevideo","2023-09-05 18:25:40","admin","IMPORT","0","","2026-10-05 09:33:14","Montevideo"
"BANCO HIPOTECARIO DEL URUGUAY","ACC1982","BANCO HIPOTECARIO DEL URUGUAY","BANCO HIPOTECARIO DEL URUGUAY","210639630014","0","","Empresas Socias Directas","","capitalhumano@bhu.net","1911","0.00000000","","","","","","Intermediación Financiera- Seguros- inversión","Grande (más 99)","1.1","14. Intermediación financiera, seguros y pensiones","admin","0","0","0","0","0","","210639630014","TS01","SOLIC-BAJA","L. Viana","","","","","","","","Uruguay","","","2023-09-05 18:25:40","admin","IMPORT","0","","2026-10-05 09:33:14","Montevideo"
"Banco Itau","ACC1983","BANCO ITAU URUGUAY SA","Banco Itau","215393460011","0","","Empresas Socias Directas","","jcairo@itau.com.uy","26242624 int 1294","0.00000000","","","","","","Intermediación Financiera- Seguros- inversión","Grande (más 99)","1.1","14. Intermediación financiera, seguros y pensiones","admin","0","0","0","0","0","","215393460011","TS01","VIG","L. Viana","","","","","","","","Uruguay","Montevideo","Montevideo","2023-09-05 18:25:40","admin","IMPORT","0","","2026-10-05 09:33:15","Montevideo"
"BROU","ACC1984","BANCO REPUBLICA ORIENTAL DEL URUGUAY","BROU","210465260012","0","","Empresas Socias Directas","","abastecimientos-licitaciones@brou.com.uy","1896 / 1996","0.00000000","","","","","","Intermediación Financiera- Seguros- inversión","Grande (más 99)","1.1","14. Intermediación financiera, seguros y pensiones","admin","0","0","0","0","0","","210465260012","TS01","VIG","L. Viana","","","","","","","","Uruguay","Montevideo","Montevideo","2023-09-05 18:25:40","admin","IMPORT","0","","2026-10-05 09:33:15","Montevideo"
"BANQUE HERITAGE URUGUAY","ACC1985","BANQUE HERITAGE URUGUAY","BANQUE HERITAGE URUGUAY","211106910017","0","","Empresas Socias Directas","","mvazquez@heritage.com.uy","29160177","0.00000000","","","","","","Intermediación Financiera- Seguros- inversión","Grande (más 99)","1.1","14. Intermediación financiera, seguros y pensiones","admin","0","0","0","0","0","","211106910017","TS01","VIG","L. Viana","","","","","","","","Uruguay","Montevideo","Montevideo","2023-09-05 18:25:40","admin","IMPORT","0","","2026-10-05 09:33:15","Montevideo"
"LOI - La oferta irresistible","ACC1986","Bantey SA","LOI - La oferta irresistible","215463840012","0","","Empresas Socias Directas","","andres.tejeria@loi.com.uy","29010151","0.00000000","","","","","","Procesamiento y conservación de alimentos - bebidas y tabaco","Mediana (20 a 99)","Residual","10. Comercio en general","admin","0","0","0","0","0","","215463840012","TS02","VIG","L. Viana","","","","","","","","Uruguay","","","2023-09-05 18:25:40","admin","IMPORT","0","","2026-10-05 09:33:16","Montevideo"
"BARCIA E HIJOS","ACC1987","BARCIA E HIJOS SRL","BARCIA E HIJOS","210166750018","0","","Empresas Socias Directas","www.barcia.com.uy","abarcia1670@gmail.com","29083738","0.00000000","","","","","","Productos Metalúrgicos-Maquinaria-Construcción","Micro (1 a 4)","","","admin","0","0","0","0","1","","210166750018","TS02","VIG","L. Viana","","","","","","","","Uruguay","Montevideo","Montevideo","2023-09-05 18:25:41","admin","IMPORT","0","","2026-10-05 09:33:16","Montevideo"
"BARDANCA CANEPA GASTON ANDRES Y MORALES FOURCADE ANDREA SOLEDAD","ACC1988","BARDANCA CANEPA GASTON ANDRES Y MORALES FOURCADE ANDREA SOLEDAD","BARDANCA CANEPA GASTON ANDRES Y MORALES FOURCADE ANDREA SOLEDAD","110432790016","0","","","","","22923409","0.00000000","","","","","","","Pequeña (5 a 19)","","","admin","0","0","0","0","0","","","","","","","","","","","","","","","","2023-09-05 18:25:41","admin","IMPORT","0","","2026-10-05 09:33:17","Canelones"
"Barraca Besozzi","ACC1989","Barraca Besozzi SRL","Barraca Besozzi","070194810012","0","","Empresas Socias Directas","www.barracabesozzi.com","sebastian@barracabesozzi.com","","0.00000000","99699108","","","","","Textiles - vestimentas - cuero y calzado","Pequeña (5 a 19)","","5. Industrias del Cuero, Vestimenta y Calzado","admin","0","0","0","1","0","","070194810012","TS02","VIG","L. Viana","","","","","","","","Uruguay","","","2023-09-05 18:25:41","admin","IMPORT","0","","2026-10-05 09:33:17","Florida"
"Alimentos Deambrosi","ACC1990","Barraca Deambrosi SA","Alimentos Deambrosi","210002880016","0","","Empresas Socias Directas","www.deambrosi.com.uy","natalia@deambrosi.com.uy","29243222","0.00000000","","","","","","Procesamiento y conservación de alimentos - bebidas y tabaco","Grande (más 99)","6.3","1. Procesamiento y conservación de alimentos, bebidas y tabaco","admin","0","0","0","0","1","","210002880016","TS02","VIG","L. Viana","","","","","","","","Uruguay","","","2023-09-05 18:25:41","admin","IMPORT","0","","2026-10-05 09:33:18","Montevideo"
"BARRACA JULIA","ACC1991","BARRACA JULIA SRL","BARRACA JULIA","20050690013","0","","Empresas Socias Directas","www.barracajulia.com.uy","barracajuliasrl@gmail.com","43359703","0.00000000","","","","","","Bazar-Ferretería-Pinturería","","","","admin","0","0","0","0","1","Socio","","","",".","","J.P ESPINO S/N","","","","","","Uruguay","Canelones","Canelones","2023-09-05 18:25:41","vpopovich@cncs.com.uy","IMPORT","0","","2026-10-05 09:33:18","Canelones"
"BASF Uruguaya","ACC1992","BASF URUGUAYA SA","BASF Uruguaya","210000520012","0","","Empresas Socias Directas","www.basf.com/uy/es.html","sandra.guebara@basf.com","26281818","0.00000000","","","","","","Tecnología-Telecomunicaciones- actividades conexas","Pequeña (5 a 19)","Residual","10. Comercio en general","admin","0","0","0","0","0","","210000520012","TS01","HON","L. Viana","","","","","","","","Uruguay","Montevideo","Montevideo","2023-09-05 18:25:41","admin","IMPORT","0","","2026-10-05 09:33:18","Montevideo"
"BASILIO BERNAT","ACC1993","BASILIO BERNAT SA","BASILIO BERNAT","210001740016","0","","Empresas Socias Directas","","","26288574","0.00000000","","","","","","Productos Metalúrgicos-Maquinaria-Construcción","","","","admin","0","0","0","0","0","","210001740016","TS02","HON","L.González","","","","","","","","","Montevideo","Montevideo","2023-09-05 18:25:41","admin","IMPORT","0","","2026-10-05 09:33:19","Montevideo"
"BAVASTRO E HIJOS","ACC1994","BAVASTRO CAVALLARO HECTOR Y BAVASTRO CAVALLARO EUGENIA","BAVASTRO E HIJOS","213384600012","0","","Empresas Socias Directas","www.bavastronline.com.uy/","REMATESBAVASTRO@ GMAIL.COM","29155801","0.00000000","","","","","","Servicios Profesionales- Técnicos Especializados -Certificaciones","Pequeña (5 a 19)","Residual","19. Servicios profesionales, técnicos, especializados y aquellos no incluidos en otros grupos","admin","0","0","0","0","1","","213384600012","TS02","VIG","L. Viana","","","","","","","","Uruguay","Montevideo","Montevideo","2023-09-05 18:25:41","admin","IMPORT","0","","2026-10-05 09:33:19","Montevideo"
"EQUIPOS CONSULTORES","ACC1995","BAY SA","EQUIPOS CONSULTORES","211447900011","0","","Empresas Socias Directas","www.equipos.com.uy","gnegrin@equipos.com.uy","24132543","0.00000000","99625437","","","","","Servicios Profesionales- Técnicos Especializados -Certificaciones","Pequeña (5 a 19)","13","19. Servicios profesionales, técnicos, especializados y aquellos no incluidos en otros grupos","admin","0","0","0","0","0","","211447900011","TS02","VIG","L. Viana","","","","","","","","Uruguay","Montevideo","Montevideo","2023-09-05 18:25:41","admin","IMPORT","0","","2026-10-05 09:33:20","Montevideo"
"LA IBERICA","ACC1996","BAZAR LA IBERICA SA","LA IBERICA","210121090019","0","","Empresas Socias Directas","","bazar@laiberica.com.uy","29016051","0.00000000","","","","","","Bazar-Ferretería-Pinturería","Mediana (20 a 99)","4","10. Comercio en general","admin","0","0","0","0","1","","210121090019","TS02","VIG","L. Viana","","","","","","","","Uruguay","Montevideo","Montevideo","2023-09-05 18:25:41","admin","IMPORT","0","","2026-10-05 09:33:20","Montevideo"
"BELTRAME Y CIA","ACC1997","BELTRAME Y COMPAÑÍA","BELTRAME Y CIA","210161710018","0","","Empresas Socias Directas","www.beltrame.com.uy","monicac@beltrame.com.uy","25089191","0.00000000","","","","","","Ganadería - Agricultura y Actividades Conexas","Mediana (20 a 99)","","","admin","0","0","0","0","1","","2101617100018","TS02","VIG","","","","","","","","","Uruguay","Montevideo","Montevideo","2023-09-05 18:25:41","admin","IMPORT","0","","2026-10-05 09:33:20","Montevideo"
"BERCHESI JUAN","ACC1998","BERCHESI MOURELLE JUAN","BERCHESI JUAN","1046633-7","0","","Empresas Socias Directas","","jberchesi@gmail.com","","0.00000000","","","","","","Other","","","","admin","0","0","0","0","0","","","TS01","VIG","L.González","","","","","","","","Uruguay","Montevideo","Montevideo","2023-09-05 18:25:41","admin","IMPORT","0","","2026-10-05 09:33:21","Montevideo"
"NUBCEO","ACC1999","BERSEFEL SA","NUBCEO","218492020014","0","","Empresas Socias Directas","www.nubceo.com/cash-uy","andrea.ameal@nubceo.com","","0.00000000","99609111","","","","","Tecnología-Telecomunicaciones- actividades conexas","","","","admin","0","0","0","0","0","","218492020014","TS02","VIG","L. Viana","","","","","","","","Uruguay","Montevideo","Montevideo","2023-09-05 18:25:41","admin","IMPORT","0","","2026-10-05 09:33:21","Montevideo"
"Bianchi Ferretería Industrial","ACC2000","BIANCHI HNOS. SA","Bianchi Ferretería Industrial","210003190013","0","","Empresas Socias Directas","www.bianchi.com.uy","GBIANCHI@BIANCHI.COM.UY","29022902 Int 124","0.00000000","","","","","","Bazar-Ferretería-Pinturería","Mediana (20 a 99)","","","admin","0","0","0","0","1","Socio","210003190013","TS02","VIG","L. Viana","","","","","","","","Uruguay","Montevideo","Montevideo","2023-09-05 18:25:41","vpopovich@cncs.com.uy","IMPORT","0","","2026-10-05 09:33:22","Montevideo"
"FrigoYi","ACC2001","Bilacor SA","FrigoYi","215294180010","0","","Empresas Socias Directas","www.frigoyi.com.uy","elema@frigoyi.com.uy","43627049","0.00000000","099687198","","","","","Industria Frigorífica","Grande (más 99)","","","admin","1","0","0","1","0","","215294180010","TS02","VIG","L. Viana","","","","","","","","Uruguay","","","2023-09-05 18:25:41","admin","IMPORT","0","","2026-10-05 09:33:22","Durazno"
"BIMSA","ACC2002","BIMSA","BIMSA","210220630011","0","","Empresas Socias Directas","www.bimsa.com.uy","skatz@bris.com.uy","25257880","0.00000000","","","","","","Vigilancia-Limpieza","Mediana (20 a 99)","","","admin","0","0","0","0","1","","210220630011","TS02","VIG","L. Viana","","","","","","","","Uruguay","Montevideo","Montevideo","2023-09-05 18:25:41","admin","IMPORT","0","","2026-10-05 09:33:23","Montevideo"
"AUTONOMÍA RENT A CAR","ACC2003","BINAFAR SA","AUTONOMÍA RENT A CAR","214171290013","0","","","","","23667466","0.00000000","","","","","","","Micro (1 a 4)","","","admin","0","0","0","0","1","","","","","","","","","","","","","Uruguay","","","2023-09-05 18:25:41","admin","IMPORT","0","","2026-10-05 09:33:23","Montevideo"
"BIOERIX","ACC2004","BIOERIX SA","BIOERIX","213168300014","0","","Empresas Socias Directas","www.bioerix.com.uy","cgonzalez@bioerix.com.uy","27081624","0.00000000","","","","","","Servicios de Salud y actividades conexas","Grande (más 99)","","","admin","0","0","0","0","0","","213168300014","TS02","VIG","L. Viana","","","","","","","","Uruguay","Montevideo","Montevideo","2023-09-05 18:25:41","admin","IMPORT","0","","2026-10-05 09:33:23","Montevideo"
"Biokey","ACC2005","BIOKEY SA","Biokey","211224230016","0","","","www.biokeyuruguay.com","","","0.00000000","99158498","","","","","","Mediana (20 a 99)","","","admin","0","0","0","0","0","","211224230016","","","","","","","","","","","Uruguay","","","2023-09-05 18:25:41","admin","IMPORT","0","","2026-10-05 09:33:24","Montevideo"
"BIOS","ACC2006","BIOS","BIOS","0","0","","","","larancet@bios.edu.uy","","0.00000000","92082415","","","","","Servicios de Enseñanza","","","","admin","0","0","0","0","0","","","","","D. Villar","","","","","","","","","","","2023-09-05 18:25:41","admin","IMPORT","0","","2026-10-05 09:33:24","Montevideo"
"Biotek Petrol","ACC2008","Biotek Petrol SRL","Biotek Petrol","217933520015","0","","","","dsalcedo@biotekpetrol.com","","0.00000000","97388801","","","","","","Micro (1 a 4)","","","admin","0","0","0","0","0","","217933520015","","","D. Villar","","","","","","","","","","","2023-09-05 18:25:41","admin","IMPORT","0","","2026-10-05 09:33:24","Montevideo"
"CAMBIO MATRIZ SERVICIOS FINANCIEROS","ACC2010","BLEIS SA","CAMBIO MATRIZ SERVICIOS FINANCIEROS","213123530010","0","","Empresas Socias Directas","www.cambiomatriz.com.uy","pablo.nattero@cambiomatriz.com.uy","29150800","0.00000000","","","","","","Intermediación Financiera- Seguros- inversión","Mediana (20 a 99)","6","14. Intermediación financiera, seguros y pensiones","admin","0","0","0","0","1","","213123530010","TS02","VIG","L. Viana","","","","","","","","Uruguay","Montevideo","Montevideo","2023-09-05 18:25:41","admin","IMPORT","0","","2026-10-05 09:33:25","Montevideo"
"LA PALMA","ACC2011","BLENGIO RAFFO ELENA ISABEL, AMARO BLENGIO MARCELO Y OTROS","LA PALMA","210972440011","0","","Empresas Socias Directas","","crmab@adinet.com.uy","29030780","0.00000000","","","","","","","","","","admin","0","0","0","0","1","","210972440011","","","","","","","","","","","Uruguay","","","2023-09-05 18:25:41","admin","IMPORT","0","","2026-10-05 09:33:25","Montevideo"
"ALTAVISTA LAB & TREND","ACC2012","BLIX SA","ALTAVISTA LAB & TREND","215142980014","0","","Empresas Socias Directas","","gustavo.alizondo@grupoaltavista.com.uy","29013646","0.00000000","98469744","","","","","","Pequeña (5 a 19)","","","admin","0","0","0","0","1","","215142980014","","","","","","","","","","","Uruguay","","","2023-09-05 18:25:41","admin","IMPORT","0","","2026-10-05 09:33:26","Montevideo"
"BMR Productos Culturales","ACC2013","BMR PRODUCTOS CULTURALES SRL","BMR Productos Culturales","216948950012","0","","Empresas Socias Directas","www.bmr.uy","nicolas@bmr.uy","","0.00000000","96677767","","","","","Other","Pequeña (5 a 19)","Residual","10. Comercio en general","admin","0","0","0","0","0","","216948950012","TS02","VIG","L. Viana","","","","","","","","Uruguay","Montevideo","Montevideo","2023-09-05 18:25:41","admin","IMPORT","0","","2026-10-05 09:33:26","Montevideo"
"Bodega Stagnari","ACC2014","Bodega Stagnari","Bodega Stagnari","214602950018","0","","","","contacto@stagnari.com","23692940","0.00000000","","","","","","","Pequeña (5 a 19)","","","admin","0","0","0","0","0","","","","","","","","","","","","","Uruguay","","","2023-09-05 18:25:41","admin","IMPORT","0","","2026-10-05 09:33:27",""
"Boehringer Ingelheim Animal Health Uruguay","ACC2015","BOEHRINGER INGELHEIM ANIMAL HEALTH URUGUAY SA","Boehringer Ingelheim Animal Health Uruguay","210213660016","0","Accounts::::CEV","Empresas Socias Directas","www.boehringer-ingelheim.com/sa/contactanos","cintia.camejo@boehringer-ingelheim.com","26235315 Int 9856","0.00000000","","","","","","Industria Farmacéutica","Mediana (20 a 99)","7","7. Industria química, del medicamento, farmacéutica, de combustibles y anexos","admin","0","0","0","0","0","","210213660016","TS02","VIG","L. Viana","","","","","","","","Uruguay","Montevideo","Montevideo","2023-09-05 18:25:41","admin","IMPORT","0","","2026-10-05 09:33:27","Montevideo"
"Bolsa de Valores de Montevideo","ACC2016","Bolsa de Valores de Montevideo SA","Bolsa de Valores de Montevideo","211322440015","0","","Empresas Socias Directas","","secretaria@bvm.com.uy","29165051","0.00000000","","bvm@bvm.com.uy","","","","Intermediación Financiera- Seguros- inversión","Pequeña (5 a 19)","","","admin","0","0","0","0","0","","211322440015","TS01","VIG","L. Viana","","","","","","","","Uruguay","","","2023-09-05 18:25:41","admin","IMPORT","0","","2026-10-05 09:33:28","Montevideo"
"BEVSA","ACC2017","Bolsa Electronica de Valores del Uruguay SA","BEVSA","212876430015","0","","Empresas Socias Directas","www.web.bevsa.com.uy/Default.aspx","administracion@bevsa.com.uy","29170000","0.00000000","","","","","","Intermediación Financiera- Seguros- inversión","Pequeña (5 a 19)","1.4","14. Intermediación financiera, seguros y pensiones","admin","0","0","0","0","0","","","TS02","VIG","L. Viana","WTC Torre III, of 1674","WTC Torre III, of 1674","","","","","","Uruguay","Montevideo","Montevideo","2023-09-05 18:25:41","admin","IMPORT","0","","2026-10-05 09:33:28","Montevideo"
"BONISTAR","ACC2018","BONISTAR SA","BONISTAR","213252280010","0","","Empresas Socias Directas","www.bonistar.com.uy","anibal.freire@bonistar.com.uy","46402036","0.00000000","99802326","","46402191","","","Ganadería - Agricultura y Actividades Conexas","Mediana (20 a 99)","5","1. Procesamiento y conservación de alimentos, bebidas y tabaco","admin","0","0","0","0","0","","213252280010","TS02","VIG","L. Viana","","","","","","","","Uruguay","Cerro Largo","Cerro Largo","2023-09-05 18:25:41","admin","IMPORT","0","","2026-10-05 09:33:29","Cerro Largo"
"BONSILCO","ACC2019","BONSILCO SA","BONSILCO","214574200013","0","","Empresas Socias Directas","www.elegibienestar.uy","mdiaz@bienestar.com.uy","45866962","0.00000000","","","","","","Servicios de Salud y actividades conexas","Grande (más 99)","","15.Servicios de salud y anexos","admin","0","0","0","0","0","","214574200013","TS02","BAJ","L. Viana","","","","","","","","Uruguay","","","2023-09-05 18:25:41","admin","IMPORT","0","","2026-10-05 09:33:29","Colonia"
"BOSCH & CIA","ACC2020","BOSCH Y CIA SA","BOSCH & CIA","210342360019","0","","","","","27084545","0.00000000","","","","","","","Grande (más 99)","","","admin","0","0","0","0","0","","","","","","","","","","","","","","","","2023-09-05 18:25:41","admin","IMPORT","0","","2026-10-05 09:33:29","Montevideo"
"BOTTI GASTRONOMÍA","ACC2021","BOTTI LEVRERO SA","BOTTI GASTRONOMÍA","214640970012","0","","","","daniel@danielbotti.uy","26829526","0.00000000","99603082","","","","","","Micro (1 a 4)","","","admin","0","0","0","0","1","","214640970012","","","","","","","","","","","","","","2023-09-05 18:25:41","admin","IMPORT","0","","2026-10-05 09:33:30","Canelones"
"Bounisol","ACC2022","BOUNISOL SA","Bounisol","217306650018","0","","","","cinzia.frigo@gmail.com","","0.00000000","99899717","","","","","","","","","admin","0","0","0","0","0","","","","","D. Villar","","","","","","","","","","","2023-09-05 18:25:41","admin","IMPORT","0","","2026-10-05 09:33:30","Canelones"
"Dentons - JIMENEZ DE ARECHAGA","ACC2023","BRAUSE JIMENEZ DE ARECHAGA VIRGINIA, VIANA FERBER HECTOR","Dentons - JIMENEZ DE ARECHAGA","214408730016","0","","Empresas Socias Directas","www.dentons.com/es/global-presence/latin-america-and-the-caribbean/uruguay","cecilia.gadola@dentons.com","29161460 Int 257","0.00000000","","","","","","Servicios Profesionales- Técnicos Especializados -Certificaciones","Pequeña (5 a 19)","","","admin","0","0","0","0","0","","214408730016","TS02","VIG","L. Viana","","","","","","","","Uruguay","Montevideo","Montevideo","2023-09-05 18:25:41","admin","IMPORT","0","","2026-10-05 09:33:31","Montevideo"
"BREEDERS & PACKERS URUGUAY","ACC2024","BREEDERS & PACKERS URUGUAY SA","BREEDERS & PACKERS URUGUAY","215343330017","0","","Empresas Socias Directas","www.bpumeat.com","info@bpumeat.com","46321700","0.00000000","","","","","","Industria Frigorífica","Grande (más 99)","","","admin","1","0","0","1","0","","215343330017","TS02","VIG","L. Viana","","","","","","","","Uruguay","Durazno","Durazno","2023-09-05 18:25:41","admin","IMPORT","0","","2026-10-05 09:33:31","Durazno"
"Brewpub","ACC2025","Brewpub SRL","Brewpub","40484710019","0","","","","blutundgold@gmail.com","","0.00000000","99946166","","","","","","Pequeña (5 a 19)","","","admin","0","0","0","0","0","","","","","D. Villar","","","","","","","","","","","2023-09-05 18:25:41","admin","IMPORT","0","","2026-10-05 09:33:32","Colonia"
"BRIAL","ACC2026","BRIAL SA","BRIAL","211531500010","0","","","","","","0.00000000","","","","","","","Pequeña (5 a 19)","","","admin","0","0","0","0","0","","","","","","","","","","","","","","","","2023-09-05 18:25:41","admin","IMPORT","0","","2026-10-05 09:33:32","Montevideo"
"BROCOS","ACC2027","BROCOS SA","BROCOS","211418120011","0","","Empresas Socias Directas","www.brocos.com.uy","brocos@brocos.com.uy","25223727","0.00000000","097971954","","","","","Procesamiento y conservación de alimentos - bebidas y tabaco","Mediana (20 a 99)","","","admin","0","0","0","0","0","","211418120011","TS02","VIG","L. Viana","","","","","","","","Uruguay","","","2023-09-05 18:25:41","admin","IMPORT","0","","2026-10-05 09:33:32","Montevideo"
"IAB URUGUAY","ACC2028","BUREAU URUGUAYO DE PUBLICIDAD INTERACTIVA","IAB URUGUAY","216820360014","62","","Gremiales/Asociación","","secretaria@iab.com.uy","29161277 int. 124","0.00000000","","","","","","","","","","admin","0","0","0","0","0","","GR062","TS03","VIG","Ma. Irene Viñeque","Rincón 454","Rincón 454","Montevideo","Montevideo","11000","11000","Uruguay","Uruguay","Montevideo","Montevideo","2023-09-05 18:25:41","admin","IMPORT","0","","2026-10-05 09:33:33","Montevideo"
"Residencial la Familia","ACC2029","BURGOS RIOS MARIA GABRIELA","Residencial la Familia","70215440014","0","","Socios Indirectos","","gabiburgos37@gmail.com","22095732","0.00000000","","","","","","","Micro (1 a 4)","","","admin","0","0","0","0","0","","","","","","","","","","","","","","","","2023-09-05 18:25:41","admin","IMPORT","0","","2026-10-05 09:33:33","Montevideo"
"GRUPO MANSILLA","ACC2030","BYLASOL SA","GRUPO MANSILLA","213300910015","0","","Empresas Socias Directas","www.grupomansilla.com","administracion@grupomansilla.com","26836186","0.00000000","","","","","","Industria Farmacéutica","Mediana (20 a 99)","","","admin","0","0","0","0","1","","213300910015","TS02","VIG","L. Viana","","","","","","","","Uruguay","","","2023-09-05 18:25:41","admin","IMPORT","0","","2026-10-05 09:33:34","Montevideo"
"BIODIAGNOSTICO","ACC2031","Cabinsur SA","BIODIAGNOSTICO","214818270015","0","Accounts::::CIEC","Empresas Socias Directas","www.biodiagnostico.com.uy","fjaurena@biodiagnostico.com.uy","24871537","0.00000000","","","","","","Servicios de Salud y actividades conexas","Mediana (20 a 99)","","","admin","0","0","0","0","0","","214818270015","TS02","VIG","L. Viana","","","","","","","","Uruguay","Montevideo","Montevideo","2023-09-05 18:25:41","admin","IMPORT","0","","2026-10-05 09:33:34","Montevideo"
"CACHI","ACC2032","CACHI SA","CACHI","210190140011","0","","","","","29163290","0.00000000","","","","","","","Pequeña (5 a 19)","","","admin","0","0","0","0","1","","210190140011","","","","","","","","","","","","","","2023-09-05 18:25:41","admin","IMPORT","0","","2026-10-05 09:33:34",""
"CADEMIL","ACC2033","CADEMIL SA","CADEMIL","215058850016","0","","Empresas Socias Directas","","","23071750","0.00000000","","","","","","","Pequeña (5 a 19)","","","admin","0","0","0","0","1","","215058850016","","","","","","","","","","","","Montevideo","","2023-09-05 18:25:41","admin","IMPORT","0","","2026-10-05 09:33:35",""
"CASANOVA PROPIEDADES","ACC2034","CAFER LTDA","CASANOVA PROPIEDADES","213454300012","0","","Empresas Socias Directas","","","24019330","0.00000000","","","","","","","Micro (1 a 4)","","","admin","0","0","0","0","1","","213454300012","","","","","","","","","","","","","","2023-09-05 18:25:41","admin","IMPORT","0","","2026-10-05 09:33:35","Montevideo"
"CALISET","ACC2035","CALISET SA","CALISET","211537760014","0","","Empresas Socias Directas","www.caliset.com","secretaria@caliset.com","29082833","0.00000000","","","29027175","","","Servicios Profesionales- Técnicos Especializados -Certificaciones","Mediana (20 a 99)","","","admin","0","0","0","0","1","","211537760014","TS02","VIG","L. Viana","","","","","","","","Uruguay","Montevideo","Montevideo","2023-09-05 18:25:41","admin","IMPORT","0","","2026-10-05 09:33:36","Montevideo"
"Grupo Calvelo","ACC2036","Calvelo Espondaburu Diego Fernando","Grupo Calvelo","217815060014","0","","Empresas Socias Directas","","cuitino@grupocalvelo.uy","29165435","0.00000000","094 271 010","contacto@grupocalvelo.uy","","","","Servicios Profesionales- Técnicos Especializados -Certificaciones","Mediana (20 a 99)","1","19. Servicios profesionales, técnicos, especializados y aquellos no incluidos en otros grupos","admin","0","0","211028000011","0","1","","217815060014","TS02","VIG","D. Villar","","","","","","","","","","","2023-09-05 18:25:41","admin","IMPORT","0","","2026-10-05 09:33:36","Montevideo"
"CALVO Y SILVA","ACC2037","CALVO Y SILVA SA","CALVO Y SILVA","211334550015","0","","","","calvoysilva@calvoysilva.com.uy","43192110","0.00000000","","","","","","","Mediana (20 a 99)","","","admin","0","0","0","0","1","","211334550015","","","","","","","","","","","","","","2023-09-05 18:25:41","admin","IMPORT","0","","2026-10-05 09:33:37","Florida"
"CCIA DE PANDO","ACC2038","CAMARA COMERCIAL INDUSTRIAL AGRARIA PANDO","CCIAP","110167120011","0","","Centro Comercial","","gerencia@ccipa.com.uy","22922276","0.00000000","","","22923376","","","","","","","admin","0","0","0","0","0","","110167120011","TS03","VIG","L. Viana","","","","Pando","","","","Uruguay","Canelones","Canelones","2023-09-05 18:25:41","admin","IMPORT","0","","2026-10-05 09:33:37",""
"CAPE","ACC2039","CAMARA DE AGENTES DE PESQUEROS EXTRANJEROS","CAPE","218538960014","658","","Gremiales/Asociación","","cape@cncs.com.uy","","0.00000000","","","","","","","","","","admin","0","0","0","0","0","","GR658","TS03","VIG","L. Viana","","","","","","","","Uruguay","Montevideo","Montevideo","2023-09-05 18:25:41","admin","IMPORT","0","","2026-10-05 09:33:37","Montevideo"
"CAU","ACC2040","CAMARA DE ANUNCIANTES DEL URUGUAY","CAU","0","173","","Gremiales/Asociación","www.anunciantes.com.uy/","gerencia@anunciantes.com.uy","27098611","0.00000000","","","","","","","","","","admin","0","0","0","0","0","","","TS03","VIG","L. Viana","","Gabriel Pereira 3181 / 201","","Montevideo","","","","Uruguay","Montevideo","Montevideo","2023-09-05 18:25:41","ncladera@cncs.com.uy","IMPORT","0","","2026-10-05 09:33:38","Montevideo"
"CCEEU","ACC2041","CAMARA DE CANTINAS DE ESPACIOS EDUCATIVOS DEL URUGUAY","CCEEU","0","681","","Gremiales/Asociación","","colectivocantinasuy@gmail.com","","0.00000000","094167436","marizolyoselin@hotmail.com","","","","","","","","admin","0","0","0","0","0","","","TS03","VIG","L. Viana","","","","","","","","Uruguay","Montevideo","Montevideo","2023-09-05 18:25:41","admin","IMPORT","0","","2026-10-05 09:33:38","Montevideo"
"CCU","ACC2042","CAMARA DE CARTELERIA DEL URUGUAY","CCU","0","640","","Gremiales/Asociación","","","","0.00000000","","","","","","","","","","admin","0","0","0","0","0","","","TS03","BAJ","L. Viana","","","","","","","","Uruguay","","","2023-09-05 18:25:41","admin","IMPORT","0","","2026-10-05 09:33:38",""
"CCAEE","ACC2044","CAMARA DE COMERCIO DE ARTICULOS DE ELECTRICIDAD Y ELECTRONICA","CCAEE","0","15","","Gremiales/Asociación","","ccaee@cncs.com.uy","","0.00000000","","","","","","","","","","admin","0","0","0","0","0","","","TS03","VIG","L. Viana","","","","","","","","Uruguay","Montevideo","Montevideo","2023-09-05 18:25:41","admin","IMPORT","0","","2026-10-05 09:33:39","Montevideo"
"C COM DE CIUDAD DE LA COSTA","ACC2045","CAMARA DE COMERCIO DE CIUDAD DE LA COSTA","CCCC","020585780018","677","","Centro Comercial","www.camaradelacosta.com.uy","camaradelacosta@gmail.com","","0.00000000","091202091","","","","","","","","","admin","0","0","0","0","0","","GR677","TS03","VIG","L. Viana","Av. Giannattasio esq. Calandria","Av. Giannattasio esq. Calandria","","Ciudad de la Costa","","","","Uruguay","Canelones","Canelones","2023-09-05 18:25:41","admin","IMPORT","0","","2026-10-05 09:33:39",""
"CCFC","ACC2046","CAMARA DE COMERCIO DE FOTO Y CINEMATOGRAFÍA","CCFC","0","36","","Gremiales/Asociación","","","","0.00000000","","","","","","","","","","admin","0","0","0","0","0","","","TS03","BAJ","L. Viana","","","","","","","","Uruguay","","","2023-09-05 18:25:41","admin","IMPORT","0","","2026-10-05 09:33:40",""
"CAMAGRO","ACC2047","CAMARA DE COMERCIO DE PRODUCTOS AGROQUIMICOS","CAMAGRO","0","164","","Gremiales/Asociación","","info@camagro.org.uy","","0.00000000","","","","","","","","","","admin","0","0","0","0","0","","","TS03","BAJ","L. Viana","","","","","","","","Uruguay","","","2023-09-05 18:25:41","admin","IMPORT","0","","2026-10-05 09:33:40",""
"Cámara de Comercio Dental y Afines","ACC2048","CAMARA DE COMERCIO DENTAL Y AFINES","Cámara de Comercio Dental y Afines","0","199","","Gremiales/Asociación","","camaradental@adinet.com.uy","","0.00000000","","","","","","","","","","admin","0","0","0","0","0","","","TS03","BAJ","L. Viana","","","","","","","","Uruguay","","","2023-09-05 18:25:41","admin","IMPORT","0","","2026-10-05 09:33:40",""
"CCTUCP","ACC2049","CAMARA DE COMERCIO TURISMO Y URBANISMO DE CARRASCO Y PUNTA GORDA","CCTUCP","0","476","","Gremiales/Asociación","","","","0.00000000","","","","","","","","","","admin","0","0","0","0","0","","","TS03","BAJ","L. Viana","","","","","","","","Uruguay","","","2023-09-05 18:25:41","admin","IMPORT","0","","2026-10-05 09:33:41",""
"CCNLGBT","ACC2050","CAMARA DE COMERCIO Y NEGOCIOS LGBT DE URUGUAY","CCNLGBT","0","656","","Gremiales/Asociación","","presidencia@camaralgbturuguay.com","22084532","0.00000000","97989363","","","","","","","","","admin","0","0","0","0","0","","","TS03","BAJ","L. Viana","","","","","","","","Uruguay","","","2023-09-05 18:25:41","admin","IMPORT","0","","2026-10-05 09:33:41",""
"CEDU","ACC2051","CAMARA DE DISEÑO DEL URUGUAY","CEDU","216786960018","0","","Gremiales/Asociación","","coordinacion@cdu.org.uy","","0.00000000","092311349","","","","","","","","","admin","0","0","0","0","0","","","TS03","SOLIC-BAJA","L. Viana","","","","","","","","Uruguay","Montevideo","Montevideo","2023-09-05 18:25:41","admin","IMPORT","0","","2026-10-05 09:33:42","Montevideo"
"Cámara de Editores","ACC2052","CAMARA DE EDITORES DE REVISTAS Y PERIODICOS DEL URUGUAY","Cámara de Editores","0","61","","Gremiales/Asociación","","","","0.00000000","","","","","","","","","","admin","0","0","0","0","0","","","TS03","BAJ","L. Viana","","","","","","","","Uruguay","","","2023-09-05 18:25:41","admin","IMPORT","0","","2026-10-05 09:33:42",""
"Cámara de Emergencias Móviles","ACC2053","CAMARA DE EMERGENCIAS MEDICAS MOVILES","Cámara de Emergencias Móviles","0","616","","Gremiales/Asociación","","camaraemergencias@montevideo.com.uy","24871055 Int 274","0.00000000","","","","","","","","","","admin","0","0","0","0","0","","","TS03","VIG","L. Viana","","","","","","","","Uruguay","","","2023-09-05 18:25:41","admin","IMPORT","0","","2026-10-05 09:33:42",""
"C EMPR DE FREE SHOPS","ACC2054","CAMARA DE EMPRESARIOS DE FREE SHOPS Y AFINES DEL URUGUAY","Empresarios de Free Shops","219585790012","622","","Gremiales/Asociación","","secretaria_general@freeshops.org.uy","26131842","0.00000000","94140280","","","","","","","","","admin","0","0","0","0","0","","GR622","TS03","VIG","L. Viana","","","","","","","","Uruguay","","","2023-09-05 18:25:41","admin","IMPORT","0","","2026-10-05 09:33:43",""
"CEISMU","ACC2055","CAMARA DE EMPRESAS DE INVESTIGACION SOCIAL Y DE MERCADO DEL URUGUAY","CEISMU","0","56","","Gremiales/Asociación","www.ceismu.org","ceismu@cncs.com.uy","29161277 int. 124","0.00000000","","","","","","","","13","19. Servicios profesionales, técnicos, especializados y aquellos no incluidos en otros grupos","admin","0","0","0","0","0","","","TS03","VIG","Ma. Irene Viñeque","Rincón 454","Rincón 454","Montevideo","Montevideo","11000","11000","Uruguay","Uruguay","Montevideo","Montevideo","2023-09-05 18:25:41","admin","IMPORT","0","","2026-10-05 09:33:43","Montevideo"
"CESFUR","ACC2056","CAMARA DE EMPRESAS DE SERVICIOS FINANCIEROS DEL URUGUAY","CESFUR","0","638","","Gremiales/Asociación","","cesfur@adinet.com.uy","","0.00000000","","","","","","","","","","admin","0","0","0","0","0","","","TS03","BAJ","L. Viana","","","","","","","","Uruguay","","","2023-09-05 18:25:41","admin","IMPORT","0","","2026-10-05 09:33:44",""
"CEGRU","ACC2057","CAMARA DE EMPRESAS GESTORAS DE RESIDUOS DEL URUGUAY","CEGRU","218827310019","652","","Gremiales/Asociación","","ejecutiva@cegru.org.uy","","0.00000000","92380509","","","","","","","","","admin","0","0","0","0","0","","GR652","TS03","VIG","L. Viana","","","","","","","","Uruguay","Montevideo","Montevideo","2023-09-05 18:25:41","admin","IMPORT","0","","2026-10-05 09:33:44","Montevideo"
"CEACU","ACC2058","CAMARA DE EMPRESAS Y AGENTES CULTURALES DEL URUGUAY","CEACU","0","674","","Gremiales/Asociación","","martin@bmr.uy","","0.00000000","","","","","","","","","","admin","0","0","0","0","0","","","TS03","EMSUS","","","","","","","","","Uruguay","Montevideo","Montevideo","2023-09-05 18:25:41","admin","IMPORT","0","","2026-10-05 09:33:44","Montevideo"
"Escuelas Artísticas","ACC2059","CAMARA DE ESCUELAS DE EDUCACIÓN ARTÍSTICA DEL URUGUAY","Escuelas Artísticas","219386390014","683","","Gremiales/Asociación","","","","0.00000000","","","","","","","","","","admin","0","0","0","0","0","","","TS03","VIG",".","","","","","","","","Uruguay","Montevideo","Montevideo","2023-09-05 18:25:41","admin","IMPORT","0","","2026-10-05 09:33:45","Montevideo"
"Cámara de Escuelas Técnicas","ACC2060","CAMARA DE ESCUELAS TECNICAS DEL URUGUAY","Cámara de Escuelas Técnicas","0","71","","Gremiales/Asociación","","","27074231","0.00000000","","","","","","","","","","admin","0","0","0","0","0","","","TS03","BAJ","L. Viana","","","","","","","","Uruguay","","","2023-09-05 18:25:41","admin","IMPORT","0","","2026-10-05 09:33:45",""
"CEFA","ACC2061","CAMARA DE ESPECIALIDADES FARMACEUTICAS Y AFINES","CEFA","0","633","","Gremiales/Asociación","","secretaria@cefa.uy","292092710","0.00000000","","","","","","","","","","admin","0","0","0","0","0","","","TS03","VIG","L. Viana","","","","","","","","Uruguay","Montevideo","Montevideo","2023-09-05 18:25:41","admin","IMPORT","0","","2026-10-05 09:33:45","Montevideo"
"CEV","ACC2062","CAMARA DE ESPECIALIDADES VETERINARIAS","CEV","0","21","","Gremiales/Asociación","","cev@cncs.com.uy","","0.00000000","","","","","","","","","","admin","0","0","0","0","0","","","TS03","VIG","L. Viana","","","","","","","","Uruguay","Montevideo","Montevideo","2023-09-05 18:25:41","admin","IMPORT","0","","2026-10-05 09:33:46","Montevideo"
"CEU","ACC2063","CAMARA DE EVENTOS DEL URUGUAY","CEU","0","680","","Gremiales/Asociación","","secretaria@ceu.com.uy","","0.00000000","","","","","","","","","","admin","0","0","0","0","0","","","TS03","VIG","L. Viana","","","","","","","","Uruguay","Montevideo","Montevideo","2023-09-05 18:25:41","admin","IMPORT","0","","2026-10-05 09:33:46","Montevideo"
"CAFPADU","ACC2064","CAMARA DE FERRETERÍAS, PINTURERÍAS Y AFINES DEL URUGUAY","CAFPADU","0","208","","Gremiales/Asociación","","cafpadu@gmail.com","29240221","0.00000000","","","","","","","","","","admin","0","0","0","0","0","","","TS03","VIG","L. Viana","","","","","","","","Uruguay","Montevideo","Montevideo","2023-09-05 18:25:41","admin","IMPORT","0","","2026-10-05 09:33:47","Montevideo"
"CIAMU","ACC2065","CAMARA DE IMPORTADORES DE ARMAS Y MUNICIONES DEL URUGUAY","CIAMU","0","63","","Gremiales/Asociación","","ciamu@cncs.com.uy","","0.00000000","","","","","","","","","","admin","0","0","0","0","0","","","TS03","SOLIC-BAJA","L. Viana","","","","","","","","Uruguay","","","2023-09-05 18:25:41","admin","IMPORT","0","","2026-10-05 09:33:47",""
"Cámara de Importadores de Artículos de Oficina Escolares Dibujo y Afines","ACC2066","CAMARA DE IMPORTADORES DE ARTICULOS DE OFICINA ESCOLARES DIBUJO Y AFINES","Cámara de Importadores de Artículos de Oficina Escolares Dibujo y Afines","0","629","","Gremiales/Asociación","","","","0.00000000","","","","","","","","","","admin","0","0","0","0","0","","","TS03","BAJ","L. Viana","","","","","","","","Uruguay","","","2023-09-05 18:25:41","admin","IMPORT","0","","2026-10-05 09:33:47",""
"CICALTEX","ACC2067","CAMARA DE IMPORTADORES DE CALZADO Y TEXTILES","CICALTEX","0","47","","Gremiales/Asociación","","cicaltex@cncs.com.uy","29161277 int. 124","0.00000000","","","","","","","","","10. Comercio en general","admin","0","0","0","0","0","","","TS03","VIG","Ma. Irene Viñeque","Rincón 454","Rincón 454","Montevideo","Montevideo","11000","11000","Uruguay","Uruguay","Montevideo","Montevideo","2023-09-05 18:25:41","admin","IMPORT","0","","2026-10-05 09:33:48","Montevideo"
"CADIMO","ACC2068","CAMARA DE IMPORTADORES DE MOTOCICLETAS","CADIMO","0","39","","Gremiales/Asociación","","","","0.00000000","","","","","","","","","","admin","0","0","0","0","0","","","TS03","VIG","L. Viana","","","","","","","","Uruguay","","","2023-09-05 18:25:41","admin","IMPORT","0","","2026-10-05 09:33:48",""
"CINU","ACC2069","CAMARA DE IMPORTADORES DE NEUMATICOS DEL URUGUAY","CINU","219585770011","644","","Gremiales/Asociación","","cinu@cncs.com.uy","","0.00000000","","","","","","","","","","admin","0","0","0","0","0","","GR644","TS03","VIG","L. Viana","","","","","","","","Uruguay","Montevideo","Montevideo","2023-09-05 18:25:42","admin","IMPORT","0","","2026-10-05 09:33:49","Montevideo"
"CIRAPA","ACC2070","CAMARA DE IMPORTADORES DE REPUESTOS Y ACCESORIOS PARA AUTOMOTORES","CIRAPA","0","627","","Gremiales/Asociación","","","","0.00000000","","","","","","","","","","admin","0","0","0","0","0","","","TS03","BAJ","L. Viana","","","","","","","","Uruguay","","","2023-09-05 18:25:42","admin","IMPORT","0","","2026-10-05 09:33:49",""
"Cámara de Importadores de Semen","ACC2071","CAMARA DE IMPORTADORES DE SEMEN","Cámara de Importadores de Semen","0","22","","Gremiales/Asociación","","","","0.00000000","","","","","","","","","","admin","0","0","0","0","0","","","TS03","BAJ","L. Viana","","","","","","","","Uruguay","","","2023-09-05 18:25:42","admin","IMPORT","0","","2026-10-05 09:33:49",""
"CIPA","ACC2073","CAMARA DE IMPORTADORES Y REPRESENTANTES DE PAPELES CARTULINAS Y AFINES","CIPA","0","38","","Gremiales/Asociación","","","","0.00000000","","","","","","","","","","admin","0","0","0","0","0","","","TS03","BAJ","L. Viana","","","","","","","","Uruguay","","","2023-09-05 18:25:42","admin","IMPORT","0","","2026-10-05 09:33:50",""
"CAMARA DE INFRAESTRUCTURA TECNICA PARA EVENTOS Y ESPECTACULOS","ACC2074","CAMARA DE INFRAESTRUCTURA TECNICA PARA EVENTOS Y ESPECTACULOS","CITEE","0","678","","Gremiales/Asociación","","ypaysal@montevideo.com.uy","","0.00000000","99425928","","","","","","","","","admin","0","0","0","0","0","","","TS03","VIG","L. Viana","","","","","","","","Uruguay","","","2023-09-05 18:25:42","admin","IMPORT","0","","2026-10-05 09:33:50",""
"CIPSES","ACC2075","CAMARA DE INSTALADORES PROFESIONALES DE SISTEMAS ELECTRONICOS DE SEGURIDAD","CIPSES","0","46","","Gremiales/Asociación","","cipses2015@gmail.com","","0.00000000","094383156","","","","","","","","","admin","0","0","0","0","0","","","TS03","VIG","L. Viana","","","","","","","","Uruguay","Montevideo","Montevideo","2023-09-05 18:25:42","admin","IMPORT","0","","2026-10-05 09:33:51","Montevideo"
"CIES","ACC2076","CAMARA DE INSTITUCIONES Y EMPRESAS DE SALUD","CIES","0","642","","Gremiales/Asociación","","sebastian.ferrero@saldain.com","27080019","0.00000000","","","","","","","","","","admin","0","0","0","0","0","","","TS03","VIG","L. Viana","","","","","","","","Uruguay","Montevideo","Montevideo","2023-09-05 18:25:42","admin","IMPORT","0","","2026-10-05 09:33:51","Montevideo"
"CIEC","ACC2077","CAMARA DE INSTRUMENTAL Y ESPECIALIDADES CIENTIFICAS","CIEC","0","27","","Gremiales/Asociación","","ciec@cncs.com.uy","","0.00000000","","","","","","","","","","admin","0","0","0","0","0","","","TS03","VIG","L. Viana","","","","","","","","Uruguay","Montevideo","Montevideo","2023-09-05 18:25:42","admin","IMPORT","0","","2026-10-05 09:33:51","Montevideo"
"AJOA","ACC2078","CAMARA DE JUEGOS OFICIALES DE AZAR","AJOA","0","20","","Gremiales/Asociación","","","","0.00000000","","","","","","","","","","admin","0","0","0","0","0","","","TS03","BAJ","L. Viana","","","","","","","","Uruguay","","","2023-09-05 18:25:42","admin","IMPORT","0","","2026-10-05 09:33:52",""
"CALU","ACC2079","CÁMARA DE LUBRICANTES DEL URUGUAY","CALU","0","65","","Gremiales/Asociación","www.calu.com.uy","calu@cncs.com.uy","29161277 int. 124","0.00000000","","","","","","","","","","admin","0","0","0","0","0","","","TS03","VIG","Ma. Irene Viñeque","Rincón 454","Rincón 454","Montevideo","Montevideo","11000","11000","Uruguay","Uruguay","Montevideo","Montevideo","2023-09-05 18:25:42","admin","IMPORT","0","","2026-10-05 09:33:52","Montevideo"
"CALPYC","ACC2080","CAMARA DE LUCHA CONTRA LA PIRATERIA Y EL CONTRABANDO","CALPYC","218352950019","0","","Gremiales/Asociación","","presidencia@calpyc.uy","","0.00000000","096344000","","","","","","","","","admin","0","0","0","0","0","","218352950019","TS03","VIG","L. Viana","","","","","","","","Uruguay","","","2023-09-05 18:25:42","admin","IMPORT","0","","2026-10-05 09:33:53",""
"CADESURC","ACC2081","CAMARA DE SUB AGENCIAS DE REDES DE COBRANZA","CADESURC","0","687","","Gremiales/Asociación","","","","0.00000000","","","","","","","","","","admin","0","0","0","0","0","","","TS03","VIG","L. Viana","","","","","","","","Uruguay","Montevideo","Montevideo","2023-09-05 18:25:42","admin","IMPORT","0","","2026-10-05 09:33:53","Montevideo"
"CTU","ACC2082","CAMARA DE TELECOMUNICACIONES DEL URUGUAY","CTU","0","52","","Gremiales/Asociación","","secretaria@telecomunicaciones.org.uy","","0.00000000","","","","","","","","","","admin","0","0","0","0","0","","","TS03","BAJ","L. Viana","","","","","","","","Uruguay","Montevideo","Montevideo","2023-09-05 18:25:42","admin","IMPORT","0","","2026-10-05 09:33:53","Montevideo"
"C ZONAS FRANCAS UY","ACC2083","CAMARA DE ZONAS FRANCAS DEL URUGUAY","CZFU","216364420013","74","","Gremiales/Asociación","","lydia.cazaban@czfuy.com","25182566 Int 1004","0.00000000","98830383","","","","","","","","","admin","0","0","0","0","0","","GR074","TS03","VIG","L. Viana","","","","","","","","Uruguay","Montevideo","Montevideo","2023-09-05 18:25:42","admin","IMPORT","0","","2026-10-05 09:33:54","Montevideo"
"CEMU","ACC2084","CAMARA EMPRESARIAL DE MUJERES DEL URUGUAY","CEMU","0","107","","Gremiales/Asociación","","","","0.00000000","","","","","","","","","","admin","0","0","0","0","0","","","TS03","BAJ","L. Viana","","","","","","","","Uruguay","","","2023-09-05 18:25:42","admin","IMPORT","0","","2026-10-05 09:33:54",""
"CESI","ACC2085","CAMARA EMPRESARIAL DE SEGURIDAD INTEGRAL DEL URUGUAY","CESI","0","641","","Gremiales/Asociación","","","","0.00000000","","","","","","","","","","admin","0","0","0","0","0","","","TS03","BAJ","L. Viana","","","","","","","","Uruguay","","","2023-09-05 18:25:42","admin","IMPORT","0","","2026-10-05 09:33:55",""
"C EMPR de MALDONADO-PUNTA DEL ESTE","ACC2086","CAMARA EMPRESARIAL MALDONADO-PUNTA DEL ESTE","CEMPE","0","195","","Centro Comercial","www.camaramaldonado.com","info@camaramaldonado.com","42222744","0.00000000","","","","","","","","","","admin","0","0","0","0","0","","","TS03","BAJ","L. Viana","","","","","","","","Uruguay","","","2023-09-05 18:25:42","admin","IMPORT","0","","2026-10-05 09:33:55",""
"CFU","ACC2087","CAMARA FRUTICOLA DEL URUGUAY","CFU","0","666","","Gremiales/Asociación","","camarafruticola@gmail.com","25075580","0.00000000","","","","","","","","","","admin","0","0","0","0","0","","","TS03","VIG","L. Viana","","","","","","","","Uruguay","","","2023-09-05 18:25:42","admin","IMPORT","0","","2026-10-05 09:33:55",""
"CIU","ACC2088","CAMARA INMOBILIARIA URUGUAYA","CIU","0","183","","Gremiales/Asociación","","secretaria@ciu.org.uy","29010485","0.00000000","","","29028266","","","","","","","admin","0","0","0","0","0","","","TS03","VIG","L. Viana","","","","","","","","Uruguay","Montevideo","Montevideo","2023-09-05 18:25:42","admin","IMPORT","0","","2026-10-05 09:33:56","Montevideo"
"CMUI","ACC2089","CAMARA MERCANTIL URUGUAY - ITALIA","CMUI","0","672","","Gremiales/Asociación","","","","0.00000000","","","","","","","","","","admin","0","0","0","0","0","","","TS03","BAJ","L. Viana","","","","","","","","Uruguay","","","2023-09-05 18:25:42","admin","IMPORT","0","","2026-10-05 09:33:56",""
"CUAM","ACC2090","CAMARA URUGUAYA DE AGENCIAS DE MEDIOS","CUAM","0","64","","Gremiales/Asociación","","cuam@cncs.com.uy","","0.00000000","","","","","","","","","","admin","0","0","0","0","0","","","TS03","VIG","L. Viana","","","","","","","","Uruguay","Montevideo","Montevideo","2023-09-05 18:25:42","admin","IMPORT","0","","2026-10-05 09:33:57","Montevideo"
"CUASA","ACC2091","CAMARA URUGUAYA DE AMBULANCIAS SIN ASISTENCIA","CUASA","0","684","","Gremiales/Asociación","","jcarballo@redmovil.com.uy","25085858","0.00000000","","","","","","","","","","admin","0","0","0","0","0","","","TS03","VIG","L. Viana","","","","","","","","Uruguay","Montevideo","Montevideo","2023-09-05 18:25:42","admin","IMPORT","0","","2026-10-05 09:33:57","Montevideo"
"CUAPROSE","ACC2092","CAMARA URUGUAYA DE ASESORES PROFESIONALES DE SEGUROS","CUAPROSE","0","228","","Gremiales/Asociación","","cuaprose@cuaprose.com.uy","29013548","0.00000000","","","","","","","","","","admin","0","0","0","0","0","","","TS03","BAJ","L. Viana","","","","","","","","Uruguay","Montevideo","Montevideo","2023-09-05 18:25:42","admin","IMPORT","0","","2026-10-05 09:33:57","Montevideo"
"Barracas de Lanas","ACC2093","CAMARA URUGUAYA DE BARRACAS DE CUEROS LANAS Y AFINES","Barracas de Lanas","0","53","","Gremiales/Asociación","","","","0.00000000","","","","","","","","","","admin","0","0","0","0","0","","","TS03","BAJ","L. Viana","","","","","","","","Uruguay","","","2023-09-05 18:25:42","admin","IMPORT","0","","2026-10-05 09:33:58",""
"CUDECAP","ACC2094","CAMARA URUGUAYA DE COMERCIANTES DE ARTICULOS PIROTECNICOS","CUDECAP","0","78","","Gremiales/Asociación","","","","0.00000000","","","","","","","","","","admin","0","0","0","0","0","","","TS03","BAJ","L. Viana","","","","","","","","Uruguay","","","2023-09-05 18:25:42","admin","IMPORT","0","","2026-10-05 09:33:58",""
"CUCACC","ACC2095","CAMARA URUGUAYA DE COOPERATIVA DE AHORRO Y CREDITO DE CAPITALIZACION","CUCACC","0","632","","Gremiales/Asociación","","cucacc@adinet.com.uy","24035492","0.00000000","","","","","","","","","","admin","0","0","0","0","0","","","TS03","VIG","L. Viana","","","","","","","","Uruguay","Montevideo","Montevideo","2023-09-05 18:25:42","admin","IMPORT","0","","2026-10-05 09:33:58","Montevideo"
"CAMARA URUGUAYA DE COURIER","ACC2096","CAMARA URUGUAYA DE COURIER","CUC","0","671","","Gremiales/Asociación","","cuc@cncs.com.uy","29161277 INT.119","0.00000000","","","","","","","","","","admin","0","0","0","0","0","","","TS03","VIG","L. Viana","","","","","","","","Uruguay","","Montevideo","2023-09-05 18:25:42","admin","IMPORT","0","","2026-10-05 09:33:59",""
"CUES","ACC2097","CAMARA URUGUAYA DE EMPRESAS DE SEGURIDAD","CUES","0","33","","Gremiales/Asociación","","04ap47@gmail.com","","0.00000000","","","","","","","","","","admin","0","0","0","0","0","","","TS03","VIG","L. Viana","","","","","","","","Uruguay","Montevideo","Montevideo","2023-09-05 18:25:42","admin","IMPORT","0","","2026-10-05 09:33:59","Montevideo"
"CUESA","ACC2098","CAMARA URUGUAYA DE EMPRESAS DE SERVICIOS DE ACOMPAÑANTES","CUESA","0","54","","Gremiales/Asociación","","cuesa@cncs.com.uy","","0.00000000","","","","","","","","","","admin","0","0","0","0","0","","","TS03","VIG","L. Viana","","","","","","","","Uruguay","Montevideo","Montevideo","2023-09-05 18:25:42","admin","IMPORT","0","","2026-10-05 09:34:00","Montevideo"
"CUDESP","ACC2099","CAMARA URUGUAYA DE EMPRESAS SUMINISTRADORAS DE PERSONAL","CUDESP","00000004101998","613","","Gremiales/Asociación","","glopez@eventuales.com.uy","29088999","0.00000000","","","","","","","","","","admin","0","0","0","0","0","","","TS03","VIG","","","","","","","","","Uruguay","Montevideo","Montevideo","2023-09-05 18:25:42","ncladera@cncs.com.uy","IMPORT","0","","2026-10-05 09:34:00","Montevideo"
"CUEC","ACC2100","CAMARA URUGUAYA DE EVALUADORES DE LA CONFORMIDAD","CUEC","219596330018","667","","Gremiales/Asociación","","cuec@cncs.com.uy","","0.00000000","","","","","","","","","","admin","0","0","0","0","0","","GR667","TS03","VIG","L. Viana","","","","","","","","Uruguay","Montevideo","Montevideo","2023-09-05 18:25:42","admin","IMPORT","0","","2026-10-05 09:34:00","Montevideo"
"CUFA","ACC2101","CAMARA URUGUAYA DE FARMACIAS Y AFINES","CUFA","0","675","","Gremiales/Asociación","","","","0.00000000","","","","","","","","","","admin","0","0","0","0","0","","","TS03","VIG","L. Viana","","","","","","","","Uruguay","","","2023-09-05 18:25:42","admin","IMPORT","0","","2026-10-05 09:34:01",""
"CAUFRAN","ACC2102","CAMARA URUGUAYA DE FRANQUICIAS","CAUFRAN","0","59","","Gremiales/Asociación","","secretario@caufran.org","29049234","0.00000000","99600894","","","","","","","","","admin","0","0","0","0","0","","","TS03","EMSUS","","","","","","","","","Uruguay","","","2023-09-05 18:25:42","admin","IMPORT","0","","2026-10-05 09:34:01",""
"Gas Licuado","ACC2103","CAMARA URUGUAYA DE GAS LICUADO","Gas Licuado","0","51","","Gremiales/Asociación","","gaslicuado@cncs.com.uy","","0.00000000","","","","","","","","","","admin","0","0","0","0","0","","","TS03","VIG","L. Viana","","","","","","","","Uruguay","Montevideo","Montevideo","2023-09-05 18:25:48","admin","IMPORT","0","","2026-10-05 09:34:01","Montevideo"
"CUIMOI","ACC2104","CAMARA URUGUAYA DE IMPORTADORES DE MAQUINAS DE OFICINA E INFORMATICA","CUIMOI","0","30","","Gremiales/Asociación","","gerencia@cuimoi.com.uy","26280697","0.00000000","094383156","","","","","","","","","admin","0","0","0","0","0","","","TS03","VIG","L. Viana","","","","","","","","Uruguay","Montevideo","Montevideo","2023-09-05 18:25:48","admin","IMPORT","0","","2026-10-05 09:34:02","Montevideo"
"CALOG","ACC2105","CAMARA URUGUAYA DE LOGISTICA","CALOG","0","123","","Gremiales/Asociación","","","","0.00000000","","","","","","","","","","admin","0","0","0","0","0","","","TS03","BAJ","L. Viana","","","","","","","","Uruguay","","","2023-09-05 18:25:48","admin","IMPORT","0","","2026-10-05 09:34:03",""
"Cámara de Perfumería y Cosmética","ACC2106","CAMARA URUGUAYA DE PERFUMERIA COSMETICA Y ARTICULOS DE TOCADOR","Cámara de Perfumería y Cosmética","0","600","","Gremiales/Asociación","","","26040464","0.00000000","","","","","","","","","","admin","0","0","0","0","0","","","TS03","BAJ","L. Viana","","","","","","","","Uruguay","","","2023-09-05 18:25:48","admin","IMPORT","0","","2026-10-05 09:34:03",""
"CUPO","ACC2107","CAMARA URUGUAYA DE PRODUCTOS ORTOPEDICOS","CUPO","0","665","","Gremiales/Asociación","","secretaria.cupo@gmail.com","095500600","0.00000000","","","099699577","","","","","","","admin","0","0","0","0","0","","","TS03","SOLIC-BAJA","L. Viana","","","","","","","","Uruguay","","","2023-09-05 18:25:48","admin","IMPORT","0","","2026-10-05 09:34:03",""
"CUSA","ACC2108","CAMARA URUGUAYA DE SERVICIOS DE AMBULANCIAS","CUSA","0","55","","Gremiales/Asociación","","","","0.00000000","","","","","","","","","","admin","0","0","0","0","0","","","TS03","BAJ","L. Viana","","","","","","","","Uruguay","","","2023-09-05 18:25:48","admin","IMPORT","0","","2026-10-05 09:34:04",""
"CUSAI","ACC2109","CAMARA URUGUAYA DE SERVICIOS DE ARQUITECTURA E INGENIERIA","CUSAI","0","663","","Gremiales/Asociación","","cusai@cncs.com.uy","","0.00000000","","","","","","","","","","admin","0","0","0","0","0","","","TS03","VIG","L. Viana","","","","","","","","Uruguay","Montevideo","Montevideo","2023-09-05 18:25:48","admin","IMPORT","0","","2026-10-05 09:34:04","Montevideo"
"CUTCC","ACC2110","CAMARA URUGUAYA DE TARJETAS DE CREDITO Y COMPRA","CUTCC","0","43","","Gremiales/Asociación","","","","0.00000000","","","","","","","","","","admin","0","0","0","0","0","","214967200019","TS03","BAJ","L. Viana","","","","","","","","Uruguay","","","2023-09-05 18:25:48","admin","IMPORT","0","","2026-10-05 09:34:05",""
"CUTI","ACC2111","CAMARA URUGUAYA DE TECNOLOGIAS DE LA INFORMACION","CUTI","0","185","","Gremiales/Asociación","","","","0.00000000","","","","","","","","","","admin","0","0","0","0","0","","","TS03","BAJ","L. Viana","","","","","","","","Uruguay","","","2023-09-05 18:25:48","admin","IMPORT","0","","2026-10-05 09:34:05",""
"Televisión para Abonados","ACC2112","CAMARA URUGUAYA DE TELEVISION PARA ABONADOS","Televisión para Abonados","0","582","","Gremiales/Asociación","","","","0.00000000","","","","","","","","","","admin","0","0","0","0","0","","","TS03","BAJ","L. Viana","","","","","","","","Uruguay","","","2023-09-05 18:25:48","admin","IMPORT","0","","2026-10-05 09:34:06",""
"CUVEDI","ACC2113","CAMARA URUGUAYA DE VENTA DIRECTA","CUVEDI","0","58","","Gremiales/Asociación","","cuvedi@cncs.com.uy","29161277 int. 124","0.00000000","","","","","","","","","","admin","0","0","0","0","0","","","TS03","VIG","Ma. Irene Viñeque","Rincón 454","Rincón 454","Montevideo","Montevideo","11000","11000","Uruguay","Uruguay","Montevideo","Montevideo","2023-09-05 18:25:48","admin","IMPORT","0","","2026-10-05 09:34:06","Montevideo"
"CUD","ACC2115","CAMARA URUGUAYA DEL DISCO","CUD","0","631","","Gremiales/Asociación","","","","0.00000000","","","","","","","","","","admin","0","0","0","0","0","","","TS03","BAJ","L. Viana","","","","","","","","Uruguay","","","2023-09-05 18:25:48","admin","IMPORT","0","","2026-10-05 09:34:06",""
"CUL","ACC2116","CAMARA URUGUAYA DEL LIBRO","CUL","0","198","","Gremiales/Asociación","","secretariaejecutiva@cul.com.uy","29169374","0.00000000","","","","","","","","","","admin","0","0","0","0","0","","","TS03","VIG","L. Viana","","","","","","","","Uruguay","Montevideo","Montevideo","2023-09-05 18:25:48","admin","IMPORT","0","","2026-10-05 09:34:07","Montevideo"
"CURJPN","ACC2117","CAMARA URUGUAYO JAPONESA DE COMERCIO E INDUSTRIA","CURJPN","215721380019","0","","Gremiales/Asociación","","curjpn@hotmail.com","29153162","0.00000000","","","","","","","","","","admin","0","0","0","0","0","","215721380019","TS03","VIG","L. Viana","","","","","","","","Uruguay","","","2023-09-05 18:25:48","admin","IMPORT","0","","2026-10-05 09:34:07",""
"CAMPONUEVO","ACC2118","Campo Nuevo SRL","CAMPONUEVO","200079870018","0","","","","dachlambach@gmail.com","","0.00000000","99850918","","","","","","Micro (1 a 4)","","","admin","0","0","0","0","0","","200079870018","","","D. Villar","","","","","","","","Uruguay","","","2023-09-05 18:25:48","admin","IMPORT","0","","2026-10-05 09:34:08","Treinta y Tres"
"CANARIAS","ACC2119","CANARIAS SA","CANARIAS","110050620014","0","","Empresas Socias Directas","www.canarias.com.uy","sizquierdo@canarias.com.uy","22882342","0.00000000","","","","","","Procesamiento y conservación de alimentos - bebidas y tabaco","Mediana (20 a 99)","10","10. Comercio en general","admin","0","0","0","0","0","","110050620014","TS02","VIG","L. Viana","","","","","","","","Uruguay","Canelones","Canelones","2023-09-05 18:25:48","admin","IMPORT","0","","2026-10-05 09:34:08","Canelones"
"CANDYSUR","ACC2120","CANDYSUR SA","CANDYSUR","212454170013","0","","Empresas Socias Directas","www.candysur.com.uy","candysur@candysur.com.uy","26040000","0.00000000","","","","","","Logística –Transporte – Distribuidora - Almacenamiento","Grande (más 99)","12","13. Transporte y almacenamiento","admin","0","0","0","0","0","","212454170013","TS02","VIG","L. Viana","","","","","","","","Uruguay","Canelones","Canelones","2023-09-05 18:25:48","admin","IMPORT","0","","2026-10-05 09:34:09","Canelones"
"Norberto Cánepa Santos® Propiedades Industriales , Logísticas y Campos","ACC2121","Canepa Carrau Norberto","Norberto Cánepa Santos® Propiedades Industriales , Logísticas y Campos","160106980017","0","","Empresas Socias Directas","","n.canepa@canepapropiedades.com.uy","26017011","0.00000000","99668018","","","","","Servicios Profesionales- Técnicos Especializados -Certificaciones","Micro (1 a 4)","","","admin","0","0","0","0","1","","160106980017","TS01","VIG","L. Viana","","","","","","","","Uruguay","","Montevideo","2023-09-05 18:25:48","admin","IMPORT","0","","2026-10-05 09:34:09","Montevideo"
"CARDAMA","ACC2122","CARDAMA SA","CARDAMA","210374640017","0","","Empresas Socias Directas","www.cardama.com","andrea@cardama.com","22220080","0.00000000","","","","","","Industria Frigorífica","Mediana (20 a 99)","1","2. Industria frigorífica","admin","1","0","0","1","0","","210374640017","TS02","VIG","L. Viana","","","","","","","","Uruguay","Montevideo","Montevideo","2023-09-05 18:25:48","admin","IMPORT","0","","2026-10-05 09:34:10","Montevideo"
"CARE CALIFICADORA DE RIESGOS","ACC2123","CARE CALIFICADORA DE RIESGOS SRL","CARE CALIFICADORA DE RIESGOS","213826500018","0","","Empresas Socias Directas","www.care.com.uy","colaso@care.com.uy","29148866","0.00000000","","","","","","Intermediación Financiera- Seguros- inversión","Micro (1 a 4)","","","admin","0","0","0","0","0","","213826500018","TS02","VIG","L. Viana","","","","","","","","Uruguay","Montevideo","Montevideo","2023-09-05 18:25:48","admin","IMPORT","0","","2026-10-05 09:34:10","Montevideo"
"VINIBEL","ACC2124","CAREY SA","VINIBEL","210130300012","0","","Empresas Socias Directas","www.vinibel.com.uy","administracion@vinibel.com.uy","22005627","0.00000000","","","","","","Productos Metalúrgicos-Maquinaria-Construcción","Mediana (20 a 99)","1","10. Comercio en general","admin","0","0","0","0","1","","210130300012","TS02","VIG","L. Viana","","","","","","","","Uruguay","Montevideo","Montevideo","2023-09-05 18:25:48","admin","IMPORT","0","","2026-10-05 09:34:10","Montevideo"
"CARLOS GUTIERREZ","ACC2125","CARLOS GUTIERREZ SA","CARLOS GUTIERREZ","210259960012","0","","Empresas Socias Directas","www.carlosgutierrez.com.uy","juliana@carlosgutierrez.com.uy","29027737","0.00000000","","","","","","Bazar-Ferretería-Pinturería","Mediana (20 a 99)","2","10. Comercio en general","admin","0","1","0","0","1","","210259960012","TS02","VIG","L. Viana","","","","","","","","Uruguay","Montevideo","Montevideo","2023-09-05 18:25:48","admin","IMPORT","0","","2026-10-05 09:34:11","Montevideo"
"CARLOS ROTHER Y CIA","ACC2126","CARLOS ROTHER Y CIA","CARLOS ROTHER Y CIA","210274360012","0","","","","","24871269","0.00000000","","","","","","","Pequeña (5 a 19)","","","admin","0","0","0","0","0","","","","","","","","","","","","","Uruguay","","","2023-09-05 18:25:48","admin","IMPORT","0","","2026-10-05 09:34:11","Montevideo"
"CARRAU Y COMPAÑÍA","ACC2127","CARRAU Y COMPAÑÍA SA","CARRAU Y COMPAÑÍA","210000950017","0","","Empresas Socias Directas","www.carrau.com.uy","carrau@carrau.com.uy","25086751","0.00000000","","","","","","Procesamiento y conservación de alimentos - bebidas y tabaco","Grande (más 99)","","","admin","0","1","0","0","1","","210000950017","TS01","VIG","","","","","","","","","Uruguay","Montevideo","Montevideo","2023-09-05 18:25:48","admin","IMPORT","0","","2026-10-05 09:34:12","Montevideo"
"CASINO IMPORTACIONES","ACC2128","CASINOS IMPORTACIONES SA","CASINO IMPORTACIONES","215084930013","0","","Empresas Socias Directas","www.casinoimportaciones.com.uy","lgerpe@elclon.com.uy","25112484","0.00000000","","","","","","Supermercados- Centro Comerciales- Retail","Grande (más 99)","","","admin","0","1","0","0","0","","215084930013","TS02","VIG","L. Viana","","","","","","","","Uruguay","Montevideo","Montevideo","2023-09-05 18:25:48","admin","IMPORT","0","","2026-10-05 09:34:12","Montevideo"
"CASTAGNA Y ALONSO","ACC2129","CASTAGNA Y ALONSO SOCIEDAD COLECTIVA","CASTAGNA Y ALONSO","210167850016","0","","Empresas Socias Directas","","cya@cya.com.uy","29153638","0.00000000","","","","","","Servicios Profesionales- Técnicos Especializados -Certificaciones","Pequeña (5 a 19)","1","19. Servicios profesionales, técnicos, especializados y aquellos no incluidos en otros grupos","admin","0","0","0","0","1","","210167850016","TS02","VIG","L. Viana","","","","","","","","Uruguay","Montevideo","Montevideo","2023-09-05 18:25:48","admin","IMPORT","0","","2026-10-05 09:34:13","Montevideo"
"CASTELLS","ACC2130","CASTELLS PEREZ JUAN, CASTELLS PEREYRA ANDRES Y OTROS","CASTELLS","212502750010","0","","Empresas Socias Directas","www.subastascastells.com/frontend.home.aspx","santiagocastells@castells.com.uy","29007300","0.00000000","","","","","","Servicios Profesionales- Técnicos Especializados -Certificaciones","Mediana (20 a 99)","","","admin","0","0","0","0","1","","212502750010","TS01","VIG","L. Viana","","","","","","","","Uruguay","Montevideo","Montevideo","2023-09-05 18:25:48","admin","IMPORT","0","","2026-10-05 09:34:13","Montevideo"
"Farmacia Cormar","ACC2131","CASTIGLIA GIMENEZ MARIO JHONNY","Farmacia Cormar","040290040018","0","","Empresas Socias Directas","","farmacormar230497@gmail.com","45864094","0.00000000","99521414","","","","","Industria Farmacéutica","Pequeña (5 a 19)","","","admin","0","0","0","0","0","","040290040018","TS02","BAJ","L. Viana","","","","Juan Lacaze","","","","Uruguay","Montevideo","Colonia","2023-09-05 18:25:48","admin","IMPORT","0","","2026-10-05 09:34:13","Colonia"
"CASTILLA FLORES","ACC2132","CASTILLA FLORES SRL","CASTILLA FLORES","211917010017","0","","Empresas Socias Directas","www.castillaflores.com","floreria@castillaflores.com","29165262","0.00000000","","","","","","Other","Micro (1 a 4)","","","admin","0","0","0","0","1","","211917010017","TS02","VIG","L. Viana","","","","","","","","Uruguay","Montevideo","Montevideo","2023-09-05 18:25:48","admin","IMPORT","0","","2026-10-05 09:34:14","Montevideo"
"CENTRO DE CONSTRUCCIÓN DE CARDIOESTIMULADORES DEL URUGUAY","ACC2133","CCC del Uruguay SA","CENTRO DE CONSTRUCCIÓN DE CARDIOESTIMULADORES DEL URUGUAY","210704180014","0","","","","ccira@hotmail.com","","0.00000000","94721498","","","","","","Grande (más 99)","","","admin","0","0","0","0","0","","210704180014","","","D. Villar","","","","","","","","","","","2023-09-05 18:25:48","admin","IMPORT","0","","2026-10-05 09:34:14","Montevideo"
"CEA CONSULTORES DE EMPRESAS ASOCIADOS","ACC2134","CEA CONSULTORES DE EMPRESAS ASOCIADOS SRL","CEA CONSULTORES DE EMPRESAS ASOCIADOS","216282470017","0","","","","nellymorganti@gmail.com","","0.00000000","","","","","","","Micro (1 a 4)","","","admin","0","0","0","0","0","","","","","D. Villar","","","","","","","","","","","2023-09-05 18:25:48","admin","IMPORT","0","","2026-10-05 09:34:15","Montevideo"
"TRIEX","ACC2135","Celuloide SA","TRIEX","213149970018","0","","","","aarocena@triex.com.uy","","0.00000000","94240808","","","","","","","","","admin","0","0","0","0","0","","213149970018","","","D. Villar","","","","","","","","","","","2023-09-05 18:25:48","admin","IMPORT","0","","2026-10-05 09:34:15","Montevideo"
"CEMENTOS ARTIGAS","ACC2136","CEMENTOS ARTIGAS SA","CEMENTOS ARTIGAS","210130610011","0","","Empresas Socias Directas","www.cementosartigas.com.uy","plantasayago@cartigas.com.uy","23092810","0.00000000","","","","","","Productos Metalúrgicos-Maquinaria-Construcción","Grande (más 99)","","","admin","0","0","0","0","0","","210130610011","TS01","VIG","L. Viana","","","","","","","","Uruguay","Montevideo","Montevideo","2023-09-05 18:25:48","admin","IMPORT","0","","2026-10-05 09:34:16","Montevideo"
"CENTRAL LANERA URUGUAYA","ACC2137","CENTRAL LANERA URUGUAYA","CENTRAL LANERA URUGUAYA","210386270015","0","","Empresas Socias Directas","www.central-lanera.com.uy/sitio/","productores@central-lanera.com.uy","29026888","0.00000000","","","","","","Ganadería - Agricultura y Actividades Conexas","Mediana (20 a 99)","","","admin","1","0","0","1","0","","210386270015","TS02","SOLIC-BAJA","L. Viana","","","","","","","","Uruguay","Montevideo","Montevideo","2023-09-05 18:25:48","admin","IMPORT","0","","2026-10-05 09:34:16","Montevideo"
"CENTRO AUDITIVO DEL URUGUAY","ACC2138","CENTRO AUDITIVO DEL URUGUAY LTDA","CENTRO AUDITIVO DEL URUGUAY","210440970016","0","","Empresas Socias Directas","www.centroauditivo.com.uy/","gerencia@centroauditivo.com.uy","29027212","0.00000000","","","","","","Servicios de Salud y actividades conexas","Pequeña (5 a 19)","Residual","10. Comercio en general","admin","0","0","0","0","0","","210440970016","TS02","VIG","L. Viana","","","","","","","","Uruguay","","","2023-09-05 18:25:48","admin","IMPORT","0","","2026-10-05 09:34:16","Montevideo"
"Centro Cinematográfico","ACC2139","CENTRO CINEMATOGRAFICO DEL URUGUAY","Centro Cinematográfico","0","16","","Gremiales/Asociación","","","","0.00000000","","","","","","","","","","admin","0","0","0","0","0","","","TS03","BAJ","L. Viana","","","","","","","","Uruguay","","","2023-09-05 18:25:48","admin","IMPORT","0","","2026-10-05 09:34:17",""
"CC DE LA UNIÓN","ACC2140","CENTRO COMERCIAL DE LA UNIÓN","CC DE LA UNIÓN","0","0","","Gremiales/Asociación","","ccomercialunion@gmail.com","","0.00000000","","","","","","","","","","admin","0","0","0","0","0","","","","","L.González","","","","","","","","","","","2023-09-05 18:25:48","admin","IMPORT","0","","2026-10-05 09:34:17",""
"CCI DE ARTIGAS","ACC2141","CENTRO COMERCIAL E INDUSTRIAL DE ARTIGAS","CCIA","10127470015","0","","Centro Comercial","","cciartigas@gmail.com","47722554","0.00000000","099127613","","47723574","","","","","","","admin","0","0","0","0","0","","","TS03","VIG","L. Viana","","","","","","","","Uruguay","Artigas","Artigas","2023-09-05 18:25:48","admin","IMPORT","0","","2026-10-05 09:34:17","Artigas"
"CCI DE CARMELO","ACC2142","CENTRO COMERCIAL E INDUSTRIAL DE CARMELO","CCIC","40204250012","0","","Centro Comercial","","ccicarmelo@adinet.com.uy","45422732","0.00000000","","","","","","","","","","admin","0","0","0","0","0","","","TS03","VIG",".","","","","","","","","Uruguay","","Colonia","2023-09-05 18:25:48","nbutin@cncs.com.uy","IMPORT","0","","2026-10-05 09:34:18",""
"CENTRO COMERCIAL E INDUSTRIAL DE CERRO LARGO","ACC2143","CENTRO COMERCIAL E INDUSTRIAL DE CERRO LARGO","CECOCELA","030166570011","651","","Centro Comercial","","cecocela@adinet.com.uy","46422375","0.00000000","099800042","","","","","","","","","admin","0","0","0","0","0","","030166570011","TS03","VIG","L. Viana","","","","","","","","Uruguay","Cerro Largo","Cerro Largo","2023-09-05 18:25:48","nbutin@cncs.com.uy","IMPORT","0","","2026-10-05 09:34:18","Cerro Largo"
"Centro Comercial e Industrial de Colon y ZA","ACC2144","CENTRO COMERCIAL E INDUSTRIAL DE COLON Y ZONAS ADYACENTES","Centro Comercial e Industrial de Colon y ZA","0","223","","Gremiales/Asociación","","","23201006","0.00000000","","","","","","","","","","admin","0","0","0","0","0","","","TS03","BAJ","L. Viana","","","","","","","","Uruguay","","","2023-09-05 18:25:48","admin","IMPORT","0","","2026-10-05 09:34:19",""
"CCI DE DURAZNO","ACC2145","CENTRO COMERCIAL E INDUSTRIAL DE DURAZNO","CECODUR","50076120011","0","","Centro Comercial","","gerencia@cecodur.org","43629995","0.00000000","","","","","1930-09-29","","","","","admin","0","0","0","0","0","","","TS03","VIG","L. Viana","","","","","","","","Uruguay","Durazno","Durazno","2023-09-05 18:25:48","admin","IMPORT","0","","2026-10-05 09:34:19",""
"CCI DE FLORES","ACC2146","CENTRO COMERCIAL E INDUSTRIAL DE FLORES","CCIF","60063820017","0","","Centro Comercial","","cceiflores@gmail.com","43642536","0.00000000","","","","","","","","","","admin","0","0","0","0","0","","","TS03","VIG",".","","","","","","","","Uruguay","Flores","Flores","2023-09-05 18:25:48","nbutin@cncs.com.uy","IMPORT","0","","2026-10-05 09:34:19",""
"CCI DE FLORIDA","ACC2147","CENTRO COMERCIAL E INDUSTRIAL DE FLORIDA","CCIF","70068530014","0","","Centro Comercial","www.centrocomercialflorida.com.uy","ccif@ccif.com.uy","43522085","0.00000000","099104860","","","","1930-02-09","Servicios Profesionales- Técnicos Especializados -Certificaciones","","","","admin","0","0","0","0","0","","","TS03","VIG","L. Viana","","","","","","","","Uruguay","Florida","Florida","2023-09-05 18:25:48","nbutin@cncs.com.uy","IMPORT","0","","2026-10-05 09:34:20",""
"CCI DE LAVALLEJA","ACC2148","CENTRO COMERCIAL E INDUSTRIAL DE LAVALLEJA","CECOLAV","090163180011","0","","Centro Comercial","","secretaria@ccil.com.uy","44424002","0.00000000","","cecolav@hotmail.com","","","","","","","","admin","0","0","0","0","0","","090163180011","TS03","VIG","","","","","Minas","","","","Uruguay","Lavalleja","Lavalleja","2023-09-05 18:25:48","nbutin@cncs.com.uy","IMPORT","0","","2026-10-05 09:34:20",""
"CCI DE LIBERTAD","ACC2149","CENTRO COMERCIAL E INDUSTRIAL DE LIBERTAD","CCIL","0","637","","Centro Comercial","","cclib@vera.com.uy","43452275","0.00000000","","","","","","","","","","admin","0","0","0","0","0","","","TS03","VIG","L. Viana","","","","","","","","Uruguay","Canelones","Canelones","2023-09-05 18:25:48","admin","IMPORT","0","","2026-10-05 09:34:20",""
"CENTRO COMERCIAL E INDUSTRIAL DE PASO DE LOS TOROS","ACC2150","CENTRO COMERCIAL E INDUSTRIAL DE PASO DE LOS TOROS","CCIPT","0","676","","Centro Comercial","","","46642206","0.00000000","","centrotoros@hotmail.com","","","","","","","","admin","0","0","0","0","0","","","TS03","BAJ","L. Viana","","","","","","","","Uruguay","","Treinta y Tres","2023-09-05 18:25:48","admin","IMPORT","0","","2026-10-05 09:34:21",""
"CCI DE PAYSANDU","ACC2151","CENTRO COMERCIAL E INDUSTRIAL DE PAYSANDU","CCIP","0","193","","Centro Comercial","","","47228901","0.00000000","","","","","","","","","","admin","0","0","0","0","0","","","TS03","BAJ","L. Viana","","","","","","","","Uruguay","Paysandú","Paysandú","2023-09-05 18:25:48","admin","IMPORT","0","","2026-10-05 09:34:21","Paysandú"
"CCI DE ROCHA","ACC2152","CENTRO COMERCIAL E INDUSTRIAL DE ROCHA","CCIR","150182890018","83","","Centro Comercial","","centrocomercialrocha@gmail.com","4477248","0.00000000","","","","","","","","","","admin","0","0","0","0","0","","GR083","TS03","VIG","L. Viana","","","","","","","","Uruguay","Rocha","Rocha","2023-09-05 18:25:48","nbutin@cncs.com.uy","IMPORT","0","","2026-10-05 09:34:22","Rocha"
"CCI DE ROSARIO","ACC2153","CENTRO COMERCIAL E INDUSTRIAL DE ROSARIO","CCIR","040306300019","669","","Centro Comercial","","centrocomercial_rosario@hotmail.com","45522323","0.00000000","","","","","","","","","","admin","0","0","0","0","0","","GR669","TS03","VIG","L. Viana","","","","","","","","Uruguay","Colonia","Colonia","2023-09-05 18:25:48","nbutin@cncs.com.uy","IMPORT","0","","2026-10-05 09:34:22",""
"CENTRO COMERCIAL E INDUSTRIAL DE SALTO","ACC2154","CENTRO COMERCIAL E INDUSTRIAL DE SALTO","CCIS","160212750011","0","","Centro Comercial","","ccisalto@ccisalto.com.uy","47332425","0.00000000","","","","","","","","","","admin","0","0","0","0","0","","160212750011","TS03","BAJ","L. Viana","","","","","","","","Uruguay","","Salto","2023-09-05 18:25:48","admin","IMPORT","0","","2026-10-05 09:34:22",""
"CCI DE SAN JOSE","ACC2155","CENTRO COMERCIAL E INDUSTRIAL DE SAN JOSE","CCISJ","170149370013","0","","Centro Comercial","","ccomsj@adinet.com.uy","43431882","0.00000000","","","","","","","","","","admin","0","0","0","0","0","","170149370013","TS03","VIG","L. Viana","","","","","","","","Uruguay","San José","San José","2023-09-05 18:25:49","nbutin@cncs.com.uy","IMPORT","0","","2026-10-05 09:34:23",""
"CCI DE SANTA LUCIA","ACC2156","CENTRO COMERCIAL E INDUSTRIAL DE SANTA LUCIA","CCISL","020187130013","630","","Centro Comercial","","centrocomercialslucia@gmail.com","43346286","0.00000000","98366944","","","","","","","","","admin","0","0","0","0","0","","GR630","TS03","VIG","L. Viana","","","","","","","","Uruguay","Canelones","Canelones","2023-09-05 18:25:49","ncladera@cncs.com.uy","IMPORT","0","","2026-10-05 09:34:23",""
"CCISZ","ACC2157","CENTRO COMERCIAL E INDUSTRIAL DE SAYAGO Y ZONAS ADYACENTES","CCISZ","0","229","","Gremiales/Asociación","","","","0.00000000","","","","","","","","","","admin","0","0","0","0","0","","","TS03","BAJ","L. Viana","","","","","","","","Uruguay","","","2023-09-05 18:25:49","admin","IMPORT","0","","2026-10-05 09:34:24",""
"CCI DE SORIANO","ACC2158","CENTRO COMERCIAL E INDUSTRIAL DE SORIANO","CCIS","180173270012","225","","Centro Comercial","","gerencia@centrocomercialsoriano.com","45322193","0.00000000","","","","","1918-12-08","","","","","admin","0","0","0","0","0","","GR225","TS03","VIG","L. Viana","","","","","","","","Uruguay","","Soriano","2023-09-05 18:25:49","admin","IMPORT","0","","2026-10-05 09:34:24",""
"CAMARA EMPRESARIAL DE TREINTA Y TRES","ACC2159","CAMARA EMPRESARIAL DE TREINTA Y TRES","CCETT","200135300013","0","","Centro Comercial","","centrocytres@gmail.com","44526322","0.00000000","","","","","","","","","","admin","0","0","0","0","0","","200135300013","TS03","VIG","L. Viana","","","","","","","","Uruguay","","Treinta y Tres","2023-09-05 18:25:49","nbutin@cncs.com.uy","IMPORT","0","","2026-10-05 09:34:25",""
"CCI DE YOUNG","ACC2160","CENTRO COMERCIAL E INDUSTRIAL DE YOUNG","CENTRO COMERCIAL E INDUSTRIAL DE YOUNG","0","0","","Centro Comercial","","mlopezdavyt@gmail.com","","0.00000000","99074124","","","","","","","","","admin","0","0","0","0","0","","","","","D. Villar","","","","","","","","","","","2023-09-05 18:25:49","admin","IMPORT","0","","2026-10-05 09:34:25","Río Negro"
"ACI DE SALINAS","ACC2161","CENTRO COMERCIAL INDUSTRIAL AGRARIO DE SALINAS","CCIAS","020187620010","639","","Centro Comercial","","centrosalinas@adinet.com.uy","43768000","0.00000000","","","","","","","","","","admin","0","0","0","0","0","","GR639","TS03","VIG","L. Viana","","","","","","","","Uruguay","Canelones","Canelones","2023-09-05 18:25:49","admin","IMPORT","0","","2026-10-05 09:34:25",""
"CCIA DE LAS PIEDRAS","ACC2162","CENTRO COMERCIAL INDUSTRIAL Y AGRARIO DE LAS PIEDRAS","CCIALP","80166870011","0","","Centro Comercial","","ccomlp@adinet.com.uy","23644108","0.00000000","","","","","","","","","","admin","0","0","0","0","0","","","TS03","SOLIC-BAJA","L. Viana","","","","","","","","Uruguay","","","2023-09-05 18:25:49","admin","IMPORT","0","","2026-10-05 09:34:26",""
"CCIA DEL SAUCE","ACC2163","CENTRO COMERCIAL INDUSTRIAL Y AGROPECUARIO DEL SAUCE","CCIAS","20121530013","0","","Centro Comercial","","ccias1974@gmail.com","22941146","0.00000000","","","","","","","","","","admin","0","0","0","0","0","","","TS03","VIG","L. Viana","","Vicente Ponce de León 2305","","Sauce","","","","Uruguay","","Canelones","2023-09-05 18:25:49","admin","IMPORT","0","","2026-10-05 09:34:26",""
"CCIF DE ATLANTIDA","ACC2164","CENTRO COMERCIAL INDUSTRIAL Y FOMENTO DE ATLANTIDA","CCIFA","110272950010","0","","Centro Comercial","","ccifamicaela@gmail.com","43726137","0.00000000","","","","","","","","","","admin","0","0","0","0","0","","110272950010","TS03","VIG","L. Viana","","","","","","","","Uruguay","","Canelones","2023-09-05 18:25:49","admin","IMPORT","0","","2026-10-05 09:34:27",""
"CENTRO COMERCIAL REGIONAL DE CHUY","ACC2165","CENTRO COMERCIAL REGIONAL DE CHUY","CCRCh","150318700010","0","","Centro Comercial","","ccrcchuy@gmail.com","","0.00000000","091515573","","","","","","","","","admin","0","0","0","0","0","","150318700010","TS03","BAJ","L. Viana","","","","","","","","Uruguay","","","2023-09-05 18:25:49","nbutin@cncs.com.uy","IMPORT","0","","2026-10-05 09:34:27",""
"Centro de Barraqueros","ACC2166","CENTRO DE BARRAQUEROS DE ARÍCULOS DE CONSTRUCCIÓN","Centro de Barraqueros","219600650018","155","","Gremiales/Asociación","","barraqueros@cncs.com.uy","2916 1277 int. 107","0.00000000","","","","","","","","","","admin","0","0","0","0","0","","GR155","TS03","VIG","L.González","","","","","","","","","Montevideo","Montevideo","2023-09-05 18:25:49","admin","IMPORT","0","","2026-10-05 09:34:27","Montevideo"
"CCO","ACC2167","CENTRO DE CASAS DE OPTICA","CCO","219557170013","14","","Gremiales/Asociación","www.cco.com.uy","cco@cncs.com.uy","29161277 int. 124","0.00000000","","","","","","","","10","10. Comercio en general","admin","0","0","0","0","0","","GR014","TS03","VIG","Ma. Irene Viñeque","Rincón 454","Rincón 454","Montevideo","Montevideo","11000","11000","Uruguay","Uruguay","Montevideo","Montevideo","2023-09-05 18:25:49","admin","IMPORT","0","","2026-10-05 09:34:28","Montevideo"
"CECONEU","ACC2168","CENTRO DE COMERCIANTES EN NEUMATICOS DEL URUGUAY","CECONEU","0","620","","Gremiales/Asociación","","ceconeu@hotmail.com","","0.00000000","","","","","","","","","","admin","0","0","0","0","0","","","TS03","BAJ","L. Viana","","","","","","","","Uruguay","","","2023-09-05 18:25:49","admin","IMPORT","0","","2026-10-05 09:34:28",""
"CFU","ACC2169","CENTRO DE FARMACIAS DEL URUGUAY","CFU","215413610013","0","","Gremiales/Asociación","www.cfu.org.uy","secretaria@cfu.org.uy","24136410","0.00000000","99680865","","","","","","","","","admin","0","0","0","0","0","","215413610013","TS03","VIG","L. Viana","","","","","","","","Uruguay","Montevideo","Montevideo","2023-09-05 18:25:49","admin","IMPORT","0","","2026-10-05 09:34:29","Montevideo"
"CIPU","ACC2170","CENTRO DE INDUSTRIALES PANADEROS DEL URUGUAY","CIPU","215461840015","0","","Gremiales/Asociación","www.cipu.org.uy/web/","presidencia@cipu.org.uy","29245344","0.00000000","","","","","","","","","","admin","0","0","0","0","0","","215461840015","TS03","VIG","L.González","","","","","","","","","Montevideo","Montevideo","2023-09-05 18:25:49","admin","IMPORT","0","","2026-10-05 09:34:29","Montevideo"
"CTMA","ACC2171","CENTRO TALLERES MECANICOS DE AUTOMOVILES","CTMA","0","10","","Gremiales/Asociación","","info@ctma.com.uy","24134874 /73","0.00000000","","","","","","","","10","10. Comercio en general","admin","0","0","0","0","0","","","TS03","VIG","L. Viana","","","","","","","","Uruguay","","","2023-09-05 18:25:49","admin","IMPORT","0","","2026-10-05 09:34:29",""
"OYAMA","ACC2172","CEPAS URUGUAY BEBIDAS Y ALIMENTOS SA","OYAMA","210055110010","0","","Empresas Socias Directas","www.grupocepas.com/es","sandra.gutierrez@grupocepas.com","23091529","0.00000000","94493968","","","","","Procesamiento y conservación de alimentos - bebidas y tabaco","Mediana (20 a 99)","10","1. Procesamiento y conservación de alimentos, bebidas y tabaco","admin","0","1","0","0","0","","210055110010","TS01","VIG","L. Viana","","","","","","","","Uruguay","Montevideo","Montevideo","2023-09-05 18:25:49","admin","IMPORT","0","","2026-10-05 09:34:30","Montevideo"
"Cerámicas","ACC2173","Cerámica SA","Cerámicas","0","0","","","","magaly_clavijo@hotmail.com","","0.00000000","98706948","","","","","","","","","admin","0","0","0","0","0","","","","","D. Villar","","","","","","","","","","","2023-09-05 18:25:49","admin","IMPORT","0","","2026-10-05 09:34:30","Montevideo"
"CERRAJERIA GUILLERMO ABELENDA S.A","ACC2174","CERRAJERIA GUILLERMO ABELENDA SA","CERRAJERIA GUILLERMO ABELENDA S.A","210588140015","0","","Empresas Socias Directas","","administracion@guillermoabelenda.com.uy","1777","0.00000000","","","","","","","Pequeña (5 a 19)","","","admin","0","0","0","0","1","","210588140015","TS02","BAJ","","","","","","","","","","","","2023-09-05 18:25:49","admin","IMPORT","0","","2026-10-05 09:34:31","Montevideo"
"CERVIERI MONSUÁREZ & ASSOCIATES","ACC2175","CERVIERI MONSUÁREZ SA","CERVIERI MONSUÁREZ & ASSOCIATES","218338990017","0","","Empresas Socias Directas","www.cervierimonsuarez.com","evidela@cmlawyers.com.uy","26229990","0.00000000","","","","","","Servicios Profesionales- Técnicos Especializados -Certificaciones","Mediana (20 a 99)","","","admin","0","0","0","0","0","","218338990017","TS02","VIG","L. Viana","","","","","","","","Uruguay","","","2023-09-05 18:25:49","admin","IMPORT","0","","2026-10-05 09:34:31","Montevideo"
"CESAR ADOLFO CASARETTO","ACC2176","CESAR ADOLFO CASARETTO SA","CESAR ADOLFO CASARETTO","210807150010","0","","Empresas Socias Directas","www.adolfocasaretto.com","bernardo@adolfocasaretto.com","29023210","0.00000000","","","","","","Bazar-Ferretería-Pinturería","Mediana (20 a 99)","","","admin","0","0","0","0","1","","210807150010","TS02","VIG","L. Viana","","","","","","","","Uruguay","Montevideo","Montevideo","2023-09-05 18:25:49","admin","IMPORT","0","","2026-10-05 09:34:32","Montevideo"
"BODEGA PISANO","ACC2177","CÉSAR PISANO E HIJOS SA","BODEGA PISANO","80004200010","0","","","","","23689077","0.00000000","","","","","","","Mediana (20 a 99)","","","admin","0","0","0","0","1","","","","","","","","","","","","","Uruguay","","","2023-09-05 18:25:49","admin","IMPORT","0","","2026-10-05 09:34:32","Canelones"
"Cetrería del SUR","ACC2178","Cetrería del Sur SRL","Cetrería del SUR","218012960018","0","","","www.cetreriadelsur.com","mauriciorattin@gmail.com","","0.00000000","94623019","","","","","","Pequeña (5 a 19)","","","admin","0","0","0","0","0","","","","","D. Villar","","","","","","","","","","","2023-09-05 18:25:49","admin","IMPORT","0","","2026-10-05 09:34:32","Montevideo"
"Bodega Bouza","ACC2179","CHACRAS DEL SUR SA","Bodega Bouza","214605940013","0","","","","bouza@bodegabouza.com","23234030","0.00000000","95400030","","","","","","Mediana (20 a 99)","","","admin","0","0","0","0","0","","214605940013","","","","","","","","","","","Uruguay","","","2023-09-05 18:25:49","admin","IMPORT","0","","2026-10-05 09:34:33","Montevideo"
"Chebataroff Alimentos","ACC2180","Chebataroff Alimentos Ltda","Chebataroff Alimentos","210297670018","0","","","","german@chebataroff.com.uy","","0.00000000","99379760","","","","","","","","","admin","0","0","0","0","0","","210297670018","TS02","BAJ","D. Villar","","","","","","","","","","","2023-09-05 18:25:49","admin","IMPORT","0","","2026-10-05 09:34:33","Treinta y Tres"
"Chez Silvia Suite Bistro & Cabañas","ACC2181","Chez Silvia SRL","Chez Silvia Suite Bistro & Cabañas","150275560018","0","","","","chezsilviasuite@gmai.com","","0.00000000","92044233","","","","","","Micro (1 a 4)","","","admin","0","0","0","0","0","","","","","D. Villar","","","","","","","","","","","2023-09-05 18:25:49","admin","IMPORT","0","","2026-10-05 09:34:34","Rocha"
"FRIGORIFICO LAS MORAS","ACC2182","CHIADEL SA","FRIGORIFICO LAS MORAS","211614400013","0","","Empresas Socias Directas","www.lasmoras.com.uy","elymisa@lasmoras.com.uy","23622119","0.00000000","","","","","","Industria Frigorífica","Mediana (20 a 99)","","","admin","1","0","0","1","1","","211614400013","TS02","VIG","L. Viana","","","","La Paz","","","","Uruguay","Canelones","Canelones","2023-09-05 18:25:49","admin","IMPORT","0","","2026-10-05 09:34:34","Canelones"
"CHIC PARISIEN","ACC2183","CHIC PARISIEN SA","CHIC PARISIEN","210327080019","0","","Empresas Socias Directas","www.chicparisien.com","personal@chicparisien.com","24009236","0.00000000","","","","","","Textiles - vestimentas - cuero y calzado","Mediana (20 a 99)","","","admin","0","0","0","0","1","","210327080019","TS02","VIG","L. Viana","","","","","","","","Uruguay","Montevideo","Montevideo","2023-09-05 18:25:49","admin","IMPORT","0","","2026-10-05 09:34:35","Montevideo"
"CHRISTOPHERSEN","ACC2184","CHRISTOPHERSEN SA","CHRISTOPHERSEN","210291680011","0","","Empresas Socias Directas","www.ag.christophersen.com.uy/es/","comm@chr.com.uy","29160109","0.00000000","99214919","","","","","Logística –Transporte – Distribuidora - Almacenamiento","Mediana (20 a 99)","","","admin","0","0","0","0","0","","210291680011","TS02","VIG","L. Viana","","","","","","","","Uruguay","Montevideo","Montevideo","2023-09-05 18:25:49","admin","IMPORT","0","","2026-10-05 09:34:35","Montevideo"
"CAEDOT","ACC2185","CIA Auxiliar de Enfermería Domiciliaria y Traslados SAS","CAEDOT","219119650014","0","","Empresas Socias Directas","www.caedot.com.uy","juancorbalan72@gmail.com","22024553","0.00000000","91311410","","22052299","","","Servicios de Salud y actividades conexas","","","","admin","0","0","0","0","0","","219119650014","TS02","VIG","","Dir. Br. Artigas 3444","Dir. Br. Artigas 3444","","","","","","Uruguay","Montevideo","Montevideo","2023-09-05 18:25:49","ncladera@cncs.com.uy","IMPORT","0","","2026-10-05 09:34:36","Montevideo"
"RESIDENCIAL CASA REAL","ACC2186","CIANCCIULLI SALVATORE FABRIZIO","RESIDENCIAL CASA REAL","215931420017","0","","Socios Indirectos","","fabriziocs@hotmail.com","","0.00000000","99016494","","","","","","","","","admin","0","0","0","0","0","","215931420017","","","","","","","","","","","Uruguay","","","2023-09-05 18:25:49","admin","IMPORT","0","","2026-10-05 09:34:36","Montevideo"
"CIRCULO CATOLICO","ACC2187","CIRCULO CATOLICO DE OBREROS DEL URUGUAY MUTUALISTA","CIRCULO CATOLICO","213330070015","0","","Empresas Socias Directas","www.circulocatolico.com.uy","presidencia@circulocatolico.com.uy","24101010","0.00000000","","","","","","Servicios de Salud y actividades conexas","Grande (más 99)","","","admin","0","0","0","0","0","","213330070015","TS02","VIG","L. Viana","","","","","","","","Uruguay","Montevideo","Montevideo","2023-09-05 18:25:49","admin","IMPORT","0","","2026-10-05 09:34:36","Montevideo"
"Círculo de Transporte Internacional en el Uruguay","ACC2188","CIRCULO DE TRANSPORTE INTERNACIONAL EN EL URUGUAY","Círculo de Transporte Internacional en el Uruguay","0","634","","Gremiales/Asociación","","circulo@circulo.com.uy","23362203","0.00000000","","","","","","","","","","admin","0","0","0","0","0","","","TS03","BAJ","L. Viana","","","","","","","","Uruguay","","","2023-09-05 18:25:49","admin","IMPORT","0","","2026-10-05 09:34:37",""
"Frigorífico Clay","ACC2189","CLAY SA","Frigorífico Clay","210247330019","0","","Empresas Socias Directas","","contact@claymeat.com","22939113","0.00000000","","","29160056","","","Industria Frigorífica","Grande (más 99)","1","2. Industria frigorífica","admin","1","0","0","1","0","","210247330019","TS02","VIG","L. Viana","","","","","","","","Uruguay","Montevideo","Montevideo","2023-09-05 18:25:49","admin","IMPORT","0","","2026-10-05 09:34:37","Canelones"
"FARMASHOP","ACC2190","COBOE SA","FARMASHOP","211576970016","0","","Empresas Socias Directas","","recepcion@farmashop.com.uy","26002770","0.00000000","","","28484848","","","Industria Farmacéutica","Grande (más 99)","","","admin","0","0","0","0","0","","211576970016","TS02","VIG","L. Viana","","","","","","","","Uruguay","Montevideo","Montevideo","2023-09-05 18:25:49","admin","IMPORT","0","","2026-10-05 09:34:38","Montevideo"
"Panaderia Appetite","ACC2191","COITIÑO FRAGA RODRIGO","Panaderia Appetite","216892320019","0","","","","","","0.00000000","98159633","","","","","","Pequeña (5 a 19)","","","admin","0","0","0","0","0","","","","","","","","","","","","","Uruguay","","","2023-09-05 18:25:49","admin","IMPORT","0","","2026-10-05 09:34:38","Montevideo"
"CAPH","ACC2192","COLEGIO DE ADMINISTRADORES DE PROPIEDAD HORIZONTAL","CAPH","0","128","","Gremiales/Asociación","","info@caph.org.uy","29023391","0.00000000","","","","","","","","","","admin","0","0","0","0","0","","","TS03","VIG","L. Viana","","","","","","","","Uruguay","Montevideo","Montevideo","2023-09-05 18:25:49","admin","IMPORT","0","","2026-10-05 09:34:38","Montevideo"
"Colegio de Enfermeras","ACC2193","COLEGIO DE ENFERMERAS DEL URUGUAY","Colegio de Enfermeras","217627280010","0","","Gremiales/Asociación","","secretaria@colegiodeenfermeras.org.uy","24073458","0.00000000","99708058","colegiodeenfermeras@vera.com.uy","","","","","","","","admin","0","0","0","0","0","","217627280010","TS03","BAJ","L.González","","","","","","","","","Montevideo","Montevideo","2023-09-05 18:25:49","admin","IMPORT","0","","2026-10-05 09:34:39","Montevideo"
"HOTEL NH COLUMBIA","ACC2194","COLUMBIA PALACE HOTEL SA","HOTEL NH COLUMBIA","210113370016","0","","Empresas Socias Directas","www.nh-hotels.com/es","lf.blancosuarez@nh-hotels.com","29160001","0.00000000","","","","","","Hoteles Restaurantes- Bares - Entretenimiento","Mediana (20 a 99)","1","12. Hoteles, restoranes y bares","admin","0","0","0","0","0","","210113370016","TS02","VIG","L. Viana","","","","","","","","Uruguay","Montevideo","Montevideo","2023-09-05 18:25:49","admin","IMPORT","0","","2026-10-05 09:34:39","Montevideo"
"Colwery","ACC2195","Colwery SA","Colwery","215299280013","0","","","","moarpatricia@gmail.com","29168674","0.00000000","","","","","","","Micro (1 a 4)","","","admin","0","0","0","0","0","","","","","D. Villar","","","","","","","","","","","2023-09-05 18:25:49","admin","IMPORT","0","","2026-10-05 09:34:40","Montevideo"
"COMAS Y GARRETANO DESPACHANTE","ACC2196","COMAS & GARRETANO LTDA","COMAS Y GARRETANO DESPACHANTE","210248370014","0","","Empresas Socias Directas","","ariel@comas-garretano.com","29161909","0.00000000","","","","","","Servicios Profesionales- Técnicos Especializados -Certificaciones","Pequeña (5 a 19)","1","19. Servicios profesionales, técnicos, especializados y aquellos no incluidos en otros grupos","admin","0","0","0","0","0","","210248370014","TS02","VIG","L. Viana","","","","","","","","Uruguay","Montevideo","Montevideo","2023-09-05 18:25:49","admin","IMPORT","0","","2026-10-05 09:34:40","Montevideo"
"COMAS AROCENA","ACC2197","COMAS AROCENA SA","COMAS AROCENA","213028400016","0","","Empresas Socias Directas","www.comas.uy","admin@comas.com.uy","29166647","0.00000000","","","","","","Logística –Transporte – Distribuidora - Almacenamiento","Mediana (20 a 99)","8","13. Transporte y almacenamiento","admin","0","0","0","0","0","","213028400016","TS02","EMSUS","L. Viana","","","","","","","","Uruguay","Montevideo","Montevideo","2023-09-05 18:25:49","admin","IMPORT","0","","2026-10-05 09:34:41","Montevideo"
"Comas Saavedra Eduardo","ACC2198","Comas Saavedra Eduardo","Nobilis","1375181-6","0","","Empresas Socias Directas","","ecomas@nobilis.com.uy","29155533","0.00000000","","","","","","Intermediación Financiera- Seguros- inversión","Mediana (20 a 99)","","","admin","0","0","0","0","0","","","TS02","VIG","L. Viana","","","","","","","","Uruguay","","","2023-09-05 18:25:49","admin","IMPORT","0","","2026-10-05 09:34:41",""
"DESCARTES","ACC2199","COMAX SA","DESCARTES","212280330010","0","","Empresas Socias Directas","www.datamynelatam.com","administracion@descartes.com","27090028","0.00000000","","","","","","Servicios Profesionales- Técnicos Especializados -Certificaciones","Mediana (20 a 99)","Residual","19. Servicios profesionales, técnicos, especializados y aquellos no incluidos en otros grupos","admin","0","0","0","0","0","","212280330010","TS02","VIG","L. Viana","","","","","","","","Uruguay","Montevideo","Montevideo","2023-09-05 18:25:49","admin","IMPORT","0","","2026-10-05 09:34:41","Montevideo"
"MONTEPAZ","ACC2200","COMPAÑIA INDUSTRIAL DE TABACOS MONTE PAZ SA","MONTEPAZ","210256320012","0","","Empresas Socias Directas","www.montepaz.com.uy/inicio","info@montepaz.com.uy","22008821","0.00000000","22008821","","","","","Procesamiento y conservación de alimentos - bebidas y tabaco","Grande (más 99)","","","admin","0","0","0","0","1","","","","",".","","","","","","","","Uruguay","Montevideo","Montevideo","2023-09-05 18:25:49","admin","IMPORT","0","","2026-10-05 09:34:42","Montevideo"
"COMPAÑIA INTERNACIONAL DE ALIMENTOS","ACC2201","COMPAÑIA INTERNACIONAL DE ALIMENTOS SA","COMPAÑIA INTERNACIONAL DE ALIMENTOS","211301530015","0","","Empresas Socias Directas","www.cialimentos.com","giuliana.fiori@cialimentos.com.uy","29160527","0.00000000","","","","","","Procesamiento y conservación de alimentos - bebidas y tabaco","Micro (1 a 4)","Residual","10. Comercio en general","admin","0","1","0","0","1","","","","","L. Viana","","","","","","","","Uruguay","Montevideo","Montevideo","2023-09-05 18:25:49","admin","IMPORT","0","","2026-10-05 09:34:42","Montevideo"
"SALUS","ACC2202","COMPAÑIA SALUS SA","SALUS","210072410019","0","","Empresas Socias Directas","","Joaquin.rodriguez@danone.com","26288268","0.00000000","","","","","","Procesamiento y conservación de alimentos - bebidas y tabaco","Grande (más 99)","","","admin","0","0","0","0","0","","210072410019","TS01","HON","L. Viana","","","","","","","","Uruguay","","","2023-09-05 18:25:49","admin","IMPORT","0","","2026-10-05 09:34:43","Montevideo"
"CUTCSA","ACC2203","COMPAÑIA URUGUAYA DE TRANSPORTE COLECTIVO SA","CUTCSA","210002720019","0","","Empresas Socias Directas","","secretaria@cutcsa.com.uy","1933","0.00000000","","presidencia@cutcsa.com.uy","","","","Logística –Transporte – Distribuidora - Almacenamiento","Grande (más 99)","","","admin","0","0","0","0","0","","","","","L. Viana","","","","","","","","Uruguay","","","2023-09-05 18:25:49","admin","IMPORT","0","","2026-10-05 09:34:43","Montevideo"
"CONAPROLE","ACC2204","CONAPROLE","CONAPROLE","210276180011","0","","Empresas Socias Directas","","lramos@conaprole.com.uy","29247171","0.00000000","","","","","","Ganadería - Agricultura y Actividades Conexas","Grande (más 99)","","","admin","1","0","0","1","0","","210276180011","TS01","VIG","L. Viana","","","","","","","","Uruguay","Montevideo","Montevideo","2023-09-05 18:25:49","admin","IMPORT","0","","2026-10-05 09:34:43","Montevideo"
"CONATEL","ACC2205","CONATEL SA","CONATEL","210002260018","0","","Empresas Socias Directas","www.conatel.com.uy","compras@conatel.com.uy","29020314","0.00000000","","","","","","Tecnología-Telecomunicaciones- actividades conexas","Grande (más 99)","","","admin","0","0","0","0","0","","210002260018","TS01","VIG","L. Viana","","","","","","","","Uruguay","Montevideo","Montevideo","2023-09-05 18:25:49","admin","IMPORT","0","","2026-10-05 09:34:44","Montevideo"
"CONCRETO - Estudio de Diseño","ACC2206","CONCRETO - Estudio de Diseño","CONCRETO - Estudio de Diseño","0","0","","","www.concretoestudio.com","fviera@concretoestudio.com","","0.00000000","99329276","","","","","","","","","admin","0","0","0","0","0","","","","","D. Villar","","","","","","","","","","","2023-09-05 18:25:49","admin","IMPORT","0","","2026-10-05 09:34:44",""
"CONFITERIA IRISARRI","ACC2207","CONFITERIA IRISARRI SA","CONFITERIA IRISARRI","90062400016","0","","Empresas Socias Directas","","ximena@irisarri.com.uy","44422038","0.00000000","","","","","","Procesamiento y conservación de alimentos - bebidas y tabaco","Mediana (20 a 99)","","","admin","0","0","0","0","1","","","","","L. Viana","","TREINTA Y TRES 618","","Minas","","","Uruguay","Uruguay","Lavalleja","Lavalleja","2023-09-05 18:25:49","admin","IMPORT","0","","2026-10-05 09:34:45","Lavalleja"
"CONFITERIA ORIENTAL","ACC2208","CONFITERIA ORIENTAL SRL","CONFITERIA ORIENTAL","110043420013","0","","","","","22924693","0.00000000","","","","","","","Pequeña (5 a 19)","","","admin","0","0","0","0","0","","","","","","","","","","","","","","","","2023-09-05 18:25:49","admin","IMPORT","0","","2026-10-05 09:34:45","Canelones"
"CONPRISTE ACISA","ACC2209","CONPRISTE ACISA","CONPRISTE ACISA","212467220014","0","","Empresas Socias Directas","www.conpriste.com.uy","info@conpriste.com.uy","47339461","0.00000000","","","26054515","","","Ganadería - Agricultura y Actividades Conexas","","","","admin","0","0","0","0","0","","212467220014","TS02","VIG","L. Viana","","","","","","","","Uruguay","Montevideo","Montevideo","2023-09-05 18:25:49","admin","IMPORT","0","","2026-10-05 09:34:45","Montevideo"
"CONSORCIO DEL URUGUAY","ACC2210","CONSORCIO DEL URUGUAY SA","CONSORCIO DEL URUGUAY","211087410018","0","","Empresas Socias Directas","www.consorcio.uy","consorcio@consorcio.com.uy","29152295","0.00000000","","","","","","Intermediación Financiera- Seguros- inversión","Mediana (20 a 99)","2.3","14. Intermediación financiera, seguros y pensiones","admin","0","0","0","0","0","","211087410018","TS02","VIG","L. Viana","","","","","","","","Uruguay","Montevideo","Montevideo","2023-09-05 18:25:49","admin","IMPORT","0","","2026-10-05 09:34:46","Montevideo"
"CSU CONSULTORIA","ACC2211","CONSULTORA Y ADMINISTRADORA SUIZO-URUGUAYO SA","CSU CONSULTORIA","210149280017","0","","Empresas Socias Directas","","gabriel.varela@csu.uy","29160332","0.00000000","","","","","","","","","","admin","0","0","0","0","0","","210149280017","TS02","SOLIC-BAJA","L.González","","","","","","","","","","","2023-09-05 18:25:49","admin","IMPORT","0","","2026-10-05 09:34:46",""
"Control Union Uruguay","ACC2212","Control Union Uruguay SA","Control Union Uruguay","213432890011","0","","","","j.fmanassi@gmail.com","","0.00000000","98457423","","","","","","Grande (más 99)","","","admin","0","0","0","0","0","","","","","D. Villar","","","","","","","","","","","2023-09-05 18:25:49","admin","IMPORT","0","","2026-10-05 09:34:47","Paysandú"
"Papiros","ACC2213","CONVERPEL SA","Papiros","213382280010","0","","Empresas Socias Directas","","gerencia@converpel.com","29247450","0.00000000","","","","","","","","","","admin","0","0","0","0","0","","213382280010","TS02","BAJ","L.González","","","","","","","","","","","2023-09-05 18:25:49","admin","IMPORT","0","","2026-10-05 09:34:47",""
"COOPAR","ACC2214","COOPAR SA","COOPAR","210297670018","0","","Empresas Socias Directas","","clopez@coopar.com.uy","22044040","0.00000000","","","","","","","","","","admin","0","0","0","0","0","","210297670018","TS02","BAJ","","","","","","","","","","","","2023-09-05 18:25:49","admin","IMPORT","0","","2026-10-05 09:34:47",""
"COOPERATIVA POLICIAL","ACC2215","COOPERATIVA POLICIAL","COOPERATIVA POLICIAL","210352670010","0","","Empresas Socias Directas","www.cooperativapolicial.com.uy","cdcopol@adinet.com.uy","29241261","0.00000000","","","","","","Supermercados- Centro Comerciales- Retail","Grande (más 99)","","","admin","0","0","0","0","1","","210352670010","TS02","VIG","L. Viana","","","","","","","","Uruguay","Montevideo","Montevideo","2023-09-05 18:25:49","admin","IMPORT","0","","2026-10-05 09:34:48","Montevideo"
"COP - SISTEMAS REFRIGERADOS","ACC2216","COP SISTEMAS REFRIGERADOS SRL","COP - SISTEMAS REFRIGERADOS","214989610015","0","","Empresas Socias Directas","www.cop.com.uy","abesnati@cop.com.uy","22042490","0.00000000","","","","","","Productos Metalúrgicos-Maquinaria-Construcción","Mediana (20 a 99)","","","admin","0","0","0","0","1","Socio","214989610015","","",".","","RONDEAU 1637","","","","","","Uruguay","Montevideo","Montevideo","2023-09-05 18:25:49","vpopovich@cncs.com.uy","IMPORT","0","","2026-10-05 09:34:48","Montevideo"
"Frigorífico COPAYAN","ACC2217","COPAYAN SA","Frigorífico COPAYAN","211735640015","0","","Empresas Socias Directas","www.copayan.com.uy","fernando.gonzalez@copayan.uy","4472 8803","0.00000000","","","","","","Industria Frigorífica","Grande (más 99)","","","admin","1","0","0","1","1","","211735640015","TS02","VIG","L. Viana","","","","","","","","Uruguay","","","2023-09-05 18:25:49","admin","IMPORT","0","","2026-10-05 09:34:49","Rocha"
"Coragiosso","ACC2218","Coragiosso SAS","Coragiosso","218923900018","0","","","","nathalie@fundacionindigo.org","","0.00000000","","","","","","","Micro (1 a 4)","","","admin","0","0","0","0","0","","","","","D. Villar","","","","","","","","","","","2023-09-05 18:25:49","admin","IMPORT","0","","2026-10-05 09:34:49","Maldonado"
"CDM LOGISTICA","ACC2219","CORAL DEL MAR SA","CDM LOGISTICA","211700390012","0","","","","","22164838","0.00000000","","","","","","Logística –Transporte – Distribuidora - Almacenamiento","Mediana (20 a 99)","","","admin","0","0","0","0","1","","211700390012","","","","","","","","","","","","","","2023-09-05 18:25:49","admin","IMPORT","0","","2026-10-05 09:34:49","Montevideo"
"CORPORACIÓN FRIGORÍFICA DEL URUGUAY","ACC2220","CORFRISA CORPORACION FRIGORIFICA DEL URUGUAY SA","CORPORACIÓN FRIGORÍFICA DEL URUGUAY","80021670011","0","","Empresas Socias Directas","","","23644601","0.00000000","","","","","","","Mediana (20 a 99)","","","admin","0","0","0","0","1","","","","","","","","","","","","","","Canelones","Canelones","2023-09-05 18:25:49","admin","IMPORT","0","","2026-10-05 09:34:50","Canelones"
"Corporación Agropecuaria","ACC2221","Corporación Agropecuaria SA","Corporación Agropecuaria","210276850017","0","","Empresas Socias Directas","","corpagro@adinet.com.uy","29026272 / 29011764","0.00000000","","","","","","","","","","admin","0","0","0","0","0","","210276850017","TS02","BAJ","L.González","","","","","","","","","","","2023-09-05 18:25:49","admin","IMPORT","0","","2026-10-05 09:34:50",""
"AVON","ACC2222","COSMETICOS AVON DE URUGUAY SA","AVON","213565990017","0","","Empresas Socias Directas","www.avon.com.uy/uy-home","diego.coppa@avon.com","27110580","0.00000000","91987236","","27108355","","","Industria Farmacéutica","Mediana (20 a 99)","1","10. Comercio en general","admin","0","0","0","0","0","","213565990017","TS02","VIG","L. Viana","","","","","","","","Uruguay","Montevideo","Montevideo","2023-09-05 18:25:49","admin","IMPORT","0","","2026-10-05 09:34:51","Montevideo"
"COSTA ORIENTAL","ACC2223","COSTA ORIENTAL SA","COSTA ORIENTAL","211401190011","0","","Empresas Socias Directas","www.costaoriental.com","","25182566","0.00000000","","","","","","Logística –Transporte – Distribuidora - Almacenamiento","Grande (más 99)","11","13. Transporte y almacenamiento","admin","0","0","0","0","0","","211401190011","TS02","VIG","L. Viana","","","","","","","","Uruguay","","","2023-09-05 18:25:49","admin","IMPORT","0","","2026-10-05 09:34:51","Montevideo"
"Costa Urbana Shopping","ACC2224","Costa Urbana SA","Costa Urbana Shopping","215405910011","0","","Empresas Socias Directas","","mrodriguez@costaurbana.com.uy","26823399","0.00000000","","","","","","Supermercados- Centro Comerciales- Retail","Mediana (20 a 99)","21.1","19. Servicios profesionales, técnicos, especializados y aquellos no incluidos en otros grupos","admin","0","0","0","0","0","","215405910011","TS02","VIG","L. Viana","","","","","","","","Uruguay","Canelones","Canelones","2023-09-05 18:25:49","admin","IMPORT","0","","2026-10-05 09:34:52","Canelones"
"COTREY","ACC2225","Cotrey SA","COTREY","215422910016","0","","","","vittoriomedici@gmail.com","","0.00000000","99632850","","","","","","Micro (1 a 4)","","","admin","0","0","0","0","0","","","","","D. Villar","","","","","","","","Uruguay","","","2023-09-05 18:25:49","admin","IMPORT","0","","2026-10-05 09:34:52","Montevideo"
"CRAMON","ACC2226","CRAMON SA","CRAMON","211550190013","0","","","","","25085401","0.00000000","","","","","","","Pequeña (5 a 19)","","","admin","0","0","0","0","0","","","","","","","","","","","","","","","","2023-09-05 18:25:49","admin","IMPORT","0","","2026-10-05 09:34:52","Montevideo"
"CRISTALPET","ACC2227","CRISTALPET SA","CRISTALPET","212697900017","0","","Empresas Socias Directas","","javier.bentura@envases.uy","26007188","0.00000000","","","","","","Other","Grande (más 99)","","","admin","0","0","0","0","0","","212697900017","TS02","VIG","L. Viana","","","","","","","","Uruguay","Montevideo","Montevideo","2023-09-05 18:25:49","admin","IMPORT","0","","2026-10-05 09:34:53","Montevideo"
"Cristalplast","ACC2228","CRISTALPLAST SA","Cristalplast","211213580010","0","","","","info@cristalplast.com.uy","22155544","0.00000000","","","","","","","Mediana (20 a 99)","","","admin","0","0","0","0","0","","","","","","","","","","","","","Uruguay","","","2023-09-05 18:25:49","admin","IMPORT","0","","2026-10-05 09:34:53","Montevideo"
"Cuayolo","ACC2229","Cuayolo SRL","Cuayolo","0","0","","","","pmartiarena@netgate.com.uy","","0.00000000","99705710","","","","","","","","","admin","0","0","0","0","0","","","","","D. Villar","","","","","","","","","","","2023-09-05 18:25:49","admin","IMPORT","0","","2026-10-05 09:34:54","Canelones"
"CUDESA","ACC2230","CUDESA SA","CUDESA","210001960016","0","","Empresas Socias Directas","www.cudesa.com.uy","jgriego@cudesa.com.uy","25065766","0.00000000","","","","","","Logística –Transporte – Distribuidora - Almacenamiento","Mediana (20 a 99)","1","10. Comercio en general","admin","0","1","0","0","1","","210001960016","TS02","VIG","L. Viana","","","","","","","","Uruguay","Montevideo","Montevideo","2023-09-05 18:25:49","admin","IMPORT","0","","2026-10-05 09:34:54","Montevideo"
"Imprenta CUQUI PANDO","ACC2231","CUQUI PANDO SRL","Imprenta CUQUI PANDO","110102880011","0","","Empresas Socias Directas","","info@imprentacuqui.com.uy","22924687","0.00000000","","","","","","","Mediana (20 a 99)","","","admin","0","0","0","0","1","","110102880011","","","","","","","","","","","Uruguay","","","2023-09-05 18:25:49","admin","IMPORT","0","","2026-10-05 09:34:55","Canelones"
"CURTIFRANCE","ACC2232","CURTIFRANCE SA","CURTIFRANCE","210078340012","0","","Empresas Socias Directas","www.curtifrance.com","guillermo@curtifrance.com","25140318","0.00000000","","","","","","Textiles - vestimentas - cuero y calzado","Mediana (20 a 99)","1","5. Industrias del Cuero, Vestimenta y Calzado","admin","1","0","0","1","1","","210078340012","TS02","VIG","L. Viana","","","","","","","","Uruguay","","","2023-09-05 18:25:49","admin","IMPORT","0","","2026-10-05 09:34:55","Montevideo"
"STADIUM","ACC2233","CYBE SA","STADIUM","210703920014","0","Accounts::::CICALTEX","Empresas Socias Directas","","cybesa@stadium.com.uy","23080742","0.00000000","","","","","","Textiles - vestimentas - cuero y calzado","Grande (más 99)","","","admin","0","0","0","0","1","","210703920014","TS02","VIG","L. Viana","","","","","","","","Uruguay","Montevideo","Montevideo","2023-09-05 18:25:49","admin","IMPORT","0","","2026-10-05 09:34:56","Montevideo"
"CYMACO","ACC2234","CYMACO SA","CYMACO","210218730012","0","","Empresas Socias Directas","","cymaco@cymaco.com.uy","29020330","0.00000000","","contable@cymaco.com.uy","","","","","Grande (más 99)","","","admin","0","0","0","0","0","","210218730012","TS02","VIG","","","","","","","","","Uruguay","Montevideo","Montevideo","2023-09-05 18:25:49","ncladera@cncs.com.uy","IMPORT","0","","2026-10-05 09:34:56","Montevideo"
"D.POMIES & Asociados","ACC2235","D.POMIES & Asociados SRL","D.POMIES & Asociados","0","0","","","","daniel@dpomies.com","","0.00000000","99684398","","","","","","","","","admin","0","0","0","0","0","","","","","D. Villar","","","","","","","","","","","2023-09-05 18:25:49","admin","IMPORT","0","","2026-10-05 09:34:56","Montevideo"
"TIMEOUT","ACC2236","DACRIMAR SA","TIMEOUT","214610500018","0","","Socios Indirectos","","federico@dacrimar.com.uy","22082240","0.00000000","","","","","","","Mediana (20 a 99)","","","admin","0","0","0","0","0","","214610500018","","","","","","","","","","","Uruguay","","","2023-09-05 18:25:49","admin","IMPORT","0","","2026-10-05 09:34:57","Montevideo"
"Yamaha Uruguay","ACC2237","DALSICAR SA","Yamaha Uruguay","215433030012","0","","Empresas Socias Directas","www.yamahauruguay.com/","fa@zenexoutdoor.com.uy","26044040","0.00000000","99632046","info@zenexoutdoor.com.uy","","","","Automotriz- Motocicletas – Autopartes","Pequeña (5 a 19)","","","admin","0","0","0","0","0","","215433030012","TS02","SOLIC-BAJA","L. Viana","","","","","","","","Uruguay","","","2023-09-05 18:25:49","admin","IMPORT","0","","2026-10-05 09:34:57","Montevideo"
"Damboriarena Escosteguy","ACC2238","Damboriarena Escosteguy SRL","Damboriarena Escosteguy","212559300014","0","","","","mgonzalez@dambo.com.uy","","0.00000000","94979116","","","","","","Grande (más 99)","","","admin","0","0","0","0","0","","212559300014","","","D. Villar","","","","","","","","","","","2023-09-05 18:25:49","admin","IMPORT","0","","2026-10-05 09:34:58","Rivera"
"Danal","ACC2239","Danal Ltda","Danal","210327130016","0","","","","denisealterwain@gmail.com","","0.00000000","99428424","","","","","","Pequeña (5 a 19)","","","admin","0","0","0","0","0","","","","","D. Villar","","","","","","","","","","","2023-09-05 18:25:50","admin","IMPORT","0","","2026-10-05 09:34:58","Montevideo"
"TATÚ Arquitectura","ACC2240","Dandenon SRL","TATÚ Arquitectura","218170700017","0","Accounts::::CUSAI","Empresas Socias Directas","","oliveragarmendia@gmail.com","","0.00000000","99838522","","","","","","Micro (1 a 4)","","","admin","0","0","0","0","0","","218170700017","TS02","SOLIC-BAJA","D. Villar","","","","","","","","Uruguay","","","2023-09-05 18:25:50","admin","IMPORT","0","","2026-10-05 09:34:59","Montevideo"
"DARKO LIGHTING","ACC2241","DARKO SA","DARKO LIGHTING","212280260012","0","","Empresas Socias Directas","www.darkolighting.com.uy","jorge@darkolighting.com","27116198","0.00000000","094415777","darkouy@darkolighting.com","","","","","Pequeña (5 a 19)","","","admin","0","0","0","0","1","","212280260012","TS02","SOLIC-BAJA","","","","","","","","","Uruguay","","","2023-09-05 18:25:50","ncladera@cncs.com.uy","IMPORT","0","","2026-10-05 09:34:59","Montevideo"
"BAEREMAECKER Y PERERA CORREDOR DE BOLSA","ACC2242","DE BAEREMAECKER Y PERERA CORREDOR DE BOLSA SA","BAEREMAECKER Y PERERA CORREDOR DE BOLSA","214967200019","0","","Empresas Socias Directas","www.dyp.com.uy","contacto@duranyperera.com.uy","29156847","0.00000000","","","","","","Intermediación Financiera- Seguros- inversión","Pequeña (5 a 19)","Residual","14. Intermediación financiera, seguros y pensiones","admin","0","0","0","0","0","","214967200019","TS01","VIG","L. Viana","","","","","","","","Uruguay","Montevideo","Montevideo","2023-09-05 18:25:50","admin","IMPORT","0","","2026-10-05 09:35:00","Montevideo"
"PANADERÍA DE LA AGUADA","ACC2243","DE LA AGUADA SA","PANADERÍA DE LA AGUADA","210373480016","0","","Empresas Socias Directas","","rivarod@hotmail.com","22037641","0.00000000","","","","","","","Mediana (20 a 99)","","","admin","0","0","0","0","1","","210373480016","","","","","","","","","","","Uruguay","","","2023-09-05 18:25:50","admin","IMPORT","0","","2026-10-05 09:35:00","Montevideo"
"DE LAS SIERRAS","ACC2244","DE LAS SIERRAS SA","DE LAS SIERRAS","210319100014","0","","Empresas Socias Directas","","javier.nantes@dls.com.uy","24806434","0.00000000","","","","","","Logística –Transporte – Distribuidora - Almacenamiento","Pequeña (5 a 19)","7.1","13. Transporte y almacenamiento","admin","0","0","0","0","1","","210319100014","TS02","VIG","L. Viana","","","","","","","","Uruguay","Montevideo","Montevideo","2023-09-05 18:25:50","admin","IMPORT","0","","2026-10-05 09:35:00","Montevideo"
"Ferretería el Trompo","ACC2245","DEBARELL SA","Ferretería el Trompo","213124700017","0","","","","consultas@eltrompo.com.uy","23598629","0.00000000","95861333","","","","","","Pequeña (5 a 19)","","","admin","0","0","0","0","0","","","","","","","","","","","","","Uruguay","","","2023-09-05 18:25:50","admin","IMPORT","0","","2026-10-05 09:35:01","Montevideo"
"DECELESTE","ACC2246","DECELESTE SA","DECELESTE","212295360018","0","","Empresas Socias Directas","www.deceleste.com.uy","mbentancor@deceleste.com.uy","29248849","0.00000000","","","","","","Automotriz- Motocicletas – Autopartes","Grande (más 99)","4","8. Industria de productos metálicos, maquinarias y equipo","admin","0","1","0","0","1","","212295360018","TS02","SOLIC-BAJA","L. Viana","","","","","","","","Uruguay","Montevideo","Montevideo","2023-09-05 18:25:50","admin","IMPORT","0","","2026-10-05 09:35:02","Montevideo"
"DEDICADO","ACC2247","DEDICADO SA","DEDICADO","214072210012","0","","","","jcinta@dedicado.com.uy","29081111","0.00000000","","","","","","","Pequeña (5 a 19)","","","admin","0","0","0","0","0","","214072210012","","","","","","","","","","","Uruguay","","","2023-09-05 18:25:50","admin","IMPORT","0","","2026-10-05 09:35:03","Montevideo"
"DELINUR","ACC2248","DELINUR SA","DELINUR","213550160013","0","","Empresas Socias Directas","","delinur@montevideo.com.uy","26131511","0.00000000","","","","","","Textiles - vestimentas - cuero y calzado","Pequeña (5 a 19)","","","admin","0","0","0","0","0","","213550160013","TS02","VIG","L. Viana","","","","","","","Uruguay","Uruguay","Montevideo","Montevideo","2023-09-05 18:25:50","admin","IMPORT","0","","2026-10-05 09:35:04","Montevideo"
"PEDIDOS YA","ACC2249","Delivery Hero Uruguay Marketplace SA","PEDIDOS YA","216639270017","0","","Empresas Socias Directas","","maria.soldo@pedidosya.com","","0.00000000","94868155","","","","","Tecnología-Telecomunicaciones- actividades conexas","Grande (más 99)","Residual","19. Servicios profesionales, técnicos, especializados y aquellos no incluidos en otros grupos","admin","0","0","0","0","0","","216639270017","TS02","SOLIC-BAJA","L. Viana","","","","","","","","Uruguay","Montevideo","Montevideo","2023-09-05 18:25:50","admin","IMPORT","0","","2026-10-05 09:35:05","Montevideo"
"Delnicor","ACC2250","Delnicor SA","Delnicor","216382890018","0","","","","delnicorsa@gmail.com","","0.00000000","99391813","","","","","","Pequeña (5 a 19)","","","admin","0","0","0","0","0","","","","","D. Villar","","","","","","","","","","","2023-09-05 18:25:50","admin","IMPORT","0","","2026-10-05 09:35:05","Canelones"
"DELOITTE S.C","ACC2251","DELOITTE SC","DELOITTE S.C","212330060011","0","","Empresas Socias Directas","www2.deloitte.com/uy/es.html","dpagosycompras@deloitte.com","29160756","0.00000000","","","","","","Servicios Profesionales- Técnicos Especializados -Certificaciones","Grande (más 99)","17","17. Industria gráfica","admin","0","0","0","1","0","","212330060011","TS02","VIG","L. Viana","","","","","","","","Uruguay","Montevideo","Montevideo","2023-09-05 18:25:50","admin","IMPORT","0","","2026-10-05 09:35:06","Montevideo"
"PEREYRA, TALLAC Y ASOCIADOS-ABOGADOS","ACC2252","DELTARIL SA","PEREYRA, TALLAC Y ASOCIADOS-ABOGADOS","217681650017","0","","Empresas Socias Directas","","dra.tallac@gmail.com","29093252","0.00000000","","","","","","","","","","admin","0","0","0","0","1","","217681650017","","","","","","","","","","","Uruguay","","","2023-09-05 18:25:50","admin","IMPORT","0","","2026-10-05 09:35:06","Montevideo"
"Demel","ACC2253","DEMEL SA","Demel","211678530015","0","","","","javierbarbeito28@gmail.com","","0.00000000","94481534","","","","","","Micro (1 a 4)","","","admin","0","0","0","0","0","","","","","D. Villar","","","","","","","","Uruguay","","","2023-09-05 18:25:50","admin","IMPORT","0","","2026-10-05 09:35:06","Montevideo"
"LABORATORIO LEDUC","ACC2254","DENTAL LEDUC SRL","LABORATORIO LEDUC","210771420013","0","","","","","24098110","0.00000000","","","","","","","Pequeña (5 a 19)","","","admin","0","0","0","0","0","","","","","","","","","","","","","Uruguay","","","2023-09-05 18:25:50","admin","IMPORT","0","","2026-10-05 09:35:07","Montevideo"
"Departamental MGAP Florida","ACC2255","Departamental MGAP Florida","Departamental MGAP Florida","0","0","","","","dberti@mgap.gub.uy","","0.00000000","98294190","","","","","","","","","admin","0","0","0","0","0","","","","","D. Villar","","","","","","","","","","","2023-09-05 18:25:50","admin","IMPORT","0","","2026-10-05 09:35:08","Florida"
"Mercado Libre","ACC2256","DEREMATE.COM DE URUGUAY SRL","Mercado Libre","214111700011","0","","Empresas Socias Directas","","compras@mercadolibre.com.uy","29272772","0.00000000","","","","","","Tecnología-Telecomunicaciones- actividades conexas","Grande (más 99)","Residual","19. Servicios profesionales, técnicos, especializados y aquellos no incluidos en otros grupos","admin","0","0","0","0","0","","214111700011","TS01","VIG","L. Viana","","","","","","","","Uruguay","Montevideo","Montevideo","2023-09-05 18:25:50","admin","IMPORT","0","","2026-10-05 09:35:08","Montevideo"
"DESPRO","ACC2257","DESPRO SA","DESPRO","214004870010","0","","Empresas Socias Directas","www.desprouy.com/es/","despro@desprouy.com","23580085","0.00000000","","","","","","Ganadería - Agricultura y Actividades Conexas","Mediana (20 a 99)","","","admin","1","0","0","1","0","","214004870010","TS02","VIG","L. Viana","","","","","","","","Uruguay","Montevideo","Montevideo","2023-09-05 18:25:50","admin","IMPORT","0","","2026-10-05 09:35:09","Montevideo"
"Destino Punta del Este","ACC2258","DESTINO PUNTA DEL ESTE","Destino Punta del Este","0","138","","Centro Comercial","","","","0.00000000","","","","","","","","","","admin","0","0","0","0","0","","","TS03","BAJ","L. Viana","","","","","","","","Uruguay","","Maldonado","2023-09-05 18:25:50","admin","IMPORT","0","","2026-10-05 09:35:09",""
"MAGMA","ACC2259","DESTOL SA","MAGMA","213092360011","0","","Empresas Socias Directas","www.espaciomagma.com/es-uy","magmacentral@netgate.com.uy","27168884","0.00000000","","","","","","Textiles - vestimentas - cuero y calzado","Mediana (20 a 99)","1","10. Comercio en general","admin","0","0","0","0","1","","213092360011","TS02","VIG","L. Viana","","","","","","","","Uruguay","Montevideo","Montevideo","2023-09-05 18:25:50","admin","IMPORT","0","","2026-10-05 09:35:09","Montevideo"
"Publicis Impetu","ACC2260","DEVON SA","Publicis Impetu","211369030018","0","","Socios Indirectos","","vgoitia@publicisimpetu.com.uy","26054806","0.00000000","","","","","","","Mediana (20 a 99)","","","admin","0","0","0","0","0","","211369030018","","","","","","","","","","","Uruguay","","","2023-09-05 18:25:50","admin","IMPORT","0","","2026-10-05 09:35:10",""
"DGC SRL","ACC2261","DGC SRL","DGC SRL","200194640011","0","","","","danilo.da.costa@hotmail.com","","0.00000000","98622838","","","","","","","","","admin","0","0","0","0","0","","","","","D. Villar","","","","","","","","","","","2023-09-05 18:25:50","admin","IMPORT","0","","2026-10-05 09:35:10","Rocha"
"Dica y Asociados","ACC2262","Dica y Asociados SAS","Dica y Asociados","215520040016","0","Accounts::::CUSAI","Socios Indirectos","www.dica.com.uy","mfurtado@dica.com.uy","27131113","0.00000000","97012500","","","","","","Pequeña (5 a 19)","","","admin","0","0","0","0","0","","215520040016","","","D. Villar","","","","","","","","Uruguay","Montevideo","Montevideo","2023-09-05 18:25:50","admin","IMPORT","0","","2026-10-05 09:35:11","Montevideo"
"DGETP","ACC2263","Dirección General de Educación Técnico Profesional","DGETP","0","0","","","","manoconza@gmail.com","","0.00000000","95490648","","","","","","","","","admin","0","0","0","0","0","","","","","D. Villar","","","","","","","","","","","2023-09-05 18:25:50","admin","IMPORT","0","","2026-10-05 09:35:11","Florida"
"CREDICOMPRAS","ACC2264","DIROVAL SA","CREDICOMPRAS","213622560012","0","","Socios Indirectos","","eduardoborreani@credicompras.com.uy","22922700","0.00000000","","","","","","","","","","admin","0","0","0","0","0","","213622560012","","","","","","","","","","","","","","2023-09-05 18:25:50","admin","IMPORT","0","","2026-10-05 09:35:12","Canelones"
"Julio Muebles","ACC2265","DISEÑARTE SRL","Julio Muebles","20133900015","0","","Empresas Socias Directas","www.juliomuebles.com.uy","administracion@juliomuebles.com.uy","43323105","0.00000000","","","","","","Bazar-Ferretería-Pinturería","Pequeña (5 a 19)","","","admin","0","0","0","0","1","Socio","","","","L. Viana","","LUIS ALBERTO DE HERRERA 132","","","","","","Uruguay","Canelones","Canelones","2023-09-05 18:25:50","vpopovich@cncs.com.uy","IMPORT","0","","2026-10-05 09:35:12","Canelones"
"DISER","ACC2266","DISER LTDA","DISER","210746750013","0","","Empresas Socias Directas","","roberto@diser.com.uy","2203900","0.00000000","","","","","","","Mediana (20 a 99)","","","admin","0","0","0","0","1","","210746750013","","","","","","","","","","","Uruguay","","","2023-09-05 18:25:50","admin","IMPORT","0","","2026-10-05 09:35:13",""
"DAO","ACC2267","Distribuidora Articulos Opticos","DAO","0","0","","","www.dao.com.uy","dao@dao.com.uy","","0.00000000","98504504","","","","","","","","","admin","0","0","0","0","0","","","","","D. Villar","","","","","","","","Uruguay","","","2023-09-05 18:25:50","admin","IMPORT","0","","2026-10-05 09:35:13","Canelones"
"MONTEVIDEO GAS","ACC2268","DISTRIBUIDORA DE GAS DE MONTEVIDEO SA","MONTEVIDEO GAS","213241630015","0","","Empresas Socias Directas","","larosa@montevideogas.com.uy","29012525 int 5625","0.00000000","","","","","","Logística –Transporte – Distribuidora - Almacenamiento","Grande (más 99)","5","7. Industria química, del medicamento, farmacéutica, de combustibles y anexos","admin","0","0","0","0","0","","213241630015","TS02","VIG","L. Viana","","","","","","","","Uruguay","Montevideo","Montevideo","2023-09-05 18:25:50","admin","IMPORT","0","","2026-10-05 09:35:13","Montevideo"
"DUCSA","ACC2269","DISTRIBUIDORA URUGUAYA DE COMBUSTIBLE","DUCSA","214421830010","0","","Empresas Socias Directas","","rrhh@ducsa.com.uy","26226022 Int 2410","0.00000000","","","","","","Industria-Energía-Minería","Grande (más 99)","","","admin","0","0","0","0","0","","214421830010","TS02","VIG","L. Viana","","","","","","","","Uruguay","Montevideo","Montevideo","2023-09-05 18:25:50","admin","IMPORT","0","","2026-10-05 09:35:14","Montevideo"
"DOBARRO Y PICHEL","ACC2270","DOBARRO Y PICHEL SA","DOBARRO Y PICHEL","212292340016","0","","Empresas Socias Directas","www.dobarro.com.uy","fmiller@dobarro.com.uy","22002001 Int 258","0.00000000","","","","","","Other","Grande (más 99)","","","admin","0","0","0","0","1","Socio","212292340016","TS02","VIG","L. Viana","","","","","","","","Uruguay","","","2023-09-05 18:25:50","admin","IMPORT","0","","2026-10-05 09:35:14","Montevideo"
"DOFIN","ACC2271","DOFIN SA","DOFIN","211063190018","0","","Empresas Socias Directas","www.dofin.com.uy","vbremermann@dofin.com.uy","25087240","0.00000000","","","","","","Textiles - vestimentas - cuero y calzado","Grande (más 99)","","","admin","1","0","0","1","0","","211063190018","TS02","EMSUS","L. Viana","","","","","","","","Uruguay","Montevideo","Montevideo","2023-09-05 18:25:50","admin","IMPORT","0","","2026-10-05 09:35:15","Montevideo"
"LA CASA DEL MOTOCICLISTA","ACC2272","DOMINGO TORRE Y COMPAÑÍA LTDA","LA CASA DEL MOTOCICLISTA","210750420014","0","","Empresas Socias Directas","www.domingotorre.com.uy","dtorre@netgate.com.uy","29242484","0.00000000","","","29242491","","","Automotriz- Motocicletas – Autopartes","Pequeña (5 a 19)","15","10. Comercio en general","admin","0","1","0","0","0","","","TS02","VIG","L. Viana","","","","","","","","Uruguay","Montevideo","Montevideo","2023-09-05 18:25:50","admin","IMPORT","0","","2026-10-05 09:35:15","Montevideo"
"Elvira Domínguez","ACC2273","Dominguez Alonso Maria Elvira","Elvira Domínguez","212891720010","0","","Empresas Socias Directas","","elviradominguez2015@gmail.com","24000151 Int 3506","0.00000000","","","","","","Other","Micro (1 a 4)","","","admin","0","0","0","0","1","","212891720010","TS02","VIG","L. Viana","","","","","","","","Uruguay","","","2023-09-05 18:25:50","admin","IMPORT","0","","2026-10-05 09:35:15",""
"DOMS","ACC2274","DOMS Ltda","DOMS","216164040012","0","","","","karim@doms.com.uy","","0.00000000","93811855","","","","","","Micro (1 a 4)","","","admin","0","0","0","0","0","","","","","D. Villar","","","","","","","","","","","2023-09-05 18:25:50","admin","IMPORT","0","","2026-10-05 09:35:16","Canelones"
"DON RUFINO","ACC2275","DON RUFINO SRL","DON RUFINO","080180040012","0","","Empresas Socias Directas","https://rmoizo.com/contact-us/","grmoizo@adinet.com.uy","23233676","0.00000000","","","","","","Procesamiento y conservación de alimentos - bebidas y tabaco","Mediana (20 a 99)","2","1. Procesamiento y conservación de alimentos, bebidas y tabaco","admin","0","0","0","1","0","","080180040012","TS02","VIG","L. Viana","","","","","","","Uruguay","Uruguay","Montevideo","Montevideo","2023-09-05 18:25:50","admin","IMPORT","0","","2026-10-05 09:35:16","Montevideo"
"DONMARIO","ACC2276","DONMARIO SA","DONMARIO","210350600015","0","","Empresas Socias Directas","www.donmario.com.uy","alfombrasdonmario@vera.com.uy","24874871","0.00000000","","","","","","Textiles - vestimentas - cuero y calzado","Pequeña (5 a 19)","1","10. Comercio en general","admin","0","0","0","0","1","","210350600015","TS02","SOLIC-BAJA","L. Viana","","","","","","","Uruguay","Uruguay","Montevideo","Montevideo","2023-09-05 18:25:50","admin","IMPORT","0","","2026-10-05 09:35:17","Montevideo"
"DRAMAR","ACC2277","DRAMAR SA","DRAMAR","214556560011","0","","Empresas Socias Directas","","alberto@dramar.uy","24110000","0.00000000","","","","","","Vigilancia-Limpieza","Grande (más 99)","7","19. Servicios profesionales, técnicos, especializados y aquellos no incluidos en otros grupos","admin","0","0","0","0","1","","214556560011","TS02","VIG","L. Viana","","","","","","","","Uruguay","Montevideo","Montevideo","2023-09-05 18:25:50","admin","IMPORT","0","","2026-10-05 09:35:17","Montevideo"
"DREGHAL","ACC2278","DREGHAL SA","DREGHAL","210030860016","0","","","","ventas@dreghal.com.uy","29031616","0.00000000","","","","","","","Mediana (20 a 99)","","","admin","0","0","0","0","0","","","","","","","","","","","","","Uruguay","","","2023-09-05 18:25:50","admin","IMPORT","0","","2026-10-05 09:35:18","Montevideo"
"DROGUERÍA URUGUAY","ACC2279","DROGUERÍA URUGUAY SA","DROGUERÍA URUGUAY","210275590011","0","","Empresas Socias Directas","www.dusa.com.uy","myrna.fiori@dusa.com.uy","24087505 Int 280","0.00000000","","","","","","Industria Farmacéutica","Grande (más 99)","13","10. Comercio en general","admin","0","0","0","0","1","","210275590011","TS02","VIG","L. Viana","","","","","","","","Uruguay","Montevideo","Montevideo","2023-09-05 18:25:50","admin","IMPORT","0","","2026-10-05 09:35:18","Montevideo"
"DURAGOM","ACC2280","DURAGOM SA","DURAGOM","216887200019","0","","Empresas Socias Directas","","daniel.duragom@gmail.com","25226890","0.00000000","93741972","","","","","Automotriz- Motocicletas – Autopartes","Micro (1 a 4)","5","10. Comercio en general","admin","0","0","0","0","0","","216887200019","TS02","BAJ","L. Viana","","","","","","","","Uruguay","Montevideo","Montevideo","2023-09-05 18:25:50","admin","IMPORT","0","","2026-10-05 09:35:18","Montevideo"
"Durlinco","ACC2281","Durlinco SA","Durlinco","211510480010","0","","","","cfierro@montevideo.com.uy","","0.00000000","94300326","","","","","","Pequeña (5 a 19)","","","admin","0","0","0","0","0","","","","","D. Villar","","","","","","","","","","","2023-09-05 18:25:50","admin","IMPORT","0","","2026-10-05 09:35:19","Canelones"
"DURULTE ALIMENTOS","ACC2282","DURULTE SA","DURULTE ALIMENTOS","211432020010","0","","","","durulte@durulte.com.uy","25131111","0.00000000","","","","","","","Grande (más 99)","","","admin","0","0","0","0","0","","","","","","","","","","","","","Uruguay","","","2023-09-05 18:25:50","admin","IMPORT","0","","2026-10-05 09:35:19","Montevideo"
"Dutra Negocios Rurales","ACC2283","DUTRA Hnos SRL","Dutra Negocios Rurales","213491650013","0","","","","","24021388","0.00000000","","","","","","","Micro (1 a 4)","","","admin","0","0","0","0","0","","","","","","","","","","","","","Uruguay","","","2023-09-05 18:25:50","admin","IMPORT","0","","2026-10-05 09:35:19","Montevideo"
"Ebital","ACC2284","EBITAL SA","Ebital","215148800018","0","","","","jimenabaldomir@gmail.com","","0.00000000","604005","","","","","","Mediana (20 a 99)","","","admin","0","0","0","0","0","","215148800018","","","D. Villar","","","","","","","","","","","2023-09-05 18:25:50","admin","IMPORT","0","","2026-10-05 09:35:20","Montevideo"
"Centro Interdisciplinario del Nordeste","ACC2285","ECHETO MEDINA SERGIO HAIBAR","Centro Interdisciplinario del Nordeste","215541210018","0","","Empresas Socias Directas","","prof.sergioecheto@gmail.com","22159297","0.00000000","","","","","","Servicios de Enseñanza","Pequeña (5 a 19)","6","10. Comercio en general","admin","0","0","0","0","0","","215541210018","TS02","VIG","L. Viana","","","","","","","","Uruguay","Montevideo","Montevideo","2023-09-05 18:25:50","admin","IMPORT","0","","2026-10-05 09:35:20","Montevideo"
"ECHEVARRIA LEUNDA Y ECHEVARRIA PETIT ABOGADOS","ACC2286","ECHEVARRIA LEUNDA Y ECHEVARRIA PETIT ABOGADOS SRL","ECHEVARRIA LEUNDA Y ECHEVARRIA PETIT ABOGADOS","215569130019","0","","Empresas Socias Directas","www.echevarriaabogados.com","estudio@echevarriaabogados.com","29014010","0.00000000","","","","","","Servicios Profesionales- Técnicos Especializados -Certificaciones","Pequeña (5 a 19)","","","admin","0","0","0","0","1","","215569130019","TS01","VIG","L. Viana","","","","","","","","Uruguay","Montevideo","Montevideo","2023-09-05 18:25:50","admin","IMPORT","0","","2026-10-05 09:35:21","Montevideo"
"Ecopisos","ACC2287","ECOPISOS SRL","Ecopisos","218644850014","0","","","","efcherro@hotmail.com","","0.00000000","98733009","","","","","","","","","admin","0","0","0","0","0","","","","","D. Villar","","","","","","","","Uruguay","","","2023-09-05 18:25:50","admin","IMPORT","0","","2026-10-05 09:35:21",""
"EDOLUR","ACC2288","EDOLUR SA","EDOLUR","213587710017","0","","Empresas Socias Directas","","edolursa@gmail.com","29170287","0.00000000","","edolur.ventas@adinet.com.uy","","","","Industria Frigorífica","Mediana (20 a 99)","","3. Pesca","admin","0","0","0","0","1","","213587710017","TS02","SOLIC-BAJA","L. Viana","","","","","","","","Uruguay","Montevideo","Montevideo","2023-09-05 18:25:50","admin","IMPORT","0","","2026-10-05 09:35:22","Montevideo"
"EFICE","ACC2289","EFICE SA","EFICE","210152640010","0","","","","aip@efice.uy","23472020","0.00000000","","","","","","","Grande (más 99)","","","admin","0","0","0","0","0","","","","","D. Villar","","","","","","","","","","","2023-09-05 18:25:50","admin","IMPORT","0","","2026-10-05 09:35:22","Montevideo"
"EKIFOL","ACC2290","EKIFOL SA","EKIFOL","213880450015","0","","Empresas Socias Directas","www.ekifolsa.com","federico@ekifolsa.com","25149481","0.00000000","","gustavo@ekifolsa.com","","","","Textiles - vestimentas - cuero y calzado","Pequeña (5 a 19)","3","5. Industrias del Cuero, Vestimenta y Calzado","admin","0","0","0","0","1","","213880450015","TS02","VIG","L. Viana","","","","","","","","Uruguay","Montevideo","Montevideo","2023-09-05 18:25:50","admin","IMPORT","0","","2026-10-05 09:35:22","Montevideo"
"SI SI","ACC2291","EL HOGAR DE LAS MEDIAS SA","SI SI","210185650015","0","","Empresas Socias Directas","www.sisi.com.uy","contaduria@sisi.com.uy","29024879","0.00000000","","contaduria@grupoaxo.com","","","","Textiles - vestimentas - cuero y calzado","Grande (más 99)","1","10. Comercio en general","admin","0","0","0","0","0","","210185650015","TS01","VIG","L. Viana","","","","","","","","Uruguay","","","2023-09-05 18:25:50","admin","IMPORT","0","","2026-10-05 09:35:23","Montevideo"
"EL PAIS","ACC2292","EL PAIS SA","EL PAIS","210148400019","0","","Empresas Socias Directas","","mira@elpais.com.uy","29023061","0.00000000","","","","","","Other","Grande (más 99)","","","admin","0","0","0","0","0","","210148400019","TS02","VIG","L. Viana","","","","","","","","Uruguay","Montevideo","Montevideo","2023-09-05 18:25:50","admin","IMPORT","0","","2026-10-05 09:35:23","Montevideo"
"EL PALENQUE","ACC2293","EL PALENQUE SA","EL PALENQUE","211155320015","0","","Empresas Socias Directas","","administracion@elpalenque.com.uy","29081182","0.00000000","","","","","","Hoteles Restaurantes- Bares - Entretenimiento","Pequeña (5 a 19)","","","admin","0","0","0","0","1","","211155320015","","","","","","","","","","","Uruguay","Montevideo","Montevideo","2023-09-05 18:25:50","admin","IMPORT","0","","2026-10-05 09:35:24","Montevideo"
"EL TIMBÓ","ACC2294","EL TIMBO LTDA","EL TIMBÓ","180114340018","0","","Socios Indirectos","","","45322777","0.00000000","","","","","","","Mediana (20 a 99)","","","admin","0","0","0","0","0","","180114340018","","","","","","","","","","","","","","2023-09-05 18:25:50","admin","IMPORT","0","","2026-10-05 09:35:24","Soriano"
"STH CONSTRUCCIONES","ACC2295","ELDIR SA","STH CONSTRUCCIONES","213570660011","0","","Empresas Socias Directas","","","29164151","0.00000000","","","","","","","","","","admin","0","0","0","0","1","","213570660011","","","","","","","","","","","","","","2023-09-05 18:25:50","admin","IMPORT","0","","2026-10-05 09:35:25",""
"ELECO","ACC2296","ELECO SA","ELECO","211110890017","0","","Empresas Socias Directas","www.eleco.com.uy","pinnella@eleco.com.uy","23046888","0.00000000","","","","","","Industria Farmacéutica","Mediana (20 a 99)","16","10. Comercio en general","admin","0","0","0","0","1","Socio","211110890017","TS02","VIG","L. Viana","","","","","","","Uruguay","Uruguay","Montevideo","Montevideo","2023-09-05 18:25:50","admin","IMPORT","0","","2026-10-05 09:35:25","Montevideo"
"ELECORP","ACC2297","ELECORP SRL","ELECORP","20520100012","0","","","","germanrobaina@ingenieriaelectronica.com.uy","","0.00000000","97317868","","","","","","Pequeña (5 a 19)","","","admin","0","0","0","0","0","","","","","D. Villar","","","","","","","","","","","2023-09-05 18:25:50","admin","IMPORT","0","","2026-10-05 09:35:25","Canelones"
"Electric-cal","ACC2298","Electric-cal Ltda","Electric-cal","0","0","","","","ricardopo@adinet.com.uy","","0.00000000","99152687","","","","","","","","","admin","0","0","0","0","0","","","","","D. Villar","","","","","","","","","","","2023-09-05 18:25:50","admin","IMPORT","0","","2026-10-05 09:35:26","Montevideo"
"Electricidad MGA","ACC2299","Electricidad MGA SAS","Electricidad MGA","110438540011","0","","","","","","0.00000000","95333831","","","","","","Micro (1 a 4)","","","admin","0","0","0","0","0","","","","","","","","","","","","","Uruguay","","","2023-09-05 18:25:50","admin","IMPORT","0","","2026-10-05 09:35:26","Canelones"
"ELECTROFONIA","ACC2300","ELECTROFONIA SA","ELECTROFONIA","210623120011","0","","Empresas Socias Directas","www.electrofonia.com","caja@electrofonia.com","29244646 Int 121","0.00000000","","","","","","Tecnología-Telecomunicaciones- actividades conexas","Pequeña (5 a 19)","3","8. Industria de productos metálicos, maquinarias y equipo","admin","0","0","0","0","0","","210623120011","TS02","VIG","L. Viana","","","","","","","","Uruguay","Montevideo","Montevideo","2023-09-05 18:25:50","admin","IMPORT","0","","2026-10-05 09:35:26","Montevideo"
"ELECTROTECNIA NOVAS","ACC2301","ELECTROTECNIA NOVAS SA","ELECTROTECNIA NOVAS","211466150014","0","","Empresas Socias Directas","","","23597415","0.00000000","","","","","","","Mediana (20 a 99)","","","admin","0","0","0","0","1","","211466150014","TS02","BAJ","","","","","","","","","Uruguay","","","2023-09-05 18:25:50","admin","IMPORT","0","","2026-10-05 09:35:27",""
"ELIZONDO Y CIA","ACC2302","ELIZONDO Y CIA SRL","ELIZONDO Y CIA","0","0","","","","j.e.elizondo@gmail.com","","0.00000000","99728986","","","","","","","","","admin","0","0","0","0","0","","","","","D. Villar","","","","","","","","","","","2023-09-05 18:25:50","admin","IMPORT","0","","2026-10-05 09:35:27","Paysandú"
"GLOBAL SPORTS","ACC2303","ELTONIR SA","GLOBAL SPORTS","214468370016","0","","","","","27108828","0.00000000","","","","","","","Mediana (20 a 99)","","","admin","0","0","0","0","0","","","","","","","","","","","","","","","","2023-09-05 18:25:50","admin","IMPORT","0","","2026-10-05 09:35:28","Montevideo"
"EMEDICAL","ACC2304","EMEDICAL SA","EMEDICAL","212074270016","0","","Empresas Socias Directas","www.emedical.com.uy","adriana.romay@emedicalgroup.com","24095743","0.00000000","","","","","","Servicios de Salud y actividades conexas","Mediana (20 a 99)","16","10. Comercio en general","admin","0","0","0","0","0","","212074270016","TS02","SOLIC-BAJA","L. Viana","","","","","","","","Uruguay","Montevideo","Montevideo","2023-09-05 18:25:50","admin","IMPORT","0","","2026-10-05 09:35:28","Montevideo"
"EMILIO BENZO","ACC2305","EMILIO BENZO SA","EMILIO BENZO","210002600013","0","","","","","26827221","0.00000000","","","","","","","Mediana (20 a 99)","","","admin","0","0","0","0","0","","","","","","","","","","","","","Uruguay","","","2023-09-05 18:25:50","admin","IMPORT","0","","2026-10-05 09:35:29","Montevideo"
"ORGANIZACIÓN SALHÓN","ACC2306","EMPRESA SALHÓN SA","ORGANIZACIÓN SALHÓN","210118530011","0","","","","","25080606","0.00000000","","","","","","","Mediana (20 a 99)","","","admin","0","0","0","0","1","","210118530011","","","","","","","","","","","Uruguay","","","2023-09-05 18:25:50","admin","IMPORT","0","","2026-10-05 09:35:29","Montevideo"
"EMSA","ACC2307","EMSA SA","EMSA","210140810013","0","","Empresas Socias Directas","www.emsa.com.uy","jorgedeniz@emsa.com.uy","29160318 Int 12","0.00000000","","","","","","Tecnología-Telecomunicaciones- actividades conexas","Pequeña (5 a 19)","","","admin","0","0","0","0","0","","210140810013","TS02","VIG","L. Viana","","","","","","","","Uruguay","Montevideo","Montevideo","2023-09-05 18:25:50","admin","IMPORT","0","","2026-10-05 09:35:29","Montevideo"
"ENCATEX","ACC2308","ENCATEX SA","ENCATEX","210002500019","0","Accounts::::CICALTEX","Empresas Socias Directas","www.encatex.com.uy","mgonzalez@adinet.com.uy","25081830","0.00000000","","","","","","Textiles - vestimentas - cuero y calzado","Grande (más 99)","1","10. Comercio en general","admin","0","0","0","0","1","","210002500019","TS02","VIG","L. Viana","","","","","","","","Uruguay","","","2023-09-05 18:25:50","admin","IMPORT","0","","2026-10-05 09:35:30","Montevideo"
"Encore Partners","ACC2309","Encore Partners Ltd","Encore Partners","0","0","","","","jukka.isotalo@encorepartners.fi","","0.00000000","","","","","","","","","","admin","0","0","0","0","0","","","","","D. Villar","","","","","","","","","","","2023-09-05 18:25:50","admin","IMPORT","0","","2026-10-05 09:35:30","Montevideo"
"ENEKA","ACC2310","ENEKA SA","ENEKA","210122040015","0","","Empresas Socias Directas","www.eneka.com.uy","administracion@eneka.com.uy","29023010","0.00000000","","","","","","Tecnología-Telecomunicaciones- actividades conexas","Pequeña (5 a 19)","","","admin","0","0","0","0","1","","210122040015","TS02","VIG","L. Viana","","","","","","","","Uruguay","Montevideo","Montevideo","2023-09-05 18:25:50","admin","IMPORT","0","","2026-10-05 09:35:31","Montevideo"
"ENGRAW EXPORT & IMPORT CO","ACC2311","ENGRAW EXPORT & IMPORT CO SA","ENGRAW EXPORT & IMPORT CO","210000660019","0","","Empresas Socias Directas","www.engraw.com.uy","gplada@engraw.com.uy","26042499","0.00000000","95950395","","","","","Ganadería - Agricultura y Actividades Conexas","Grande (más 99)","1","4. Industria Textil","admin","1","0","0","1","1","","210000660019","TS02","VIG","L. Viana","","","","","","","","Uruguay","Montevideo","Montevideo","2023-09-05 18:25:50","admin","IMPORT","0","","2026-10-05 09:35:31","Montevideo"
"AGUERREBERE","ACC2312","ENRIQUE AGUERREBERE SA","AGUERREBERE","210001520016","0","","Empresas Socias Directas","","","26007787","0.00000000","","","","","","","Mediana (20 a 99)","","","admin","0","0","0","0","1","","210001520016","","","","","","","","","","","Uruguay","","","2023-09-05 18:25:50","admin","IMPORT","0","","2026-10-05 09:35:31","Montevideo"
"AUTOMOTORA FRANCESA","ACC2313","ENRIQUE PLACE Y CIA SRL","AUTOMOTORA FRANCESA","210115560017","0","","Empresas Socias Directas","","automotorafrancesa.uruguay@gmail.com","29241501","0.00000000","","","","","","","","","","admin","0","0","0","0","0","","210115560017","TS02","BAJ","L.González","","","","","","","","","","","2023-09-05 18:25:50","admin","IMPORT","0","","2026-10-05 09:35:32","Montevideo"
"ENSOY","ACC2314","ENSOY SAS","ENSOY","170354080013","0","","","","a.ensoy@gmail.com","","0.00000000","94598340","","","","","","Micro (1 a 4)","","","admin","0","0","0","0","0","","","","","D. Villar","","","","","","","","","","","2023-09-05 18:25:50","admin","IMPORT","0","","2026-10-05 09:35:32","San José"
"ENSUEÑO","ACC2315","ENSUEÑO SRL","ENSUEÑO","211072120019","0","","","","","29002997","0.00000000","","","","","","","Micro (1 a 4)","","","admin","0","0","0","0","0","","","","","","","","","","","","","Uruguay","","","2023-09-05 18:25:50","admin","IMPORT","0","","2026-10-05 09:35:33","Montevideo"
"Mipais","ACC2316","ENTAL SA","Mipais","214533400018","0","","Empresas Socias Directas","","sistemas@adinet.com.uy","29090731","0.00000000","99072416","","","","","Tecnología-Telecomunicaciones- actividades conexas","Pequeña (5 a 19)","","","admin","0","0","0","0","0","","214533400018","TS02","VIG","L. Viana","","","","","","","","Uruguay","Montevideo","Montevideo","2023-09-05 18:25:50","admin","IMPORT","0","","2026-10-05 09:35:33","Montevideo"
"ENZUR","ACC2317","ENZUR SA","ENZUR","210816120013","0","","","","","23201221","0.00000000","","","","","","","Mediana (20 a 99)","","","admin","0","0","0","0","0","","","","","","","","","","","","","Uruguay","","","2023-09-05 18:25:50","admin","IMPORT","0","","2026-10-05 09:35:34","Montevideo"
"EPICENTRO","ACC2318","EPICENTRO SA","EPICENTRO","211191930014","0","","Empresas Socias Directas","www.epicentro.uy","DIRECTORIO@EPICENTRO.COM.UY","22006225","0.00000000","","","","","","Productos Metalúrgicos-Maquinaria-Construcción","Mediana (20 a 99)","Residual","10. Comercio en general","admin","0","0","0","0","0","","211191930014","TS01","VIG","L. Viana","","","","","","","","Uruguay","Montevideo","Montevideo","2023-09-05 18:25:50","admin","IMPORT","0","","2026-10-05 09:35:34","Montevideo"
"GRUPO EPP","ACC2319","EPP SRL","GRUPO EPP","211903740018","0","","Empresas Socias Directas","www.epp.com.uy","lrebella@epp.com.uy","29160150","0.00000000","","","","","","Servicios Profesionales- Técnicos Especializados -Certificaciones","Mediana (20 a 99)","1","19. Servicios profesionales, técnicos, especializados y aquellos no incluidos en otros grupos","admin","0","0","0","0","0","","211903740018","TS02","VIG","L. Viana","","","","","","","","Uruguay","Montevideo","Montevideo","2023-09-05 18:25:50","admin","IMPORT","0","","2026-10-05 09:35:35","Montevideo"
"Clearing de Informes","ACC2320","EQUIFAX URUGUAY SA","Clearing de Informes","212755380017","0","","Empresas Socias Directas","www.equifax.uy","proveedores.equifaxuy@equifax.com","26281515","0.00000000","","","","","","Tecnología-Telecomunicaciones- actividades conexas","Grande (más 99)","Residual","19. Servicios profesionales, técnicos, especializados y aquellos no incluidos en otros grupos","admin","0","0","0","0","0","","212755380017","TS01","VIG","L. Viana","","","","","","","","Uruguay","Montevideo","Montevideo","2023-09-05 18:25:50","admin","IMPORT","0","","2026-10-05 09:35:35","Montevideo"
"EQUIPAMIENTO LASER SRL","ACC2321","EQUIPAMIENTO LASER SRL","EQUIPAMIENTO LASER SRL","212364450017","0","","","www.equipamientolaser.com.uy","daniel@equipamientolaser.com.uy","24095809","0.00000000","97690790","","","","","","Pequeña (5 a 19)","","","admin","0","0","0","0","1","","","","","","","","","","","","","Uruguay","","","2023-09-05 18:25:50","admin","IMPORT","0","","2026-10-05 09:35:35","Montevideo"
"MARMOLERIA LAVIERE VITACCA","ACC2322","ERANOVA SA","MARMOLERIA LAVIERE VITACCA","216376760019","0","","Empresas Socias Directas","","","29026279","0.00000000","","","","","","","Mediana (20 a 99)","","","admin","0","0","0","0","1","Exsocio","216376760019","","BAJ","","","","","","","","","Uruguay","","","2023-09-05 18:25:50","admin","IMPORT","0","","2026-10-05 09:35:36","Canelones"
"Solis Meat","ACC2323","ERSINAL SA","Solis Meat","212531360012","0","","Empresas Socias Directas","www.solismeat.com.uy/es/","solismeat@solismeat.com.uy","44474145","0.00000000","","","","","","Industria Frigorífica","Grande (más 99)","1","2. Industria frigorífica","admin","0","0","0","0","0","","212531360012","TS02","VIG","L. Viana","","","","","","","","Uruguay","","","2023-09-05 18:25:50","admin","IMPORT","0","","2026-10-05 09:35:36","Lavalleja"
"Escritorio Aramburu & Cía","ACC2324","Escritorio Aramburu & Cía. Ltda","Escritorio Aramburu & Cía","70192770013","0","","","","ruchoaramburu@gmail","","0.00000000","99870243","","","","","","Pequeña (5 a 19)","","","admin","0","0","0","0","0","","","","","D. Villar","","","","","","","","","","","2023-09-05 18:25:50","admin","IMPORT","0","","2026-10-05 09:35:37","Durazno"
"ESCRITORIO DI SANTI LTDA (DSR)","ACC2325","ESCRITORIO DI SANTI LTDA","ESCRITORIO DI SANTI LTDA (DSR)","070195390017","0","","Empresas Socias Directas","www.dsr.uy","gmilan@dsr.uy","43531618","0.00000000","","abeltrand@dsr.uy","43521570","","","Servicios Profesionales- Técnicos Especializados -Certificaciones","Pequeña (5 a 19)","","","admin","0","0","0","1","0","","070195390017","TS02","VIG","L. Viana","","","","","","","Uruguay","Uruguay","Florida","Florida","2023-09-05 18:25:51","admin","IMPORT","0","","2026-10-05 09:35:37","Florida"
"Escritorio Dutra","ACC2326","Escritorio Dutra Ltda","Escritorio Dutra","214703790016","0","","","","","","0.00000000","97850005","","","","","","Pequeña (5 a 19)","","","admin","0","0","0","0","0","","","","","","","","","","","","","","","","2023-09-05 18:25:51","admin","IMPORT","0","","2026-10-05 09:35:38","Montevideo"
"LIMPORT SERVICIO INTEGRAL","ACC2327","ESKIL SA","LIMPORT SERVICIO INTEGRAL","214314880014","0","","Empresas Socias Directas","","ntravieso@limport.com.uy","24010078","0.00000000","99600894","","","","","","Grande (más 99)","7","19. Servicios profesionales, técnicos, especializados y aquellos no incluidos en otros grupos","admin","0","0","0","0","0","","214314880014","TS02","BAJ","L. Viana","","","","","","","","Uruguay","Montevideo","Montevideo","2023-09-05 18:25:51","admin","IMPORT","0","","2026-10-05 09:35:38","Montevideo"
"HUGHES & HUGHES","ACC2328","HUGHES & HUGHES","HUGHES & HUGHES","211268830019","0","","Empresas Socias Directas","www.hughes.com.uy","rperrone@hughes.com.uy","29160988","0.00000000","","","","","","Servicios Profesionales- Técnicos Especializados -Certificaciones","Mediana (20 a 99)","Residual","19. Servicios profesionales, técnicos, especializados y aquellos no incluidos en otros grupos","admin","0","0","0","0","0","","211268830019","TS02","VIG","L. Viana","","","","","","","","Uruguay","","","2023-09-05 18:25:51","admin","IMPORT","0","","2026-10-05 09:35:39","Montevideo"
"ESSEN","ACC2329","ESSEN SA","ESSEN","211817740013","0","","Empresas Socias Directas","www.essenltda.com.uy","crodriguez@essenltda.com.uy","29290092","0.00000000","95611620","","","","","Bazar-Ferretería-Pinturería","Mediana (20 a 99)","","","admin","0","0","0","0","1","Socio","211817740013","","",".","","Miguelete 1824","","","","","","Uruguay","Montevideo","Montevideo","2023-09-05 18:25:51","admin","IMPORT","0","","2026-10-05 09:35:39","Montevideo"
"ESTABLECIMIENO JUANICO","ACC2330","ESTABLECIMIENO JUANICO SA","ESTABLECIMIENO JUANICO","210973860014","0","","","","","43359725","0.00000000","","","","","","Viñedos - Cítricos - Fruticultura - Horticultura - floricultura","Mediana (20 a 99)","","","admin","0","0","0","0","0","","210973860014","","","","","","","","","","","","","","2023-09-05 18:25:51","admin","IMPORT","0","","2026-10-05 09:35:39","Canelones"
"ESTANCIAS PUPPO","ACC2331","ESTANCIAS PUPPO SA","ESTANCIAS PUPPO","214710230012","0","","","","","27075614","0.00000000","","","","","","","Mediana (20 a 99)","","","admin","0","0","0","0","0","","","","","","","","","","","","","Uruguay","","","2023-09-05 18:25:51","admin","IMPORT","0","","2026-10-05 09:35:40","Montevideo"
"ESTEBAN BIANCHI Y CIA","ACC2332","ESTEBAN BIANCHI Y CIA","ESTEBAN BIANCHI Y CIA","210385620012","0","","Empresas Socias Directas","","cbianchi@ebianchiycia.com.uy","29163010","0.00000000","","","","","","","Micro (1 a 4)","","","admin","0","0","0","0","1","","","TS02","BAJ","","","","","","","","Uruguay","Uruguay","Montevideo","Montevideo","2023-09-05 18:25:51","admin","IMPORT","0","","2026-10-05 09:35:40","Montevideo"
"Estudio Atar","ACC2333","ESTUDIO ATAR SRL","Estudio Atar","190227140011","0","","","","andresmiqueiro@gmail.com","","0.00000000","99028785","","","","","","Micro (1 a 4)","","","admin","0","0","0","0","0","","","","","D. Villar","","","","","","","","","","","2023-09-05 18:25:51","admin","IMPORT","0","","2026-10-05 09:35:41","Tacuarembó"
"Estudio Enriquez, Carriquiry & Asoc","ACC2334","Estudio Enriquez, Carriquiry & Asoc","Estudio Enriquez, Carriquiry & Asoc","0","0","","","","jorgemorini@gmail.com","","0.00000000","95053048","","","","","","","","","admin","0","0","0","0","0","","","","","D. Villar","","","","","","","","","","","2023-09-05 18:25:51","admin","IMPORT","0","","2026-10-05 09:35:41","Canelones"
"Estudio Jurídico Gilardi y Asociados","ACC2335","Estudio Jurídico Gilardi y Asociados","Estudio Jurídico Gilardi y Asociados","0","0","","","","vgilardiferreira@gmail.com","","0.00000000","99184679","","","","","","","","","admin","0","0","0","0","0","","","","","D. Villar","","","","","","","","","","","2023-09-05 18:25:51","admin","IMPORT","0","","2026-10-05 09:35:42",""
"MONTES DEL PLATA","ACC2336","EUFORES SA","MONTES DEL PLATA","211448060017","0","","Empresas Socias Directas","www.montesdelplata.com.uy/espanol/","proveedores@montesdelplata.com.uy","26236300","0.00000000","","","26236325","","","Industria de la Madera-Celulosa- Papel","Grande (más 99)","","","admin","0","0","0","0","0","","211448060017","TS02","VIG","L. Viana","","","","","","","Uruguay","Uruguay","Montevideo","Montevideo","2023-09-05 18:25:51","admin","IMPORT","0","","2026-10-05 09:35:42","Colonia"
"EUROFARMA URUGUAY","ACC2337","EUROFARMA URUGUAY SA","EUROFARMA URUGUAY","210129270016","0","","Empresas Socias Directas","www.eurofarma.com.uy","Gildo.costa@eurofarma.com.uy","24015454","0.00000000","","","","","","Industria Farmacéutica","Grande (más 99)","1","7. Industria química, del medicamento, farmacéutica, de combustibles y anexos","admin","0","0","0","0","0","","210129270016","TS02","VIG","L. Viana","","","","","","","","Uruguay","Montevideo","Montevideo","2023-09-05 18:25:51","admin","IMPORT","0","","2026-10-05 09:35:43","Montevideo"
"Expresiones LA","ACC2338","EXPRESIONES LA SRL","Expresiones LA","216968870014","0","","","","paula-marino@expresionesla.com","29151189","0.00000000","99272141","","","","","","Micro (1 a 4)","","","admin","0","0","0","0","0","","216968870014","","","D. Villar","","","","","","","","Uruguay","","","2023-09-05 18:25:51","admin","IMPORT","0","","2026-10-05 09:35:43","Montevideo"
"F PACHE INDUSTRIAL Y COMERCIAL","ACC2339","F PACHE INDUSTRIAL Y COMERCIAL SA","F PACHE INDUSTRIAL Y COMERCIAL","213260240014","0","","Empresas Socias Directas","","","26838714","0.00000000","","","","","","","Mediana (20 a 99)","","","admin","0","0","0","0","0","","213260240014","TS02","BAJ","","","","","","","","","","","","2023-09-05 18:25:51","admin","IMPORT","0","","2026-10-05 09:35:44","Canelones"
"GALLARATE","ACC2340","FABRICA DE CALZADO SANTA PAULA SA","GALLARATE","210353740012","0","","","","info@gallarate.uy","29025959","0.00000000","","","","","","Textiles - vestimentas - cuero y calzado","Pequeña (5 a 19)","","","admin","0","0","0","0","0","","","","","","","","","","","","","","","","2023-09-05 18:25:51","admin","IMPORT","0","","2026-10-05 09:35:44","Montevideo"
"FANAPEL","ACC2341","FABRICA NACIONAL DE PAPEL SA","FANAPEL","210074970011","0","","Empresas Socias Directas","","gfantoni@fanapel.com.uy","29240917","0.00000000","","","","","","Industria de la Madera-Celulosa- Papel","Mediana (20 a 99)","","","admin","0","0","0","0","0","","210074970011","TS04","VIG","L. Viana","","","","","","","","Uruguay","","","2023-09-05 18:25:51","admin","IMPORT","0","","2026-10-05 09:35:45","Montevideo"
"Famet Uniformas & Ropa de trabajo","ACC2342","FAMET Ltda","Famet Uniformas & Ropa de trabajo","210697820017","0","","","","","23570000","0.00000000","95972137","","","","","","Mediana (20 a 99)","","","admin","0","0","0","0","0","","","","","","","","","","","","","Uruguay","","","2023-09-05 18:25:51","admin","IMPORT","0","","2026-10-05 09:35:45","Montevideo"
"FARMACIA FARMAPAL","ACC2344","FARMAPAL SAS","FARMACIA FARMAPAL","190324550016","0","","Empresas Socias Directas","","andreafarmapalsas@gmail.com","","0.00000000","99937831","","","","","Industria Farmacéutica","","","","admin","0","0","0","0","0","","190324550016","TS02","SOLIC-BAJA","L. Viana","","","","","","","","Uruguay","","","2023-09-05 18:25:51","admin","IMPORT","0","","2026-10-05 09:35:45","Colonia"
"Gemma","ACC2345","FARRE SIMONASSI TAMARA","Gemma","217439630018","0","","Empresas Socias Directas","","","","0.00000000","99266853","","","","","","Micro (1 a 4)","","","admin","0","0","0","0","0","","217439630018","TS02","BAJ","D. Villar","","","","","","","","","","","2023-09-05 18:25:51","admin","IMPORT","0","","2026-10-05 09:35:46","Canelones"
"FEDELE Y SICCO","ACC2346","FEDELE Y SICCO SA","FEDELE Y SICCO","210311810012","0","","Empresas Socias Directas","","afedele@fedeleysicco.com","25089102","0.00000000","","admin@fedeleysicco.com","","","","Librería- Papelería - Artículos de oficina","Pequeña (5 a 19)","","","admin","0","0","0","0","1","","210311810012","TS02","VIG","L. Viana","","","","","","","","Uruguay","Montevideo","Montevideo","2023-09-05 18:25:51","admin","IMPORT","0","","2026-10-05 09:35:46","Montevideo"
"FEPREMI","ACC2347","FEDERACION DE PRESTADORES MEDICOS DEL INTERIOR CORPORACION COOPERATIVA DE IAMPP","FEPREMI","0","662","","Gremiales/Asociación","","fepremi@fepremi.com.uy","24038155","0.00000000","","","","","","","","","","admin","0","0","0","0","0","","","TS03","VIG","L. Viana","","","","","","","","Uruguay","","","2023-09-05 18:25:51","admin","IMPORT","0","","2026-10-05 09:35:47","Montevideo"
"FUDES","ACC2348","FEDERACION URUGUAYA DE EMPRESAS DE SEGURIDAD","FUDES","0","610","","Gremiales/Asociación","","servysegur@gmail.com","24870226","0.00000000","095601033","","","","","","","","","admin","0","0","0","0","0","","","TS03","VIG","L. Viana","","","","","","","","Uruguay","","","2023-09-05 18:25:51","admin","IMPORT","0","","2026-10-05 09:35:47","Montevideo"
"FEMPAY","ACC2349","FEMPAY SRL","FEMPAY","120104770016","0","","","www.fempay.com.uy","mario@fempay.com.uy","","0.00000000","99332413","","","","","","Mediana (20 a 99)","","","admin","0","0","0","0","0","","","","","D. Villar","","","","","","","","","","","2023-09-05 18:25:51","admin","IMPORT","0","","2026-10-05 09:35:48","Paysandú"
"FERNANDO GARCIA","ACC2350","FERNANDO GARCIA SA","FERNANDO GARCIA","210076960013","0","","Empresas Socias Directas","www.fgarcia.com.uy","ssamartin@fgarcia.com.uy","29247621 int 113","0.00000000","","info@fgarcia.com.uy","22034486","","","Procesamiento y conservación de alimentos - bebidas y tabaco","Pequeña (5 a 19)","13","1. Procesamiento y conservación de alimentos, bebidas y tabaco","admin","0","0","0","0","0","","210076960013","TS01","VIG","L. Viana","","","","","","","","Uruguay","","","2023-09-05 18:25:51","admin","IMPORT","0","","2026-10-05 09:35:48","Montevideo"
"FERRAL","ACC2351","FERRAL LTDA","FERRAL","210576390011","0","","Empresas Socias Directas","","ferral@vera.com.uy","29157143","0.00000000","","","","","","","","","","admin","0","0","0","0","0","","210576390011","TS02","SOLIC-BAJA","L.González","","","","","","","","","","","2023-09-05 18:25:51","admin","IMPORT","0","","2026-10-05 09:35:49",""
"FEYVI","ACC2352","FEYVI SA","FEYVI","210336210019","0","","Empresas Socias Directas","www.feyvi.com.uy","administracion@feyvi.com.uy","29241100 int 111","0.00000000","","","","","","Automotriz- Motocicletas – Autopartes","Mediana (20 a 99)","17","10. Comercio en general","admin","0","0","0","0","1","","210336210019","TS02","VIG","L. Viana","","","","","","","","Uruguay","Montevideo","Montevideo","2023-09-05 18:25:51","admin","IMPORT","0","","2026-10-05 09:35:49","Montevideo"
"FIVISA","ACC2353","FIERRO VIGNOLI SA","FIVISA","210000400017","0","","Empresas Socias Directas","www.fivisa.com.uy","jsosa@fivisa.com.uy","1888 Int 51374","0.00000000","","","29020808","","","Bazar-Ferretería-Pinturería","Grande (más 99)","4","10. Comercio en general","admin","0","0","0","0","0","","210000400017","TS01","VIG","L. Viana","","","","","","","","Uruguay","Montevideo","Montevideo","2023-09-05 18:26:42","admin","IMPORT","0","","2026-10-05 09:35:50","Montevideo"
"Dj instalaciones eléctricas","ACC2354","FIGUEREDO ARCIERI ADRIANA PAOLA","Dj instalaciones eléctricas","218432960010","0","","","","","","0.00000000","93815847","","","","","","Micro (1 a 4)","","","admin","0","0","0","0","0","","","","","","","","","","","","","","","","2023-09-05 18:26:42","admin","IMPORT","0","","2026-10-05 09:35:50","Montevideo"
"FILIPIAK INGENIERIA","ACC2355","FILIPIAK INGENIERIA SRL","FILIPIAK INGENIERIA","212008840012","0","","","","","23555810","0.00000000","","","","","","","Pequeña (5 a 19)","","","admin","0","0","0","0","0","","","","","","","","","","","","","Uruguay","","","2023-09-05 18:26:42","admin","IMPORT","0","","2026-10-05 09:35:50","Montevideo"
"FINOAS","ACC2356","FINOAS SRL","FINOAS","180204420010","0","","","","fernandaisr@gmail.com","","0.00000000","99173446","","","","","","Pequeña (5 a 19)","","","admin","0","0","0","0","0","","","","","","","","","","","","","Uruguay","","","2023-09-05 18:26:42","admin","IMPORT","0","","2026-10-05 09:35:51","Soriano"
"EL GRANERO","ACC2357","FINOSOL SA","EL GRANERO","214061540016","0","","Empresas Socias Directas","www.elgranero.com.uy","finosoluruguay@gmail.com","25073696","0.00000000","","","","","","Procesamiento y conservación de alimentos - bebidas y tabaco","Mediana (20 a 99)","5","10. Comercio en general","admin","0","0","0","0","0","","214061540016","TS02","VIG","L. Viana","","","","","","","Uruguay","Uruguay","Montevideo","Montevideo","2023-09-05 18:26:42","admin","IMPORT","0","","2026-10-05 09:35:51","Montevideo"
"FISERV Uruguay","ACC2358","FIRST DATA URUGUAY SRL","FISERV Uruguay","211542300018","0","","Empresas Socias Directas","https://merchants.fiserv.com/es-uy/","martin.senatoresalles@Fiserv.com","29022501","0.00000000","","","","","","Intermediación Financiera- Seguros- inversión","Mediana (20 a 99)","","","admin","0","0","0","0","0","","211542300018","TS02","VIG","L. Viana","","","","","","","Uruguay","Uruguay","Montevideo","Montevideo","2023-09-05 18:26:42","admin","IMPORT","0","","2026-10-05 09:35:52","Montevideo"
"WIS","ACC2359","FIVERCEL SA","WIS","214989300016","0","","Empresas Socias Directas","www.wis.com.uy","lmontelongo@wis-software.com","26135552","0.00000000","","","","","","Tecnología-Telecomunicaciones- actividades conexas","Mediana (20 a 99)","22","19. Servicios profesionales, técnicos, especializados y aquellos no incluidos en otros grupos","admin","0","0","0","0","0","","214989300016","TS02","VIG","L. Viana","","","","","","","Uruguay","Uruguay","Montevideo","Montevideo","2023-09-05 18:26:42","admin","IMPORT","0","","2026-10-05 09:35:53","Montevideo"
"ABEL FLEITAS DÍAZ & CIA","ACC2360","FLEITAS FUMERO JORGE LEONARDO","ABEL FLEITAS DÍAZ & CIA","215438870019","0","","Empresas Socias Directas","","despachante@fleitas.com.uy","29152986","0.00000000","94404005","","29165979","","","Servicios Profesionales- Técnicos Especializados -Certificaciones","Pequeña (5 a 19)","1","19. Servicios profesionales, técnicos, especializados y aquellos no incluidos en otros grupos","admin","0","0","0","0","1","","215438870019","TS02","SOLIC-BAJA","L. Viana","","","","","","","","Uruguay","Montevideo","Montevideo","2023-09-05 18:26:42","admin","IMPORT","0","","2026-10-05 09:35:53","Montevideo"
"FLONAT","ACC2361","FLONAT SRL","FLONAT","216885240013","0","","","","","29032240","0.00000000","","","","","","","Micro (1 a 4)","","","admin","0","0","0","0","0","","","","","","","","","","","","","","","","2023-09-05 18:26:42","admin","IMPORT","0","","2026-10-05 09:35:54","Montevideo"
"FNC","ACC2362","FNC SA","FNC","210114160015","0","","","","mcastell@fnc.com.uy","","0.00000000","98119949","","","","","","","","","admin","0","0","0","0","0","","210114160015","","",".","","","","","","","","","","","2023-09-05 18:26:42","admin","IMPORT","0","","2026-10-05 09:35:54",""
"FORBEL","ACC2363","FORBEL SA","FORBEL","211210520017","0","","Empresas Socias Directas","www.forbel.com.uy","administracion@forbel.com.uy","47225676","0.00000000","","","","","","Procesamiento y conservación de alimentos - bebidas y tabaco","Grande (más 99)","2","1. Procesamiento y conservación de alimentos, bebidas y tabaco","admin","1","0","0","1","0","","211210520017","TS02","VIG","L. Viana","","","","","","","","Uruguay","","","2023-09-05 18:26:42","admin","IMPORT","0","","2026-10-05 09:35:55","Paysandú"
"FORESTIER POSE","ACC2364","FORESTIER POSE SA","FORESTIER POSE","210346690013","0","","Empresas Socias Directas","www.forestierpose.com.uy","info@forestierpose.com.uy","24096616 int 115","0.00000000","","","","","","Logística –Transporte – Distribuidora - Almacenamiento","Mediana (20 a 99)","","","admin","0","0","0","0","1","","210346690013","TS02","VIG","L. Viana","","","","","","","","Uruguay","","","2023-09-05 18:26:42","admin","IMPORT","0","","2026-10-05 09:35:55","Montevideo"
"Fortino","ACC2365","FORTINO SRL","Fortino","0","0","","","","fortinoitalexport@gmail.com","","0.00000000","99603396","","","","","","","","","admin","0","0","0","0","0","","","","","D. Villar","","","","","","","","","","","2023-09-05 18:26:42","admin","IMPORT","0","","2026-10-05 09:35:55",""
"FORTYLEX","ACC2366","FORTYLEX SA","FORTYLEX","213322260013","0","","","www.fortylex.com.uy","","23096377","0.00000000","","","","","","","Mediana (20 a 99)","","","admin","0","0","0","0","0","","","","","","","","","","","","","","","","2023-09-05 18:26:42","admin","IMPORT","0","","2026-10-05 09:35:56","Montevideo"
"SYFER AGROPECUARIA","ACC2367","FRENTESOL SA","SYFER AGROPECUARIA","212690980015","0","","Socios Indirectos","","npaiva@adinet.com.uy","44523619","0.00000000","99851182","","","","","","Pequeña (5 a 19)","","","admin","0","0","0","0","1","","212690980015","","","","","","","","","","","","","","2023-09-05 18:26:42","admin","IMPORT","0","","2026-10-05 09:35:56","Treinta y Tres"
"FRIGOCERRO","ACC2368","FRIGOCERRO SA","FRIGOCERRO","212258910018","0","","Empresas Socias Directas","www.frigocerrofoods.com.uy","personal.frigocerro@gmail.com","43622507","0.00000000","","","","","","Industria Frigorífica","Grande (más 99)","","","admin","1","0","0","1","1","","212258910018","TS02","VIG","L. Viana","","","","","","","","Uruguay","Montevideo","Durazno","2023-09-05 18:26:42","admin","IMPORT","0","","2026-10-05 09:35:57","Durazno"
"FRIGORIFICO CANELONES","ACC2369","FRIGORIFICO CANELONES SA","FRIGORIFICO CANELONES","210137360010","0","","Empresas Socias Directas","","contable.cnl@athfoods.com","43322718","0.00000000","","","","","","Industria Frigorífica","Grande (más 99)","1","2. Industria frigorífica","admin","1","0","0","1","0","","210137360010","TS01","VIG","L. Viana","","","","","","","","Uruguay","","","2023-09-05 18:26:42","admin","IMPORT","0","","2026-10-05 09:35:57","Canelones"
"Frigorífico Casa Blanca","ACC2370","Frigorífico Casa Blanca SA","FRICASA","120048180018","0","","Empresas Socias Directas","www.fricasa.com.uy","fricasa@fricasa.com.uy","47242627","0.00000000","","","","","","Industria Frigorífica","Grande (más 99)","1","2. Industria frigorífica","admin","1","0","0","1","1","","120048180018","TS02","SOLIC-BAJA","L. Viana","","","","","","","","Uruguay","Paysandú","Paysandú","2023-09-05 18:26:42","mbarac@cncs.com.uy","IMPORT","0","","2026-10-05 09:35:57","Paysandú"
"FRIGORIFICO LAS PIEDRAS","ACC2371","FRIGORIFICO LAS PIEDRAS SA","FRIGORIFICO LAS PIEDRAS","210745160018","0","","Empresas Socias Directas","www.frigorificolaspiedras.com/","compras@flp.uy","23677720","0.00000000","","","","","","Industria Frigorífica","Grande (más 99)","1","2. Industria frigorífica","admin","1","0","0","1","1","","210745160018","TS02","VIG","L. Viana","","","","","","","","Uruguay","Canelones","Canelones","2023-09-05 18:26:42","admin","IMPORT","0","","2026-10-05 09:35:58","Canelones"
"FRIGORIFICO MATADERO CARRASCO","ACC2372","FRIGORIFICO MATADERO CARRASCO SA","FRIGORIFICO MATADERO CARRASCO","210417550014","0","","Empresas Socias Directas","www.rigorficocarrasco.com","contable.cnl@athfoods.com","26014002 int 134","0.00000000","","","","","","Industria Frigorífica","Grande (más 99)","1","2. Industria frigorífica","admin","1","0","0","1","0","","210417550014","TS01","VIG","L. Viana","","","","","","","","Uruguay","Montevideo","Montevideo","2023-09-05 18:26:42","admin","IMPORT","0","","2026-10-05 09:35:58","Montevideo"
"ESTABLECIMIENTOS COLONIA","ACC2373","FRIGORIFICO TACUAREMBO SA","ESTABLECIMIENTOS COLONIA","210220860017","0","","Empresas Socias Directas","","Paula.HernandezMendiberry@marfrig.com","45742115","0.00000000","","","","","","Industria Frigorífica","","","","admin","0","0","0","1","0","","210220860017","TS01","BAJ","L.González","","","","","","","","","","","2023-09-05 18:26:42","admin","IMPORT","0","","2026-10-05 09:35:59",""
"FRIGORIGICO PICORELL","ACC2374","FRIGORIGICO PICORELL SA","FRIGORIGICO PICORELL","80011600010","0","","Empresas Socias Directas","","agustinp@picorell.com.uy","22969054","0.00000000","","","","","","","Mediana (20 a 99)","","","admin","0","0","0","0","1","","","","",".","","","","","","","","","","","2023-09-05 18:26:42","admin","IMPORT","0","","2026-10-05 09:35:59","Canelones"
"LOS REYES GROUP","ACC2375","FRUTEC LTDA","LOS REYES GROUP","214592010018","0","","Empresas Socias Directas","www.losreyes.com.uy","frutec@losreyes.com.uy","23227286","0.00000000","","","","","","Viñedos - Cítricos - Fruticultura - Horticultura - floricultura","Micro (1 a 4)","2","1. Procesamiento y conservación de alimentos, bebidas y tabaco","admin","1","0","0","1","1","","214592010018","TS02","VIG","L. Viana","","","","","","","","Uruguay","Montevideo","Montevideo","2023-09-05 18:26:42","admin","IMPORT","0","","2026-10-05 09:36:00","Montevideo"
"Frutifor Lumber Company","ACC2376","ARBOREAL SA","Frutifor Lumber Company","217274570014","0","","","","pfreyer@frutifor.com","","0.00000000","94431873","","","","","","","","","admin","0","0","0","0","0","","217274570014","","","D. Villar","","","","","","","","","","","2023-09-05 18:26:42","admin","IMPORT","0","","2026-10-05 09:36:00","Tacuarembó"
"FRYMON","ACC2377","FRYMON SA","FRYMON","210821090011","0","","","","info@frymon.com.uy","24014040","0.00000000","","","","","","","Mediana (20 a 99)","","","admin","0","0","0","0","0","","","","","","","","","","","","","","","","2023-09-05 18:26:42","admin","IMPORT","0","","2026-10-05 09:36:01",""
"Fundacion Montes","ACC2378","Fundación Montes","Fundacion Montes","0","0","","","","edgardolopardo534@gmail.com","","0.00000000","9824037","","","","","","","","","admin","0","0","0","0","0","","","","","D. Villar","","","","","","","","","","","2023-09-05 18:26:42","admin","IMPORT","0","","2026-10-05 09:36:01","San José"
"FUNDACIÓN RED DE ORGANIZACIONES INCLUSIVAS","ACC2379","FUNDACIÓN RED DE ORGANIZACIONES INCLUSIVAS","FUNDACIÓN RED DE ORGANIZACIONES INCLUSIVAS","20618430010","0","","Gremiales/Asociación","","coordinacion@gestiondepersonas.org.uy","26054267","0.00000000","","","","","","","","","","admin","0","0","0","0","0","","","TS03","VIG","L. Viana","","","","","","","","Uruguay","","","2023-09-05 18:26:42","admin","IMPORT","0","","2026-10-05 09:36:01",""
"Lopez Castilla Seguros","ACC2380","Futuro Inversiones SRL","Lopez Castilla Seguros","214271540012","0","","Empresas Socias Directas","www.futuro.com.uy","futuro@futuro.com.uy","26046400","0.00000000","96299499","","","","","Intermediación Financiera- Seguros- inversión","Pequeña (5 a 19)","Residual","19. Servicios profesionales, técnicos, especializados y aquellos no incluidos en otros grupos","admin","0","0","0","0","1","","214271540012","TS02","VIG","L. Viana","","","","","","","","Uruguay","","","2023-09-05 18:26:42","admin","IMPORT","0","","2026-10-05 09:36:03","Montevideo"
"G4S URUGUAY","ACC2381","G4S SECURE SOLUTIONS (URUGUAY) SA","G4S URUGUAY","211456260011","0","","Empresas Socias Directas","www.g4s.com/es-uy","contable@uy.g4s.com","22089824","0.00000000","","","","","","Vigilancia-Limpieza","Grande (más 99)","8.1","19. Servicios profesionales, técnicos, especializados y aquellos no incluidos en otros grupos","admin","0","0","0","0","0","","211456260011","TS02","VIG","L. Viana","","","","","","","","Uruguay","Montevideo","Montevideo","2023-09-05 18:26:42","admin","IMPORT","0","","2026-10-05 09:36:04","Montevideo"
"GALES SERVICIOS FINANCIEROS","ACC2382","GALES SERVICIOS FINANCIEROS SA","GALES SERVICIOS FINANCIEROS","210413640019","0","","Empresas Socias Directas","","nfranquez@gales.com.uy","26221218 int 3814","0.00000000","","","","","","Intermediación Financiera- Seguros- inversión","Grande (más 99)","6.2","14. Intermediación financiera, seguros y pensiones","admin","0","0","0","0","1","","210413640019","TS02","VIG","L. Viana","","","","","","","","Uruguay","Montevideo","Montevideo","2023-09-05 18:26:42","admin","IMPORT","0","","2026-10-05 09:36:05","Montevideo"
"Emergencia uno","ACC2383","GALYNER SA","Emergencia uno","213633280016","0","","Empresas Socias Directas","www.emeuno.com.uy","contaduria@emergenciauno.com","27051830","0.00000000","","","","","","Servicios de Salud y actividades conexas","Grande (más 99)","","15.Servicios de salud y anexos","admin","0","0","0","0","0","","213633280016","TS02","VIG","L. Viana","","","","","","","","Uruguay","Montevideo","Montevideo","2023-09-05 18:26:42","admin","IMPORT","0","","2026-10-05 09:36:05","Montevideo"
"ÓPTICA GARESE","ACC2384","GARESE HNOS LTDA","ÓPTICA GARESE","211873700013","0","","Socios Indirectos","","danielag@glc.com.uy","29003638","0.00000000","","","","","","","Mediana (20 a 99)","","","admin","0","0","0","0","1","","211873700013","","",".","","","","","","","","","","","2023-09-05 18:26:42","admin","IMPORT","0","","2026-10-05 09:36:06","Montevideo"
"GASUR","ACC2385","GAS URUGUAY SA","GASUR","213778370016","0","","Empresas Socias Directas","www.gasur.com.uy/","gasur@gasur.com.uy","29088666","0.00000000","","","","","","Industria-Energía-Minería","Pequeña (5 a 19)","","","admin","0","0","0","0","0","","213778370016","TS02","VIG","L. Viana","","","","","","","","Uruguay","Montevideo","Montevideo","2023-09-05 18:26:42","admin","IMPORT","0","","2026-10-05 09:36:06","Montevideo"
"GDF","ACC2386","GDF SRL","GDF","190171120010","0","","","","estudioks@adinet.com.uy","46324367","0.00000000","","","","","","","Pequeña (5 a 19)","","","admin","0","0","0","0","0","","","","","D. Villar","","","","","","","","","","","2023-09-05 18:26:42","admin","IMPORT","0","","2026-10-05 09:36:07","Tacuarembó"
"GENEXUS","ACC2387","GENEXUS SA","GENEXUS","212113320015","0","","Empresas Socias Directas","www.genexus.com/es/","info@genexus.com","26012082","0.00000000","","","","","","Tecnología-Telecomunicaciones- actividades conexas","Mediana (20 a 99)","22","19. Servicios profesionales, técnicos, especializados y aquellos no incluidos en otros grupos","admin","0","0","0","0","0","","212113320015","TS02","VIG","","","","","","","","","Uruguay","Montevideo","Montevideo","2023-09-05 18:26:42","ncladera@cncs.com.uy","IMPORT","0","","2026-10-05 09:36:07","Montevideo"
"Genoves","ACC2388","Genoves Ltda","Genoves","100110620018","0","","","","jgarciasalvino@yahoo.com","","0.00000000","99689404","","","","","","Pequeña (5 a 19)","","","admin","0","0","0","0","0","","","","","D. Villar","","","","","","","","","","","2023-09-05 18:26:42","admin","IMPORT","0","","2026-10-05 09:36:07","Maldonado"
"Gerardo Ramis Despachante","ACC2389","GERARDO RAMIS Y CIA SRL","Gerardo Ramis Despachante","211923400018","0","","Empresas Socias Directas","","carmen@ramisycia.com.uy","29165511","0.00000000","94440567","","29164062","","","Servicios Profesionales- Técnicos Especializados -Certificaciones","Micro (1 a 4)","1","19. Servicios profesionales, técnicos, especializados y aquellos no incluidos en otros grupos","admin","0","0","0","0","0","","","TS02","VIG","L. Viana","","","","","","","","Uruguay","","","2023-09-05 18:26:42","admin","IMPORT","0","","2026-10-05 09:36:08","Montevideo"
"RESIDENCIAL GERARDO","ACC2390","GERARDO SRL","RESIDENCIAL GERARDO","80117690013","0","","Socios Indirectos","","residencialgerardo@gmail.com","","0.00000000","95886516","","","","","","Pequeña (5 a 19)","","","admin","0","0","0","0","0","","","","","","","","","","","","","","","","2023-09-05 18:26:42","admin","IMPORT","0","","2026-10-05 09:36:08","Montevideo"
"BOMBAS GIANNI","ACC2391","GIANNI SA","BOMBAS GIANNI","110050760010","0","","Empresas Socias Directas","www.gianni.com.uy","rrhh@gianni.com.uy","26982020","0.00000000","095845000","","","","","Productos Metalúrgicos-Maquinaria-Construcción","Mediana (20 a 99)","4","10. Comercio en general","admin","0","0","0","0","1","","110050760010","TS02","SOLIC-BAJA","L. Viana","","Ruta 101, km 25.500","","","","","","Uruguay","Canelones","Canelones","2023-09-05 18:26:42","admin","IMPORT","0","","2026-10-05 09:36:09","Canelones"
"Escuela Artistica de la Costa","ACC2392","GIMENEZ FERRADA VERONICA ALEXANDRA","Escuela Artistica de la Costa","215013280016","0","","","","","","0.00000000","94323312","","","","","","Micro (1 a 4)","","","admin","0","0","0","0","0","","215013280016","","","","","","","","","","","","","","2023-09-05 18:26:42","admin","IMPORT","0","","2026-10-05 09:36:09","Canelones"
"Girabel","ACC2393","GIRABEL SA","Girabel","215293200018","0","","","","mariaortiz21@gmail.com","","0.00000000","99624014","","","","","","Pequeña (5 a 19)","","","admin","0","0","0","0","0","","","","","D. Villar","","","","","","","","","","","2023-09-05 18:26:42","admin","IMPORT","0","","2026-10-05 09:36:10","Montevideo"
"Gletir","ACC2394","GLETIR CORREDOR DE BOLSA SA","Gletir","215547600012","0","","Empresas Socias Directas","www.gletir.com","administracion@gletir.com","26286055","0.00000000","","","26283047","","","Intermediación Financiera- Seguros- inversión","Mediana (20 a 99)","Residual","14. Intermediación financiera, seguros y pensiones","admin","0","0","0","0","0","","215547600012","TS02","VIG","L. Viana","","","","","","","","Uruguay","Montevideo","Montevideo","2023-09-05 18:26:42","admin","IMPORT","0","","2026-10-05 09:36:10","Montevideo"
"GLOBAL BROKERS","ACC2395","GLOBAL BROKERS SA","GLOBAL BROKERS","213316520017","0","","","","","26011414","0.00000000","","","","","","","Pequeña (5 a 19)","","","admin","0","0","0","0","0","","","","","","","","","","","","","","","","2023-09-05 18:26:42","admin","IMPORT","0","","2026-10-05 09:36:10","Montevideo"
"Avali","ACC2396","GLOBALVET SRL","Avali","218900430015","0","","Empresas Socias Directas","www.avalimentos.com","avaliuruguay@gmail.com","","0.00000000","98930874","contacto@avalimentos.com","","","","Procesamiento y conservación de alimentos - bebidas y tabaco","Micro (1 a 4)","Residual","19. Servicios profesionales, técnicos, especializados y aquellos no incluidos en otros grupos","admin","0","0","0","0","0","","218900430015","TS02","VIG","L. Viana","","","","","","","Uruguay","Uruguay","Montevideo","Montevideo","2023-09-05 18:26:42","admin","IMPORT","0","","2026-10-05 09:36:11","Montevideo"
"GOCAR","ACC2397","GOCAR SA","GOCAR","216163800013","0","","Socios Indirectos","","","29241878","0.00000000","","","","","","","Micro (1 a 4)","","","admin","0","0","0","0","0","","216163800013","","","","","","","","","","","","","","2023-09-05 18:26:42","admin","IMPORT","0","","2026-10-05 09:36:11","Montevideo"
"GODILCO","ACC2398","GODILCO SA","GODILCO","213808490014","0","","Empresas Socias Directas","","godilco@godilco.com.uy","29152116","0.00000000","","depcomercial@godilco.com.uy","","","","Logística –Transporte – Distribuidora - Almacenamiento","Mediana (20 a 99)","11","13. Transporte y almacenamiento","admin","0","0","0","0","0","","213808490014","TS02","VIG","L. Viana","","","","","","","Uruguay","Uruguay","Montevideo","Montevideo","2023-09-05 18:26:42","admin","IMPORT","0","","2026-10-05 09:36:12","Montevideo"
"FULL PACKING","ACC2399","GODINA SA","FULL PACKING","213540650018","0","","Empresas Socias Directas","www.fullpacking.uy","godina@adinet.com.uy","22164444","0.00000000","","","","","","Bazar-Ferretería-Pinturería","Mediana (20 a 99)","4","10. Comercio en general","admin","0","0","0","0","1","","213540650018","TS02","VIG","L. Viana","","","","","","","","Uruguay","Montevideo","Montevideo","2023-09-05 18:26:42","admin","IMPORT","0","","2026-10-05 09:36:12","Montevideo"
"Diesel Rocha","ACC2400","Godinor SA","Diesel Rocha","216711240018","0","","","","dieselrocha@hotmail.com","","0.00000000","99852538","","","","","","Micro (1 a 4)","","","admin","0","0","0","0","0","","","","","D. Villar","","","","","","","","","","","2023-09-05 18:26:42","admin","IMPORT","0","","2026-10-05 09:36:13","Treinta y Tres"
"GOLAR","ACC2401","GOLAR SA","GOLAR","210287170012","0","","Socios Indirectos","","rosina.chiozza@golar.com.uy","25089292","0.00000000","","","","","","","Micro (1 a 4)","","","admin","0","0","0","0","0","","210287170012","","","","","","","","","","","","","","2023-09-05 18:26:42","admin","IMPORT","0","","2026-10-05 09:36:13",""
"BGL ASESORES","ACC2402","GONZALEZ LERENA JUAN CARLOS","BGL ASESORES","1508071-2","0","","Empresas Socias Directas","","info@bglasesores.com","26042079","0.00000000","","","","","","Servicios Profesionales- Técnicos Especializados -Certificaciones","Pequeña (5 a 19)","","","admin","0","0","0","0","0","","","TS02","VIG","L. Viana","","","","","","","","Uruguay","","","2023-09-05 18:26:42","admin","IMPORT","0","","2026-10-05 09:36:14",""
"GOSPIN","ACC2403","GOSPIN SA","GOSPIN","216550040012","0","","","","bmgospinsa@gmail.com","","0.00000000","99983127","","","","","","Micro (1 a 4)","","","admin","0","0","0","0","0","","","","","D. Villar","","","","","","","","","","","2023-09-05 18:26:42","admin","IMPORT","0","","2026-10-05 09:36:14","Cerro Largo"
"Shopping Tres Cruces","ACC2404","GRALADO SA","Shopping Tres Cruces","211677550012","0","","Empresas Socias Directas","","pcabrera@trescruces.com.uy","24088601","0.00000000","","","","","","Supermercados- Centro Comerciales- Retail","Mediana (20 a 99)","21.1","19. Servicios profesionales, técnicos, especializados y aquellos no incluidos en otros grupos","admin","0","0","0","0","0","","211677550012","TS01","VIG","L. Viana","","","","","","","Uruguay","Uruguay","Montevideo","Montevideo","2023-09-05 18:26:42","admin","IMPORT","0","","2026-10-05 09:36:14","Montevideo"
"FUENTE NATAL","ACC2405","GRAMILAR SA","FUENTE NATAL","211457070011","0","","Empresas Socias Directas","","gramilar@vera.com.uy","2622 0139","0.00000000","","","","","","Procesamiento y conservación de alimentos - bebidas y tabaco","Micro (1 a 4)","","","admin","0","0","0","0","1","","211457070011","TS02","VIG","L. Viana","","","","","","","","Uruguay","","","2023-09-05 18:26:42","admin","IMPORT","0","","2026-10-05 09:36:15","Montevideo"
"TIENDAS MONTEVIDEO","ACC2406","GRANDES TIENDAS MONTEVIDEO SA","TIENDAS MONTEVIDEO","210165660015","0","","Empresas Socias Directas","www.tiendasmontevideo.com.uy","recursos_humanos@tiendasmontevideo.com","29026413","0.00000000","","","","","","Textiles - vestimentas - cuero y calzado","Grande (más 99)","1","10. Comercio en general","admin","0","0","0","0","1","","210165660015","TS02","VIG","L. Viana","","","","","","","","Uruguay","Montevideo","Montevideo","2023-09-05 18:26:43","admin","IMPORT","0","","2026-10-05 09:36:15","Montevideo"
"Granmolino","ACC2407","Granmolino SA","Granmolino","214191250018","0","","","","mjimenez@seragro.com.uy","","0.00000000","99266890","","","","","","Micro (1 a 4)","","","admin","0","0","0","0","0","","","","","D. Villar","","","","","","","","","","","2023-09-05 18:26:43","admin","IMPORT","0","","2026-10-05 09:36:16","San José"
"EXUR ENVÍOS","ACC2408","GREENCY SA","EXUR ENVÍOS","214858190012","0","","Socios Indirectos","","ana.lopetegui@exur.com.uy","","0.00000000","94837578","","","","","","Pequeña (5 a 19)","","","admin","0","0","0","0","0","","214858190012","","",".","","","","","","","","","","","2023-09-05 18:26:43","admin","IMPORT","0","","2026-10-05 09:36:16","Montevideo"
"GRINSOL","ACC2409","GRINSOL SA","GRINSOL","211448990014","0","","Empresas Socias Directas","www.grinsol.com.uy/index_archivos/slide0001.htm","sylvia.gonzalez@grinsol.com.uy","2312 3424","0.00000000","","","","","","Industria Frigorífica","Mediana (20 a 99)","1","2. Industria frigorífica","admin","1","0","0","1","1","","211448990014","TS02","VIG","L. Viana","","","","","","","","Uruguay","","","2023-09-05 18:26:43","admin","IMPORT","0","","2026-10-05 09:36:16","Montevideo"
"DEXIN","ACC2410","GRUPO QUIMICO SRL","DEXIN","212444750017","0","","Empresas Socias Directas","www.dexin.com.uy","laboratorio@dexin.com.uy","25061869","0.00000000","","","","","","Industria Farmacéutica","Mediana (20 a 99)","Residual","19. Servicios profesionales, técnicos, especializados y aquellos no incluidos en otros grupos","admin","0","0","0","0","0","","212444750017","TS02","VIG","L. Viana","","","","","","","","Uruguay","Montevideo","Montevideo","2023-09-05 18:26:43","admin","IMPORT","0","","2026-10-05 09:36:17","Montevideo"
"HOJA VERDE","ACC2411","GUILLEN HNOS SAS","HOJA VERDE","0","0","","","","contacto@hojaverde.uy","","0.00000000","98104106","","","","","","","","","admin","0","0","0","0","0","","","","","D. Villar","","","","","","","","","","","2023-09-05 18:26:43","admin","IMPORT","0","","2026-10-05 09:36:17","Florida"
"GUINCHE PEZ","ACC2412","GUINCHE PEZ SA","GUINCHE PEZ","210922140014","0","","Empresas Socias Directas","","carlostrelles@guinchepez.com.uy","23061317","0.00000000","","","","","","","Pequeña (5 a 19)","","","admin","0","0","0","0","1","","210922140014","","","","","","","","","","","","","","2023-09-05 18:26:43","admin","IMPORT","0","","2026-10-05 09:36:18",""
"GUNTER SCHAAF","ACC2413","GUNTER SCHAAF SA","GUNTER SCHAAF","211371480017","0","","Empresas Socias Directas","","info@schaafmedical.com.uy","24870100","0.00000000","","","","","","Servicios de Salud y actividades conexas","Mediana (20 a 99)","","","admin","0","0","0","0","1","","211371480017","TS02","VIG","L. Viana","","","","","","","","Uruguay","Montevideo","Montevideo","2023-09-05 18:26:43","admin","IMPORT","0","","2026-10-05 09:36:18","Montevideo"
"Gustamas","ACC2414","Gustamas Ltda","Gustamas","70105730018","0","","","","marcelo.cabral@gustamas.com.uy","","0.00000000","99980877","","","","","","Pequeña (5 a 19)","","","admin","0","0","0","0","0","","","","","D. Villar","","","","","","","","","","","2023-09-05 18:26:43","admin","IMPORT","0","","2026-10-05 09:36:18","Florida"
"Textil Shop","ACC2415","GUSTAVO DANIEL GÓMEZ MOLINA","Textil Shop","215242040013","0","","Empresas Socias Directas","www.textilshop.com.uy","textilshop.uy@gmail.com","29251224","0.00000000","99695713","","","","","Textiles - vestimentas - cuero y calzado","Pequeña (5 a 19)","3","5. Industrias del Cuero, Vestimenta y Calzado","admin","0","0","0","0","1","","215242040013","TS02","VIG","L. Viana","","","","","","","","Uruguay","Montevideo","Montevideo","2023-09-05 18:26:43","admin","IMPORT","0","","2026-10-05 09:36:19","Montevideo"
"HARRINGTON","ACC2416","HARRINGTON SA","HARRINGTON","210253650011","0","","Empresas Socias Directas","www.harrington.com.uy","monislev@yahoo.com","29081538","0.00000000","","","","","","Textiles - vestimentas - cuero y calzado","Mediana (20 a 99)","","","admin","0","0","0","0","1","","210253650011","TS02","VIG","L. Viana","","","","","","","","Uruguay","","","2023-09-05 18:26:43","admin","IMPORT","0","","2026-10-05 09:36:19","Montevideo"
"PORTONES SHOPPING","ACC2417","HARRISON SA","PORTONES SHOPPING","211676940011","0","","Empresas Socias Directas","www.portones.com.uy","contaduria@portones.com.uy","26017733","0.00000000","","","","","","Supermercados- Centro Comerciales- Retail","Mediana (20 a 99)","21.1","19. Servicios profesionales, técnicos, especializados y aquellos no incluidos en otros grupos","admin","0","0","0","0","0","","211676940011","TS02","VIG","L. Viana","","","","","","","","Uruguay","","","2023-09-05 18:26:43","admin","IMPORT","0","","2026-10-05 09:36:20","Montevideo"
"CORTINAS HARVEY´S","ACC2418","HARVEY´S URUGUAY SRL","CORTINAS HARVEY´S","212636950014","0","","","","","24000349","0.00000000","","","","","","","","","","admin","0","0","0","0","1","","","","","","","","","","","","","","","","2023-09-05 18:26:43","admin","IMPORT","0","","2026-10-05 09:36:20",""
"CRESPI ELECTRODOMÉSTICOS","ACC2419","HEBERT ENQUITE CRESPI PACIEL","CRESPI ELECTRODOMÉSTICOS","190101620014","0","","Empresas Socias Directas","","hcrespi@gmail.com","46322340","0.00000000","","","","","","","","","","admin","0","0","0","0","1","","190101620014","TS02","BAJ","","","","","","","","","","","","2023-09-05 18:26:43","admin","IMPORT","0","","2026-10-05 09:36:21","Tacuarembó"
"Tienda Inglesa","ACC2420","HENDERSON Y CIA SA","Tienda Inglesa","210094030014","0","","","","prego@tiendainglesa.com.uy","","0.00000000","93326180","","","","","","Grande (más 99)","","","admin","0","0","0","0","0","","","","","D. Villar","","","","","","","","","","","2023-09-05 18:26:43","admin","IMPORT","0","","2026-10-05 09:36:21","Montevideo"
"HENIL","ACC2421","HENIL SRL","HENIL","211040030014","0","","Empresas Socias Directas","www.henil.com.uy","sduran@henil.com.uy","23135838","0.00000000","","","","","","Industria Frigorífica","Grande (más 99)","","","admin","1","0","0","1","1","","211040030014","TS02","VIG","L. Viana","","","","","","","","Uruguay","Montevideo","Montevideo","2023-09-05 18:26:43","admin","IMPORT","0","","2026-10-05 09:36:21","Montevideo"
"HERRACOR","ACC2422","HERRACOR SA","HERRACOR","210256520011","0","","Empresas Socias Directas","www.herracor.com.uy","contaduria@herracor.com.uy","1999","0.00000000","","","","","","Bazar-Ferretería-Pinturería","Mediana (20 a 99)","","","admin","0","0","0","0","1","","210256520011","TS02","VIG","L. Viana","","","","","","","","Uruguay","Montevideo","Montevideo","2023-09-05 18:26:43","admin","IMPORT","0","","2026-10-05 09:36:22","Montevideo"
"Guyer & Regules","ACC2423","GUYER & REGULES","Guyer & Regules","211270620018","0","","Empresas Socias Directas","www.guyer.com.uy/inicio","eleguisamo@guyer.com.uy","29021515","0.00000000","","","","","","Servicios Profesionales- Técnicos Especializados -Certificaciones","Grande (más 99)","Residual","19. Servicios profesionales, técnicos, especializados y aquellos no incluidos en otros grupos","admin","0","0","0","0","0","","211270620018","TS01","VIG","L. Viana","","","","","","","","Uruguay","Montevideo","Montevideo","2023-09-05 18:26:43","admin","IMPORT","0","","2026-10-05 09:36:22","Montevideo"
"HILCA","ACC2424","HILCA LTDA","HILCA","212318620010","0","","","www.hilca.uy","hilca@adinet.com.uy","26229893","0.00000000","94304253","","","","","","Pequeña (5 a 19)","","","admin","0","0","0","0","1","Exsocio","212318620010","","","","","","","","","","","","","","2023-09-05 18:26:43","admin","IMPORT","0","","2026-10-05 09:36:23","Montevideo"
"SODIMAC HOMECENTER","ACC2425","HOMECENTER SODIMAC SA","SODIMAC HOMECENTER","216996650015","0","","Empresas Socias Directas","www.sodimac.com.uy/sodimac-uy/","vdell@sodimac.com.uy","26047105","0.00000000","","","","","","Supermercados- Centro Comerciales- Retail","Grande (más 99)","4","10. Comercio en general","admin","0","1","0","0","0","","216996650015","TS02","VIG","L. Viana","","","","","","","","Uruguay","Canelones","Canelones","2023-09-05 18:26:43","admin","IMPORT","0","","2026-10-05 09:36:23","Canelones"
"CROMADOS Y PINTURAS HUGO LOPEZ","ACC2426","HUGO LOPEZ LTDA","CROMADOS Y PINTURAS HUGO LOPEZ","212109310019","0","","","","","2209089","0.00000000","","","","","","","Pequeña (5 a 19)","","","admin","0","0","0","0","0","","","","","","","","","","","","","","","","2023-09-05 18:26:43","admin","IMPORT","0","","2026-10-05 09:36:24","Montevideo"
"I-Lex","ACC2427","I-Lex Ltda","I-Lex","216030430010","0","","","","uy38074@adinet.com.uy","26227768","0.00000000","","","","","","","Micro (1 a 4)","","","admin","0","0","0","0","0","","","","","D. Villar","","","","","","","","","","","2023-09-05 18:26:43","admin","IMPORT","0","","2026-10-05 09:36:24","Montevideo"
"INTERBORDERS","ACC2428","IB COMEX SAS","INTERBORDERS","219063300013","0","","Empresas Socias Directas","www.interborders.com","comunicacion@interborders.com","59491161100202","0.00000000","","","","","","Logística –Transporte – Distribuidora - Almacenamiento","Micro (1 a 4)","","","admin","0","0","0","0","0","","219063300013","TS02","VIG","L. Viana","","","","","","","","Uruguay","","","2023-09-05 18:26:43","admin","IMPORT","0","","2026-10-05 09:36:24","Montevideo"
"IBERAMER","ACC2429","IBERAMER SA","IBERAMER","214841990010","0","","Empresas Socias Directas","","","23642739","0.00000000","","","","","","","Micro (1 a 4)","","","admin","0","0","0","0","1","","214841990010","","","","","","","","","","","","","","2023-09-05 18:26:43","admin","IMPORT","0","","2026-10-05 09:36:25","Canelones"
"Farmacia Pirujas","ACC2430","IBERO LUCIAN DAYSI LIDIA","Farmacia Pirujas","020057320017","0","","Empresas Socias Directas","","plucciani@gmail.com","","0.00000000","99674955","","","","","Industria Farmacéutica","Pequeña (5 a 19)","","","admin","0","0","0","0","0","","020057320017","TS02","SOLIC-BAJA","L. Viana","","","","","","","","Uruguay","","","2023-09-05 18:26:43","admin","IMPORT","0","","2026-10-05 09:36:25","Canelones"
"ICENOR","ACC2431","ICENOR SA","ICENOR","214958910017","0","","Empresas Socias Directas","www.icenor.com.uy","icenor@icenor.com.uy","2924 1368","0.00000000","","","","","","Productos Metalúrgicos-Maquinaria-Construcción","Pequeña (5 a 19)","","","admin","0","0","0","1","0","","214958910017","TS02","VIG","L. Viana","","","","","","","","Uruguay","","","2023-09-05 18:26:43","admin","IMPORT","0","","2026-10-05 09:36:26","Montevideo"
"IFC Uruguay","ACC2432","ICF URUGUAY (CAPITULO DE LA FEDERACION INTERNACIONAL DE COACHING)","IFC Uruguay","0","635","","Gremiales/Asociación","","","","0.00000000","","","","","","","","","","admin","0","0","0","0","0","","","TS03","BAJ","L. Viana","","","","","","","","Uruguay","","","2023-09-05 18:26:43","admin","IMPORT","0","","2026-10-05 09:36:26",""
"LABORATORIOS CLAUSEN","ACC2433","ICLOS URUGUAY SA","LABORATORIOS CLAUSEN","211204600012","0","","Empresas Socias Directas","www.iclos.com.uy","natalia.galli@clausen.com.uy","22090909","0.00000000","","","","","","Industria Farmacéutica","Grande (más 99)","","","admin","0","0","0","1","0","","211204600012","TS02","VIG","L. Viana","","","","","","","","Uruguay","Montevideo","Montevideo","2023-09-05 18:26:43","admin","IMPORT","0","","2026-10-05 09:36:27","Montevideo"
"Autocentro Soriano","ACC2434","IDACAR SA","Autocentro Soriano","213022120011","0","","","","","29030972","0.00000000","","","","","","","Pequeña (5 a 19)","","","admin","0","0","0","0","0","","","","","","","","","","","","","","","","2023-09-05 18:26:43","admin","IMPORT","0","","2026-10-05 09:36:27","Montevideo"
"IDEFOTO","ACC2435","IDEFOTO SA","IDEFOTO","210440220017","0","","Empresas Socias Directas","","","26059410","0.00000000","","","","","","","Mediana (20 a 99)","","","admin","0","0","0","0","0","","210440220017","TS02","BAJ","","","","","","","","","","","","2023-09-05 18:26:43","admin","IMPORT","0","","2026-10-05 09:36:27",""
"IGLESIA HNOS","ACC2436","IGLESIA HNOS SA","IGLESIA HNOS","210366890018","0","","","","","","0.00000000","95277277","","","","","","Pequeña (5 a 19)","","","admin","0","0","0","0","1","","210366890018","","","","","","","","","","","","","","2023-09-05 18:26:43","admin","IMPORT","0","","2026-10-05 09:36:28","Montevideo"
"IMPORTSYS","ACC2437","IMPORTSYS LTDA","IMPORTSYS","213804660012","0","","","","","","0.00000000","99620176","","","","","","Pequeña (5 a 19)","","","admin","0","0","0","0","0","","","","","","","","","","","","","","","","2023-09-05 18:26:43","admin","IMPORT","0","","2026-10-05 09:36:28","Montevideo"
"IMPRENTA LA ECONOMICA","ACC2438","IMPRENTA LA ECONOMICA SA","IMPRENTA LA ECONOMICA","210001840010","0","","Empresas Socias Directas","","patricia@ilesa.com.uy","29150334","0.00000000","","","","","","","Pequeña (5 a 19)","","","admin","0","0","0","0","0","","210001840010","TS02","BAJ","","","","","","","","","","","","2023-09-05 18:26:43","admin","IMPORT","0","","2026-10-05 09:36:29","Montevideo"
"IMPRENTA MERCUR","ACC2439","IMPRENTA MERCUR SA","IMPRENTA MERCUR","210194370011","0","","Empresas Socias Directas","","imprenta@mercur.com.uy","29001545","0.00000000","","","","","","","Pequeña (5 a 19)","","","admin","0","0","0","0","1","","210194370011","TS02","BAJ","","","","","","","","","","","","2023-09-05 18:26:43","admin","IMPORT","0","","2026-10-05 09:36:29","Montevideo"
"IMTRAN","ACC2440","IMTRAN SRL","IMTRAN","213048990013","0","","Empresas Socias Directas","www.imtran.com.uy","administracion@imtran.com.uy","23085164","0.00000000","","","","","","Tecnología-Telecomunicaciones- actividades conexas","Pequeña (5 a 19)","","","admin","0","0","0","0","1","","213048990013","TS02","VIG","L. Viana","","","","","","","","Uruguay","Montevideo","Montevideo","2023-09-05 18:26:43","admin","IMPORT","0","","2026-10-05 09:36:30","Montevideo"
"Industrias Pesqueras Valymar","ACC2441","INDUSTRIAS PESQUERAS VALYMAR SA","Industrias Pesqueras Valymar","212015330016","0","","Empresas Socias Directas","www.valymar.com.uy","mesperante@valymar.com.uy","25080243","0.00000000","","","","","","Industria Frigorífica","Grande (más 99)","","","admin","1","0","0","1","1","","212015330016","TS02","VIG","L. Viana","","","","","","","","Uruguay","Montevideo","Montevideo","2023-09-05 18:26:43","admin","IMPORT","0","","2026-10-05 09:36:30","Montevideo"
"INGENIERO TANGARI","ACC2442","INGENIERO TANGARI SA","INGENIERO TANGARI","211217840017","0","","","www.ingenierotangari.com.uy/","ift@ingenierotangari.com.uy","26223872","0.00000000","","","","","","","Pequeña (5 a 19)","","","admin","0","0","0","0","0","","","","","D. Villar","","","","","","","","","","","2023-09-05 18:26:43","admin","IMPORT","0","","2026-10-05 09:36:30","Montevideo"
"Ingenium Servicio de Ingeniería","ACC2443","INGENIUM URUGUAY SRL","Ingenium Servicio de Ingeniería","217507490018","0","","","","ngonzalez@ingenium.com.uy","","0.00000000","96415171","","","","","","","","","admin","0","0","0","0","0","","","","","D. Villar","","","","","","","","","","","2023-09-05 18:26:43","admin","IMPORT","0","","2026-10-05 09:36:31",""
"Ingral","ACC2444","INGRAL SA","Ingral","0","0","","","","gonzaloestrella123@hotmail.com","","0.00000000","99444828","","","","","","","","","admin","0","0","0","0","0","","","","","D. Villar","","","","","","","","","","","2023-09-05 18:26:43","admin","IMPORT","0","","2026-10-05 09:36:31","Río Negro"
"INGREDION URUGUAY","ACC2445","INGREDION URUGUAY SA","INGREDION URUGUAY","213419100010","0","","Empresas Socias Directas","www.ingredion.com/sa/es-ar.html","","26289009","0.00000000","","","","","","Procesamiento y conservación de alimentos - bebidas y tabaco","Micro (1 a 4)","5","10. Comercio en general","admin","0","0","0","0","0","","213419100010","TS02","VIG","L. Viana","","","","","","","","Uruguay","","","2023-09-05 18:26:43","admin","IMPORT","0","","2026-10-05 09:36:32","Montevideo"
"La Selva","ACC2446","Instituto Botanico La Selva SA","La Selva","210251030016","0","","Empresas Socias Directas","www.laselva.com.uy","egutierrez@laselva.com.uy","22150406","0.00000000","99603931","","","","","Procesamiento y conservación de alimentos - bebidas y tabaco","Mediana (20 a 99)","","","admin","0","0","0","0","0","","210251030016","TS02","VIG","D. Villar","","","","","","","Uruguay","Uruguay","Montevideo","Montevideo","2023-09-05 18:26:43","admin","IMPORT","0","","2026-10-05 09:36:32","Montevideo"
"Integración AFAP","ACC2447","INTEGRACION ADMINISTRADORA DE FONDOS DE AHORRO PREVISIONAL SA","Integración AFAP","213461480012","0","Accounts::::ANAFAP","Empresas Socias Directas","","gerenciageneral@integracionafap.com.uy","24023707 Int 1203","0.00000000","","","","","","Intermediación Financiera- Seguros- inversión","Mediana (20 a 99)","","","admin","0","0","0","0","0","","213461480012","TS02","VIG","L. Viana","","","","","","","","Uruguay","Montevideo","Montevideo","2023-09-05 18:26:43","admin","IMPORT","0","","2026-10-05 09:36:33","Montevideo"
"SNAPPY CAR RENTAL","ACC2450","INTER RENT SRL","SNAPPY CAR RENTAL","211756640014","0","","Socios Indirectos","","gerencia@snnapy.com.uy","29007728","0.00000000","","","","","","","Micro (1 a 4)","","","admin","0","0","0","0","1","","211756640014","","","","","","","","","","","","","","2023-09-05 18:26:43","admin","IMPORT","0","","2026-10-05 09:36:33",""
"INTERAGROVIAL","ACC2451","INTERAGROVIAL SA","INTERAGROVIAL","210065430018","0","","Empresas Socias Directas","www.interagrovial.com.uy","mvazquez@isa.com.uy","23111122","0.00000000","","","","","","Ganadería - Agricultura y Actividades Conexas","Grande (más 99)","Residual","10. Comercio en general","admin","0","0","0","0","0","","210065430018","TS01","VIG","L. Viana","","","","","","","Uruguay","Uruguay","Montevideo","Montevideo","2023-09-05 18:26:43","admin","IMPORT","0","","2026-10-05 09:36:34","Montevideo"
"INCO","ACC2452","INTERAMERICANA DE COMPUTOS SA","INCO","210743540018","0","","Empresas Socias Directas","www.incosoluciones.com","EMordetzki@incosa.com.uy","24008888","0.00000000","","","","","","Tecnología-Telecomunicaciones- actividades conexas","Mediana (20 a 99)","3","10. Comercio en general","admin","0","0","0","0","0","","210743540018","TS02","VIG","L. Viana","","","","","","","","Uruguay","","","2023-09-05 18:26:43","admin","IMPORT","0","","2026-10-05 09:36:34","Montevideo"
"INTERLOG","ACC2453","INTERLOG LTDA","INTERLOG","214521980014","0","","Empresas Socias Directas","www.interlog.uy","administracion@interlog.com.uy","29155781","0.00000000","","","","","","Logística –Transporte – Distribuidora - Almacenamiento","Pequeña (5 a 19)","","","admin","0","0","0","0","0","","214521980014","TS02","BAJ","","","","","","","","","Uruguay","Montevideo","Montevideo","2023-09-05 18:26:43","admin","IMPORT","0","","2026-10-05 09:36:34","Montevideo"
"Podesta Seguros","ACC2454","IPEBEO SA","Podesta Seguros","213494230015","0","","Empresas Socias Directas","www.podestaseguros.com","facturacion@podestaseguros.com","29003892","0.00000000","","","","","","Intermediación Financiera- Seguros- inversión","Pequeña (5 a 19)","","","admin","0","0","0","0","1","Socio","213494230015","","",".","","RIO NEGRO 1354 ESC 102","","","","","","Uruguay","Montevideo","Montevideo","2023-09-05 18:26:43","admin","IMPORT","0","","2026-10-05 09:36:35","Montevideo"
"Degustart","ACC2455","IRRAZABAL ALEJANDRO DANIEL Y HERNANDEZ RAMIREZ ANALIA VICTORIA","Degustart","218618430011","0","","Empresas Socias Directas","www.degustart.uy","irazabalale@hotmail.com","23542512","0.00000000","","","","","","Other","","","","admin","0","0","0","0","1","","218618430011","","","L. Viana","","GOLONDRINA Nº 5640","","","","","","Uruguay","","","2023-09-05 18:26:43","admin","IMPORT","0","","2026-10-05 09:36:35","Montevideo"
"IS EG HALAL","ACC2456","IS EG HALAL LATIN AMERICA SA","IS EG HALAL","218495040016","0","","Empresas Socias Directas","www.iseghalal.com","c.silvarredonda@ISEGHALAL.COM","26233720","0.00000000","","","","","","Servicios Profesionales- Técnicos Especializados -Certificaciones","Pequeña (5 a 19)","Residual","19. Servicios profesionales, técnicos, especializados y aquellos no incluidos en otros grupos","admin","0","0","0","1","0","","218495040016","TS02","CAMRUT","L. Viana","","","","","","","Uruguay","Uruguay","Montevideo","Montevideo","2023-09-05 18:26:43","admin","IMPORT","0","","2026-10-05 09:36:36","Montevideo"
"ITALUR","ACC2457","ITALUR SA","ITALUR","210233090010","0","","Empresas Socias Directas","www.italur.com","info@italur.com","29032323","0.00000000","","","","","","Automotriz- Motocicletas – Autopartes","Pequeña (5 a 19)","","","admin","0","0","0","0","0","","210233090010","TS02","VIG","L. Viana","","","","","","","Uruguay","Uruguay","Montevideo","Montevideo","2023-09-05 18:26:43","admin","IMPORT","0","","2026-10-05 09:36:36","Montevideo"
"Secondskin Uruguay","ACC2458","Jalou SA","Secondskin Uruguay","217345300014","0","","Empresas Socias Directas","www.secondskin.uy","grozenblum@secondskin.la","","0.00000000","95000421","","","","","Vigilancia-Limpieza","Micro (1 a 4)","","","admin","0","0","0","0","0","","217345300014","TS02","BAJ","D. Villar","","","","","","","","Uruguay","","","2023-09-05 18:26:43","admin","IMPORT","0","","2026-10-05 09:36:37","Montevideo"
"JAMES","ACC2459","JAMES SA","JAMES","210159110017","0","","Empresas Socias Directas","www.james.com.uy","patricia@james.com.uy","23096066","0.00000000","","","","","","Bazar-Ferretería-Pinturería","Grande (más 99)","3","8. Industria de productos metálicos, maquinarias y equipo","admin","0","0","0","0","0","","210159110017","TS02","VIG","L. Viana","","","","","","","Uruguay","Uruguay","Montevideo","Montevideo","2023-09-05 18:26:43","admin","IMPORT","0","","2026-10-05 09:36:37","Montevideo"
"Jardín de la Costa","ACC2460","Ianthe SA","Jardín de la Costa","217027480019","0","","","","info@jardindelacosta.com.uy","","0.00000000","94869256","","","","","","Pequeña (5 a 19)","","","admin","0","0","0","0","0","","217027480019","","","D. Villar","","","","","","","","","","","2023-09-05 18:26:43","admin","IMPORT","0","","2026-10-05 09:36:37","Canelones"
"Jaume y Seré","ACC2461","Jaume y Seré Ltda","Jaume y Seré","210167570013","0","","Empresas Socias Directas","www.jaumeysere.net","grupo.tesoreria@jaumeysere.com","29161055","0.00000000","","","","","","Servicios Profesionales- Técnicos Especializados -Certificaciones","Mediana (20 a 99)","1","19. Servicios profesionales, técnicos, especializados y aquellos no incluidos en otros grupos","admin","0","0","0","0","1","","210167570013","TS02","VIG","L. Viana","","","","","","","Uruguay","Uruguay","Montevideo","Montevideo","2023-09-05 18:26:43","admin","IMPORT","0","","2026-10-05 09:36:38","Montevideo"
"JFV","ACC2462","JFV SAS","JFV","0","0","","","","Fernandovictora@hotmail.com","","0.00000000","94275125","","","","","","","","","admin","0","0","0","0","0","","","","","D. Villar","","","","","","","","Uruguay","","","2023-09-05 18:26:43","admin","IMPORT","0","","2026-10-05 09:36:38","Maldonado"
"Hornimans","ACC2463","JOSE ALDAO SA","Hornimans","210002990016","0","","Empresas Socias Directas","www.hornimans.uy","fal@josealdao.com","29243261","0.00000000","","","","","","Procesamiento y conservación de alimentos - bebidas y tabaco","Pequeña (5 a 19)","","","admin","0","0","0","0","1","","210002990016","TS01","VIG","L. Viana","","","","","","","","Uruguay","Montevideo","Montevideo","2023-09-05 18:26:43","admin","IMPORT","0","","2026-10-05 09:36:39","Montevideo"
"BARRACA JUAN C. BALERIO","ACC2464","JUAN C BALERIO SA","BARRACA JUAN C. BALERIO","210002240017","0","","Empresas Socias Directas","www.balerio.com.uy","cmoizo@balerio.com.uy","24099999","0.00000000","","","","","","Productos Metalúrgicos-Maquinaria-Construcción","Grande (más 99)","8","10. Comercio en general","admin","0","0","0","0","1","","210002240017","TS01","VIG","L. Viana","","","","","","","","Uruguay","Montevideo","Montevideo","2023-09-05 18:26:43","admin","IMPORT","0","","2026-10-05 09:36:39","Montevideo"
"VANRELL PROPIEDAD INTELECTUAL-ABOGADOS","ACC2465","JUAN E VANRELL SA","VANRELL PROPIEDAD INTELECTUAL-ABOGADOS","217160020015","0","","Empresas Socias Directas","www.vanrell.com.uy","juanvanrell@vanrell.com.uy","26286033","0.00000000","","","","","","Servicios Profesionales- Técnicos Especializados -Certificaciones","Pequeña (5 a 19)","Residual","19. Servicios profesionales, técnicos, especializados y aquellos no incluidos en otros grupos","admin","0","0","0","0","0","","217160020015","TS02","VIG","L. Viana","","","","","","","","Uruguay","Montevideo","Montevideo","2023-09-05 18:26:43","admin","IMPORT","0","","2026-10-05 09:36:39","Montevideo"
"Goldfarb","ACC2466","Juan Goldfarb SA","Goldfarb","210001700014","0","","Empresas Socias Directas","www.goldfarb.com.uy","contabilidad@goldfarb.com.uy","29022606","0.00000000","","","","","","Bazar-Ferretería-Pinturería","Mediana (20 a 99)","4","10. Comercio en general","admin","0","0","0","0","1","","210001700014","TS02","VIG","L. Viana","","","","","","","","Uruguay","Montevideo","Montevideo","2023-09-05 18:26:43","admin","IMPORT","0","","2026-10-05 09:36:40","Montevideo"
"PRINZI","ACC2467","JUAN MARIA GONZALEZ REPRESENTACIONES","PRINZI","210001140019","0","","Empresas Socias Directas","","apintos@prinzi.com.uy","22015000","0.00000000","","","","","","Servicios Profesionales- Técnicos Especializados -Certificaciones","Micro (1 a 4)","5","10. Comercio en general","admin","0","1","0","0","1","","210001140019","TS01","VIG","L. Viana","","","","","","","Uruguay","Uruguay","Montevideo","Montevideo","2023-09-05 18:26:43","admin","IMPORT","0","","2026-10-05 09:36:40","Montevideo"
"JULIO CÉSAR LESTIDO","ACC2468","JULIO CÉSAR LESTIDO S.A","JULIO CÉSAR LESTIDO","210002590018","0","","Empresas Socias Directas","","mpena@lestido.com.uy","24005101","0.00000000","","","","","","Automotriz- Motocicletas – Autopartes","Grande (más 99)","","","admin","0","0","0","0","1","","210002590018","TS01","VIG","L. Viana","","","","","","","Uruguay","Uruguay","Montevideo","Montevideo","2023-09-05 18:26:43","admin","IMPORT","0","","2026-10-05 09:36:41","Montevideo"
"JCI","ACC2469","JUNIOR CHAMBER INTERNATIONAL","JCI","0","617","","Gremiales/Asociación","","presidencia@jciuruguay.org","","0.00000000","096203350","","","","","","","","","admin","0","0","0","0","0","","","TS03","VIG","L. Viana","","","","","","","","Uruguay","Montevideo","Montevideo","2023-09-05 18:26:43","admin","IMPORT","0","","2026-10-05 09:36:41","Montevideo"
"KALIL","ACC2470","KALIL SA","KALIL","213854150018","0","","","www.kalil.com.uy","jveas@kalilsa.com.uy","29249777","0.00000000","95660538","info@kalil.com.uy","29244666","","","Servicios de Salud y actividades conexas","Pequeña (5 a 19)","","","admin","0","0","0","0","0","","","","","D. Villar","","","","","","","","","","","2023-09-05 18:26:43","admin","IMPORT","0","","2026-10-05 09:36:41","Montevideo"
"AgroSocio","ACC2471","KATTEGAT SRL","AgroSocio","217888330011","0","","Empresas Socias Directas","www.agrosocio.com","info@agrosocio.com","26047050","0.00000000","93440758","","","","","Ganadería - Agricultura y Actividades Conexas","","","","admin","1","0","0","1","0","","217888330011","TS02","VIG","L. Viana","","","","","","","Uruguay","Uruguay","Salto","Salto","2023-09-05 18:26:43","admin","IMPORT","0","","2026-10-05 09:36:42","Salto"
"Pronto","ACC2472","Kedal SA","Pronto","213728480012","0","","Empresas Socias Directas","www.pronto.com.uy","msaporito@pronto.com.uy","26288773","0.00000000","","","","","","Intermediación Financiera- Seguros- inversión","Grande (más 99)","","","admin","0","0","0","0","0","","213728480012","TS02","VIG","L. Viana","","","","","","","","Uruguay","Montevideo","Montevideo","2023-09-05 18:26:43","admin","IMPORT","0","","2026-10-05 09:36:42","Montevideo"
"IMPRESIONANTE","ACC2473","KELMAX URUGUAY SA","IMPRESIONANTE","216089220012","0","","","","","24092309","0.00000000","","","","","","","Micro (1 a 4)","","","admin","0","0","0","0","0","","216089220012","","","","","","","","","","","","","","2023-09-05 18:26:43","admin","IMPORT","0","","2026-10-05 09:36:43","Montevideo"
"HORACIO LANATA SANGUINETTI","ACC2474","KEROLIN SA","HORACIO LANATA SANGUINETTI","211561830019","0","","Empresas Socias Directas","www.horaciolanata.com","pia@horaciolanata.com","29156664","0.00000000","","","","","","Tecnología-Telecomunicaciones- actividades conexas","Pequeña (5 a 19)","","","admin","0","0","0","0","1","","211561830019","TS02","SOLIC-BAJA","L. Viana","","","","","","","","Uruguay","","","2023-09-05 18:26:43","admin","IMPORT","0","","2026-10-05 09:36:43","Montevideo"
"L'OREAL","ACC2475","L'OREAL URUGUAY SA","L'OREAL","210002200015","0","","Empresas Socias Directas","www.lorealparis.uy","cecilia.viola@loreal.com","26133469","0.00000000","","","","","","Industria Farmacéutica","Grande (más 99)","Residual","10. Comercio en general","admin","0","1","0","0","0","","210002200015","TS02","VIG","L. Viana","","","","","","","Uruguay","Uruguay","Montevideo","Montevideo","2023-09-05 18:26:43","admin","IMPORT","0","","2026-10-05 09:36:43","Montevideo"
"L.A Amethyst","ACC2476","LA AMETHYST SRL","L.A Amethyst","10204400012","0","","","","laamethyst.uy@gmail.com","","0.00000000","98807486","","","","","","","","","admin","0","0","0","0","0","","","","","D. Villar","","","","","","","","","","","2023-09-05 18:26:43","admin","IMPORT","0","","2026-10-05 09:36:44","Artigas"
"LA BUENA ESTRELLA","ACC2477","LA BUENA ESTRELLA SA","LA BUENA ESTRELLA","210246360011","0","","Empresas Socias Directas","www.labuenaestrella.com.uy","secretaria@labuenaestrella.com.uy","26839306","0.00000000","","info@labuenaestrella.com.uy","26830181","","","Industria Farmacéutica","Pequeña (5 a 19)","7","7. Industria química, del medicamento, farmacéutica, de combustibles y anexos","admin","0","0","0","0","0","","210246360011","TS02","VIG","L. Viana","Ruta 101, Km 24.500","Ruta 101, Km 24.500","","","","","","Uruguay","Canelones","Canelones","2023-09-05 18:26:43","admin","IMPORT","0","","2026-10-05 09:36:44","Canelones"
"La Granjuela","ACC2478","La Granjuela SA","La Granjuela","21109118 0013","0","","","","Gspaez@gmail.com","","0.00000000","","","","","","","","","","admin","0","0","0","0","0","","","","","D. Villar","","","","","","","","","","","2023-09-05 18:26:43","admin","IMPORT","0","","2026-10-05 09:36:44",""
"LA OPERA","ACC2479","LA OPERA SA","LA OPERA","210066090016","0","","Empresas Socias Directas","www.laopera.com.uy","admin@laopera.com.uy","24029338","0.00000000","","","","","","Textiles - vestimentas - cuero y calzado","Mediana (20 a 99)","1","10. Comercio en general","admin","0","0","0","0","1","","210066090016","TS01","VIG","L. Viana","","","","","","","","Uruguay","","","2023-09-05 18:26:43","admin","IMPORT","0","","2026-10-05 09:36:45","Montevideo"
"La Republicana","ACC2480","La Republicana SA","La Republicana","210062290010","0","","Empresas Socias Directas","","","29247621","0.00000000","","","","","","Procesamiento y conservación de alimentos - bebidas y tabaco","Mediana (20 a 99)","13.1","1. Procesamiento y conservación de alimentos, bebidas y tabaco","admin","0","0","0","0","1","Socio","210062290010","TS01","VIG","L. Viana","","","","","","","","Uruguay","","","2023-09-05 18:26:43","admin","IMPORT","0","","2026-10-05 09:36:45","Montevideo"
"LA LIGA SANITARIA","ACC2481","LA SANITARIA SA","LA LIGA SANITARIA","210345170016","0","","Empresas Socias Directas","","mportela@laligasanitaria.com.uy","24014141","0.00000000","","","","","","","","","","admin","0","0","0","0","0","","210345170016","TS02","SOLIC-BAJA","L.González","","","","","","","","","","","2023-09-05 18:26:43","admin","IMPORT","0","","2026-10-05 09:36:46",""
"361 Uruguay","ACC2482","Labelstore SRL","361 Uruguay","218615040018","0","","Empresas Socias Directas","","andres@labelstore.uy","","0.00000000","91361361","","","","","Textiles - vestimentas - cuero y calzado","","","","admin","0","0","0","0","0","","218615040018","TS02","SOLIC-BAJA","L.González","","","","","","","","","","","2023-09-05 18:26:43","admin","IMPORT","0","","2026-10-05 09:36:46","Montevideo"
"LABORATORIOS MICROSULES","ACC2483","LABORATORIO MICROSULES URUGUAY SA","LABORATORIOS MICROSULES","211262100019","0","","Empresas Socias Directas","www.laboratoriosmicrosules.com/","carolina@laboratoriosmicrosules.com","22886761","0.00000000","","secretaria@laboratoriosmicrosules.com","","","","Industria Farmacéutica","Grande (más 99)","7","7. Industria química, del medicamento, farmacéutica, de combustibles y anexos","admin","0","0","0","0","1","","211262100019","TS02","VIG","L. Viana","","","","","","","","Uruguay","","","2023-09-05 18:26:43","admin","IMPORT","0","","2026-10-05 09:36:47","Montevideo"
"LATU","ACC2484","Laboratorio Tecnologico del Uruguay","LATU","214110970015","0","","","","pviurra@latu.org.uy","","0.00000000","98745089","","","","","","","","","admin","0","0","0","0","0","","","","","D. Villar","","","","","","","","","Montevideo","Montevideo","2023-09-05 18:26:43","admin","IMPORT","0","","2026-10-05 09:36:47","Montevideo"
"LABORATORIOS DISPERT","ACC2485","LABORATORIOS DISPERT SA","LABORATORIOS DISPERT","210304100013","0","","Empresas Socias Directas","","telefonista@dispert.com.uy","24873083","0.00000000","","","","","","Industria Farmacéutica","Mediana (20 a 99)","1","7. Industria química, del medicamento, farmacéutica, de combustibles y anexos","admin","0","0","0","0","1","","210304100013","TS02","SOLIC-BAJA","L. Viana","","","","","","","Uruguay","Uruguay","Montevideo","Montevideo","2023-09-05 18:26:43","admin","IMPORT","0","","2026-10-05 09:36:47","Montevideo"
"LABORATORIOS ROSENBUSCH","ACC2486","LABORATORIOS ROSENBUSCH SA","LABORATORIOS ROSENBUSCH","210567930017","0","","Empresas Socias Directas","www.rosenbusch.com/uruguay/index.html","labros@adinet.com.uy","22882146","0.00000000","","labros.uy@rosenbusch.com","","","","Industria Farmacéutica","Pequeña (5 a 19)","7","7. Industria química, del medicamento, farmacéutica, de combustibles y anexos","admin","1","1","0","1","0","","210567930017","TS02","SOLIC-BAJA","L. Viana","","","","","","","","Uruguay","","","2023-09-05 18:26:43","admin","IMPORT","0","","2026-10-05 09:36:48","Montevideo"
"Lagom Asesores","ACC2487","Lagom Asesores S.R.L.","Lagom Asesores","100811140012","0","","Empresas Socias Directas","","jlacuesta@lagomasesores.com","","0.00000000","99339499","","","","","","","","","admin","0","0","0","0","0","","100811140012","TS02","BAJ","D. Villar","","","","","","","","","","","2023-09-05 18:26:44","admin","IMPORT","0","","2026-10-05 09:36:48","Canelones"
"ADVICE","ACC2488","LAKYFOR SA","ADVICE","214940230014","0","","Empresas Socias Directas","","contabilidad@advice.com.uy","26221111","0.00000000","","","","","","Servicios Profesionales- Técnicos Especializados -Certificaciones","Mediana (20 a 99)","","","admin","0","0","0","0","0","","214940230014","TS02","VIG","L. Viana","","","","","","","","Uruguay","Montevideo","Montevideo","2023-09-05 18:26:44","admin","IMPORT","0","","2026-10-05 09:36:49","Montevideo"
"Lamil","ACC2489","LAMIL SRL","Lamil","212057750013","0","","","","melinaliberatorep@me.com","","0.00000000","99649108","","","","","","","","","admin","0","0","0","0","0","","","","","D. Villar","","","","","","","","","","","2023-09-05 18:26:44","admin","IMPORT","0","","2026-10-05 09:36:49","Montevideo"
"Ferrotopo","ACC2490","LARREA BESSONART GLADYS BEATRIZ","Ferrotopo","20270110016","0","","","","","26962764","0.00000000","","","","","","","Pequeña (5 a 19)","","","admin","0","0","0","0","0","","","","","","","","","","","","","","","","2023-09-05 18:26:44","admin","IMPORT","0","","2026-10-05 09:36:49","Canelones"
"LATIN SECURITIES SA AGENTE DE VALORES","ACC2491","LATIN SECURITIES SA AGENTE DE VALORES","LATIN SECURITIES SA AGENTE DE VALORES","215272340015","0","","Empresas Socias Directas","www.latinsecurities.com.uy","info@latinsecurities.com.uy","25182033","0.00000000","","","","","","Intermediación Financiera- Seguros- inversión","Mediana (20 a 99)","Residual","19. Servicios profesionales, técnicos, especializados y aquellos no incluidos en otros grupos","admin","0","0","0","0","0","","215272340015","TS02","VIG","L. Viana","","","","","","","","Uruguay","","","2023-09-05 18:26:44","admin","IMPORT","0","","2026-10-05 09:36:50","Montevideo"
"LAVIPark SA","ACC2492","LAVIPark SA","LAVIPark SA","215084180014","0","","","","gazirg@lavipark.com.uy","","0.00000000","94878379","","","","","","","","","admin","0","0","0","0","0","","","","","D. Villar","","","","","","","","","","","2023-09-05 18:26:44","admin","IMPORT","0","","2026-10-05 09:36:50",""
"Le Stage Minerals","ACC2493","Le Stage SA","Le Stage Minerals","214450320017","0","","","","ph.pedragosa@gmail.com","","0.00000000","99772008","","","","","","","","","admin","0","0","0","0","0","","","","","D. Villar","","","","","","","","","","","2023-09-05 18:26:44","admin","IMPORT","0","","2026-10-05 09:36:50","Artigas"
"LEOPOLDO GROSS","ACC2494","LEOPOLDO GROSS Y ASOCIADOS SA","LEOPOLDO GROSS","210000830011","0","","","","","29046090","0.00000000","","","","","","","Grande (más 99)","","","admin","0","0","0","0","0","","210000830011","","","","","","","","","","","","","","2023-09-05 18:26:44","admin","IMPORT","0","","2026-10-05 09:36:51",""
"Lesaffre Uruguay","ACC2495","Lesaffre Uruguay SA","Lesaffre Uruguay","212672150014","0","","Empresas Socias Directas","www.lesaffre.com.uy","c.ezquerra@lesaffre.com","23573736","0.00000000","","","","","","Procesamiento y conservación de alimentos - bebidas y tabaco","Pequeña (5 a 19)","7.1","1. Procesamiento y conservación de alimentos, bebidas y tabaco","admin","0","0","0","1","0","","212672150014","TS02","VIG","L. Viana","","","","","","","","Uruguay","Montevideo","Montevideo","2023-09-05 18:26:44","admin","IMPORT","0","","2026-10-05 09:36:51","Montevideo"
"LA CASA DE LEA","ACC2496","LGK Ltda","LA CASA DE LEA","214911820011","0","","","","gerardo.notte@gmail.com","","0.00000000","99107950","","","","","","Pequeña (5 a 19)","","","admin","0","0","0","0","0","","214911820011","","","D. Villar","","","","","","","","","","","2023-09-05 18:26:44","admin","IMPORT","0","","2026-10-05 09:36:52",""
"Bodega Pizzorno","ACC2497","LIBROSOL SA","Bodega Pizzorno","213798600017","0","","","","bodega@pizzornowines.com","23689601","0.00000000","","","","","","","Pequeña (5 a 19)","","","admin","0","0","0","0","0","","","","","","","","","","","","","Uruguay","","","2023-09-05 18:26:44","admin","IMPORT","0","","2026-10-05 09:36:52","Canelones"
"LICOPAR","ACC2499","LICOPAR LTDA","LICOPAR","211084290011","0","","Empresas Socias Directas","www.licopar.com.uy","licopar@adinet.com.uy","23057083","0.00000000","","","","","","Vigilancia-Limpieza","Mediana (20 a 99)","","","admin","0","0","0","0","1","","211084290011","TS02","VIG","L. Viana","","","","","","","","Uruguay","","","2023-09-05 18:26:44","admin","IMPORT","0","","2026-10-05 09:36:52","Montevideo"
"Liga Comercial e Industrial de Dolores","ACC2500","LIGA COMERCIAL E INDUSTRIAL DE DOLORES","Liga Comercial e Industrial de Dolores","180183720010","0","","Centro Comercial","","ligacomercialdol@adinet.com.uy","45342196","0.00000000","","","","","","","","","","admin","0","0","0","0","0","","180183720010","TS03","BAJ","L. Viana","","","","","","","","Uruguay","","","2023-09-05 18:26:44","admin","IMPORT","0","","2026-10-05 09:36:53",""
"LIGUORI DENDI Despachante","ACC2501","LIGUORI DENDI ENZO GUSTAVO","LIGUORI DENDI Despachante","210354370014","0","","Empresas Socias Directas","www.liguoridendi.com","administracion@liguoridendi.com","29169256","0.00000000","","","","","","Servicios Profesionales- Técnicos Especializados -Certificaciones","Mediana (20 a 99)","","","admin","0","0","0","0","1","Socio","210354370014","","",".","","ZABALA 1566","","","","","","Uruguay","Montevideo","Montevideo","2023-09-05 18:26:44","vpopovich@cncs.com.uy","IMPORT","0","","2026-10-05 09:36:53","Montevideo"
"LINN Y COMPAÑIA","ACC2502","LINN Y COMPAÑIA SA","LINN Y COMPAÑIA","210116640014","0","","Empresas Socias Directas","www.linn.com.uy","contaduria@linn.com.uy","29005241","0.00000000","","","","","","Ganadería - Agricultura y Actividades Conexas","Pequeña (5 a 19)","","","admin","0","0","0","0","1","","210116640014","TS01","VIG","L. Viana","","","","","","","","Uruguay","Montevideo","Montevideo","2023-09-05 18:26:44","admin","IMPORT","0","","2026-10-05 09:36:53","Montevideo"
"CONFITERIA LION DOR","ACC2503","LION D'OR SA","CONFITERIA LION DOR","210000980013","0","","","","","24086555","0.00000000","","","","","","","Mediana (20 a 99)","","","admin","0","0","0","0","0","","210000980013","","","","","","","","","","","Uruguay","","","2023-09-05 18:26:44","admin","IMPORT","0","","2026-10-05 09:36:54","Montevideo"
"LKSur","ACC2504","LKSUR SA","LKSur","214059850011","0","","Empresas Socias Directas","www.lksur.com.uy","erehermann@lksur.com.uy","27081216","0.00000000","","","","","","Servicios Profesionales- Técnicos Especializados -Certificaciones","Mediana (20 a 99)","2","19. Servicios profesionales, técnicos, especializados y aquellos no incluidos en otros grupos","admin","0","0","0","0","1","","214059850011","TS02","VIG","L. Viana","","","","","","","","Uruguay","Montevideo","Montevideo","2023-09-05 18:26:44","admin","IMPORT","0","","2026-10-05 09:36:54","Montevideo"
"Logifil","ACC2505","Logifil SA","Logifil","217902130010","0","","","","manassivictoria1999@gmail.com","","0.00000000","91031126","","","","","","","","","admin","0","0","0","0","0","","","","","D. Villar","","","","","","","","","","","2023-09-05 18:26:44","admin","IMPORT","0","","2026-10-05 09:36:55","Salto"
"LOLITA","ACC2506","LOLITA SA","LOLITA","210342410016","0","","Empresas Socias Directas","www.lolita.com.uy","mmunioz@lolitavirtual.com","23090890","0.00000000","","","","","","Textiles - vestimentas - cuero y calzado","Grande (más 99)","1","10. Comercio en general","admin","0","0","0","1","1","","210342410016","TS02","VIG","L. Viana","","","","","","","","Uruguay","Montevideo","Montevideo","2023-09-05 18:26:44","admin","IMPORT","0","","2026-10-05 09:36:55","Montevideo"
"FRIGORIFICO LORSINAL","ACC2507","LORSINAL SA","FRIGORIFICO LORSINAL","214494550018","0","","Empresas Socias Directas","www.lorsinal-uy.com/es/home-es/","lorsinal@lorsinal.com","23228661","0.00000000","098440400","","","","","Industria Frigorífica","Grande (más 99)","","","admin","1","0","0","1","0","","214494550018","TS02","EMSUS","L. Viana","","Cam. Melilla 10.270","","","","12500","","Uruguay","Montevideo","Montevideo","2023-09-05 18:26:44","admin","IMPORT","0","","2026-10-05 09:36:56","Montevideo"
"CUATROASES","ACC2508","LOS 4 ASES S.A.","CUATROASES","210202020010","0","","Empresas Socias Directas","www.cuatroases.com.uy","jbenchoam@cuatroases.com.uy","22081212","0.00000000","","","","","","Textiles - vestimentas - cuero y calzado","Grande (más 99)","","","admin","0","0","0","0","1","","210202020010","TS02","VIG","L. Viana","","","","","","","","Uruguay","Montevideo","Montevideo","2023-09-05 18:26:44","admin","IMPORT","0","","2026-10-05 09:36:56","Montevideo"
"BUQUEBUS - BQB LINEAS AEREAS","ACC2509","LOS CIPRESES S.A.","BUQUEBUS - BQB LINEAS AEREAS","211210960017","0","","Empresas Socias Directas","","mdguia2010@gmail.com","","0.00000000","93404544","","","","","","Grande (más 99)","","","admin","0","0","0","0","0","","211210960017","TS02","BAJ","D. Villar","","","","","","","","","","","2023-09-05 18:26:44","admin","IMPORT","0","","2026-10-05 09:36:56",""
"Lenso Red Opticas","ACC2510","LOUP SAS","Lenso Red Opticas","218693230016","0","","Empresas Socias Directas","www.lenso.com.uy/mant.php","direccion@lenso.com.uy","29029098","0.00000000","","","","","","Servicios de Salud y actividades conexas","Pequeña (5 a 19)","10","10. Comercio en general","admin","0","0","0","0","0","","218693230016","TS02","SOLIC-BAJA","L. Viana","","","","","","","","Uruguay","","","2023-09-05 18:26:44","admin","IMPORT","0","","2026-10-05 09:36:57","Montevideo"
"LUBIT","ACC2511","LUBIT SAS","LUBIT","219011200018","0","","","","lasupremaciadeluruguay@hotmail.com","","0.00000000","99885090","","","","","","","","","admin","0","0","0","0","0","","","","","D. Villar","","","","","","","","","","","2023-09-05 18:26:44","admin","IMPORT","0","","2026-10-05 09:36:57","Flores"
"LUIS ALBERTO PATIÑO","ACC2512","LUIS ALBERTO PATIÑO SRL","LUIS ALBERTO PATIÑO","70078310017","0","","Empresas Socias Directas","","lapsrl@adinet.com.uy","43524717","0.00000000","","","","","","Servicios Profesionales- Técnicos Especializados -Certificaciones","","","","admin","0","0","0","0","1","","","","","L. Viana","","ANTONIO MA FERNÁNDEZ 470","","","","","","Uruguay","Florida","Florida","2023-09-05 18:26:44","admin","IMPORT","0","","2026-10-05 09:36:57","Florida"
"Lumila","ACC2513","Lumila SA","Lumila","214177200017","0","","Empresas Socias Directas","www.lumila.com","sguarino@lumila.com","22032649","0.00000000","","","","","","Librería- Papelería - Artículos de oficina","Pequeña (5 a 19)","Residual","10. Comercio en general","admin","1","0","0","1","0","","214177200017","TS02","VIG","L. Viana","","","","","","","","Uruguay","Montevideo","Montevideo","2023-09-05 18:26:44","admin","IMPORT","0","","2026-10-05 09:36:58","Montevideo"
"Edenred","ACC2514","LUNCHEON TICKETS SA","Edenred","211805780015","0","","Empresas Socias Directas","www.edenred.com.uy","Gabriela.yaffe@edenred.com","24088080","0.00000000","","","","","","Procesamiento y conservación de alimentos - bebidas y tabaco","Mediana (20 a 99)","","","admin","0","0","0","0","0","","211805780015","TS02","VIG","L. Viana","","","","","","","","Uruguay","Montevideo","Montevideo","2023-09-05 18:26:44","admin","IMPORT","0","","2026-10-05 09:36:58","Montevideo"
"MABERAL","ACC2515","Maberal SA","MABERAL","213522370017","0","Accounts::::CEV","Socios Indirectos","","catherinenaida@gmail.com","","0.00000000","91262062","","","","","Ganadería - Agricultura y Actividades Conexas","","","","admin","0","0","0","1","0","","213522370017","","","D. Villar","","","","","","","","","","","2023-09-05 18:26:44","admin","IMPORT","0","","2026-10-05 09:36:59",""
"DMoizo","ACC2516","MACADEL SA","DMoizo","21495763001","0","","","","griselmoizo@gmail.com","","0.00000000","094 990 222","","","","","","","","","admin","0","0","0","0","0","","","","","D. Villar","","","","","","","","","","","2023-09-05 18:26:44","admin","IMPORT","0","","2026-10-05 09:36:59",""
"MACROMERCADO","ACC2517","MACROMERCADO MAYORISTA SA","MACROMERCADO","211589950019","0","","Empresas Socias Directas","www.macromercado.com.uy","candrianos@macromercado.com.uy","22002022","0.00000000","","","","","","Supermercados- Centro Comerciales- Retail","Grande (más 99)","18","10. Comercio en general","admin","0","0","0","0","1","","211589950019","TS02","VIG","L. Viana","","","","","","","","Uruguay","Montevideo","Montevideo","2023-09-05 18:26:44","admin","IMPORT","0","","2026-10-05 09:37:00","Montevideo"
"Magenta Innova","ACC2518","Magenta Innova SRL","Magenta Innova","215308160011","0","","","www.magentainnova.com/site/","info@magentainnova.com","","0.00000000","99051648","","","","","","Pequeña (5 a 19)","","","admin","0","0","0","0","0","","","","","D. Villar","","","","","","","","","","","2023-09-05 18:26:44","admin","IMPORT","0","","2026-10-05 09:37:00",""
"SICOEX","ACC2519","MANINI CARLOS","SICOEX","211925630010","0","","Empresas Socias Directas","www.sicoex.com.uy","sicoex@sicoex.com.uy","29160772","0.00000000","","","","","","Servicios Profesionales- Técnicos Especializados -Certificaciones","Micro (1 a 4)","1","19. Servicios profesionales, técnicos, especializados y aquellos no incluidos en otros grupos","admin","0","0","0","0","0","","211925630010","TS02","VIG","L. Viana","","","","","","","","Uruguay","Montevideo","Montevideo","2023-09-05 18:26:44","admin","IMPORT","0","","2026-10-05 09:37:01","Montevideo"
"MANOS DEL URUGUAY","ACC2520","MANOS DEL URUGUAY","MANOS DEL URUGUAY","214295570019","0","","Empresas Socias Directas","www.manos.com.uy","directiva@manos.com.uy","24004839","0.00000000","94613333","rrhh@manos.com.uy","","","","Textiles - vestimentas - cuero y calzado","Mediana (20 a 99)","","","admin","0","0","0","0","0","","214295570019","TS02","VIG","L. Viana","","","","","","","","Uruguay","","","2023-09-05 18:26:44","admin","IMPORT","0","","2026-10-05 09:37:01","Montevideo"
"Mantiba","ACC2521","MANTIBA SA","Mantiba","0","0","","","www.mantiba.com.uy","mciganda@mantiba.com.uy","","0.00000000","99664485","","","","","","","","","admin","0","0","0","0","0","","","","","D. Villar","","","","","","","","","","","2023-09-05 18:26:44","admin","IMPORT","0","","2026-10-05 09:37:01","Montevideo"
"MV Maple Vila","ACC2522","MAPLE VILA LTDA","MV Maple Vila","0","0","","","www.maplevila.com","nmachinvila@gmail.com","","0.00000000","99609083","","","","","","","","","admin","0","0","0","0","0","","","","","D. Villar","","","","","","","","","","","2023-09-05 18:26:44","admin","IMPORT","0","","2026-10-05 09:37:02",""
"Depósito Rafael","ACC2523","MARENALES LTDA","Depósito Rafael","213968580011","0","","Empresas Socias Directas","www.depositorafaelmetales.com.uy","deprafaelmetales@hotmail.es","25143296","0.00000000","","","","","","Logística –Transporte – Distribuidora - Almacenamiento","","","","admin","0","0","0","0","1","Socio","213968580011","","",".","","RAFAEL 3417","","","","","","Uruguay","Montevideo","Montevideo","2023-09-05 18:26:44","vpopovich@cncs.com.uy","IMPORT","0","","2026-10-05 09:37:02","Montevideo"
"Márgenes del Río","ACC2524","Márgenes del Río SA","Márgenes del Río","216072360010","0","","Socios Indirectos","","pleotta@margenesdelrio.com","23111683","0.00000000","","","","","","","","","","admin","0","0","0","0","0","","216072360010","","","D. Villar","","","","","","","","","","","2023-09-05 18:26:44","admin","IMPORT","0","","2026-10-05 09:37:03","Montevideo"
"MARQ","ACC2525","MARQ SC","MARQ","0","0","","","","carla@marq.com.uy","","0.00000000","98908696","","","","","","","","","admin","0","0","0","0","0","","","","","D. Villar","","","","","","","","","","","2023-09-05 18:26:44","admin","IMPORT","0","","2026-10-05 09:37:03",""
"FARMACIA MARSÓ","ACC2526","MARSO SRL","FARMACIA MARSÓ","20024750012","0","","","","","43346374","0.00000000","","","","","","","Micro (1 a 4)","","","admin","0","0","0","0","0","","","","","","","","","","","","","","","","2023-09-05 18:26:44","admin","IMPORT","0","","2026-10-05 09:37:03","Canelones"
"LEVI'S","ACC2527","MARTEX SA","LEVI'S","211054000015","0","","Empresas Socias Directas","www.levi.com.uy","proveedores@martex.com.uy","22082747","0.00000000","","","","","","Textiles - vestimentas - cuero y calzado","Grande (más 99)","","","admin","0","0","0","0","0","","211054000015","TS02","VIG","L. Viana","","","","","","","","Uruguay","Montevideo","Montevideo","2023-09-05 18:26:44","admin","IMPORT","0","","2026-10-05 09:37:04","Montevideo"
"Martin Rezk","ACC2528","Martin rezk SA","Martin Rezk","0","0","","","","m.rezkbatista@gmail.com","","0.00000000","99442369","","","","","","","","","admin","0","0","0","0","0","","","","","D. Villar","","","","","","","","","","","2023-09-05 18:26:44","admin","IMPORT","0","","2026-10-05 09:37:04","Lavalleja"
"Punta Shopping","ACC2529","Marystay SA","Punta Shopping","212511650015","0","","Empresas Socias Directas","www.puntashopping.com","martin@puntashopping.com","42489666","0.00000000","","","","","","Supermercados- Centro Comerciales- Retail","Grande (más 99)","21.1","19. Servicios profesionales, técnicos, especializados y aquellos no incluidos en otros grupos","admin","0","0","0","0","0","","212511650015","TS02","VIG","L. Viana","","","","Punta del Este","","","","Uruguay","Maldonado","Maldonado","2023-09-05 18:26:44","admin","IMPORT","0","","2026-10-05 09:37:05","Maldonado"
"El Emporio de los Sándwiches","ACC2530","MASLIAH HNOS SA","El Emporio de los Sándwiches","210148440010","0","","Empresas Socias Directas","www.emporio.com.uy","claudiosampayo@emporio.com.uy","29021480","0.00000000","","","","","","Procesamiento y conservación de alimentos - bebidas y tabaco","Grande (más 99)","12","1. Procesamiento y conservación de alimentos, bebidas y tabaco","admin","0","0","0","0","0","","210148440010","TS02","VIG","L. Viana","","","","","","","","Uruguay","Montevideo","Montevideo","2023-09-05 18:26:44","admin","IMPORT","0","","2026-10-05 09:37:05","Montevideo"
"Dr. Jorge Massa","ACC2531","Massa Jorge","Dr. Jorge Massa","212900680012","0","","Empresas Socias Directas","","dr.jorgemassa@gmail.com","","0.00000000","99624030","","","","","","","","","admin","0","0","0","0","0","","212900680012","TS01","BAJ","L.González","","","","","","","","","","","2023-09-05 18:26:44","admin","IMPORT","0","","2026-10-05 09:37:05",""
"MAVIN","ACC2532","Mavin SA","MAVIN","0","0","","","","federicodearmas@mavin.com.uy","23096444","0.00000000","","","","","","","","","","admin","0","0","0","0","0","","","","","D. Villar","","","","","","","","","","","2023-09-05 18:26:44","admin","IMPORT","0","","2026-10-05 09:37:06","Montevideo"
"Ferrere Abogados","ACC2533","MAYER, GONZÁLEZ Y OTROS","Ferrere Abogados","215762350017","0","","Empresas Socias Directas","www.ferrere.com/es/","amayer@ferrere.com","29001000","0.00000000","","","","","","Servicios Profesionales- Técnicos Especializados -Certificaciones","Mediana (20 a 99)","","","admin","0","0","0","0","0","","215762350017","TS02","VIG","L. Viana","","","","","","","","Uruguay","Montevideo","Montevideo","2023-09-05 18:26:44","admin","IMPORT","0","","2026-10-05 09:37:06","Montevideo"
"MAYFER","ACC2534","MAYFER S.A.","MAYFER","210000180017","0","","Empresas Socias Directas","www.mayfer.com.uy","forique@mayfer.com.uy","29020708","0.00000000","","","","","","Ganadería - Agricultura y Actividades Conexas","Mediana (20 a 99)","","","admin","0","0","0","0","0","","210000180017","TS01","VIG","L. Viana","","","","","","","","Uruguay","","","2023-09-05 18:26:44","admin","IMPORT","0","","2026-10-05 09:37:07","Montevideo"
"McCain","ACC2535","McCain Uruguay S.A.","McCain","80003530017","0","","Empresas Socias Directas","www.mccain.com","evina@mccain.com.uy","23378888","0.00000000","","","","","","Procesamiento y conservación de alimentos - bebidas y tabaco","Mediana (20 a 99)","","","admin","0","0","0","0","1","","80003530017","TS02","VIG","","","","","","","","","Uruguay","Montevideo","Montevideo","2023-09-05 18:26:44","admin","IMPORT","0","","2026-10-05 09:37:07","Montevideo"
"Mecalux","ACC2536","Mecalux Uruguay S.A.","Mecalux","216738710015","0","","Empresas Socias Directas","www.mecalux.com.uy","ines.arocena@mecalux.com","26838879","0.00000000","","","","","","Logística –Transporte – Distribuidora - Almacenamiento","Pequeña (5 a 19)","","","admin","0","0","0","0","0","","216738710015","TS02","SOLIC-BAJA","L. Viana","","","","","","","","Uruguay","Canelones","Canelones","2023-09-05 18:26:44","admin","IMPORT","0","","2026-10-05 09:37:08","Canelones"
"MENDOZA","ACC2537","MENDOZA S.R.L.","MENDOZA","212439960017","0","","Empresas Socias Directas","www.mendozayvibur.com","mendozasrl@adinet.com.uy","22002468","0.00000000","","","22041905","","","Procesamiento y conservación de alimentos - bebidas y tabaco","Pequeña (5 a 19)","5","10. Comercio en general","admin","1","1","0","0","1","","212439960017","TS02","VIG","L. Viana","","","","","","","","Uruguay","Montevideo","Montevideo","2023-09-05 18:26:44","admin","IMPORT","0","","2026-10-05 09:37:08","Montevideo"
"MERFIX","ACC2538","MERFIX S.A.","MERFIX","211495660017","0","","Empresas Socias Directas","www.merfix.com.uy","administracion@merfix.com.uy","22038038","0.00000000","","","","","","Procesamiento y conservación de alimentos - bebidas y tabaco","Pequeña (5 a 19)","5","10. Comercio en general","admin","0","1","0","0","1","","211495660017","TS02","VIG","L. Viana","","","","","","","","Uruguay","Montevideo","Montevideo","2023-09-05 18:26:44","admin","IMPORT","0","","2026-10-05 09:37:08","Montevideo"
"Gaff Geant","ACC2540","MIDIMAR S.A","Gaff Geant","215277230013","0","","Empresas Socias Directas","","veigasfabiana@hotmail.com","26019325","0.00000000","","","","","","Librería- Papelería - Artículos de oficina","","","","admin","0","0","0","0","1","Socio","215277230013","","",".","","GIANNATTASIO S/N LOCAL 107","","","","","","Uruguay","","","2023-09-05 18:26:44","vpopovich@cncs.com.uy","IMPORT","0","","2026-10-05 09:37:09","Canelones"
"BIOSISTEMAS","ACC2541","Biosíntesis Ltda","BIOSISTEMAS","214993400011","0","Accounts::::CIEC","Empresas Socias Directas","www.biosistemas.com.uy","administracion@biosistemas.com.uy","24098151","0.00000000","","natalia.milman@biosistemas.com.uy","","","","Servicios de Salud y actividades conexas","","","","admin","0","0","0","0","1","Socio","214993400011","","",".","","ANA M.DE LAVALLEJA 2146","","","","","","Uruguay","","","2023-09-05 18:26:44","admin","IMPORT","0","","2026-10-05 09:37:09","Montevideo"
"MIRASCO URUGUAY","ACC2542","MIRASCO URUGUAY S.A.","MIRASCO URUGUAY","212278620015","0","","Empresas Socias Directas","www.mirasco.com","info@mirasco.com","29163082","0.00000000","","","","","","Procesamiento y conservación de alimentos - bebidas y tabaco","Pequeña (5 a 19)","5","10. Comercio en general","admin","0","0","0","0","0","","212278620015","TS02","VIG","L. Viana","","","","","","","","Uruguay","","","2023-09-05 18:26:44","admin","IMPORT","0","","2026-10-05 09:37:10","Montevideo"
"EL PUNTAL","ACC2544","MODILOR SA","EL PUNTAL","216588680019","0","","","","elpuntal@elpuntal.com.uy","29242091","0.00000000","","","","","","","Pequeña (5 a 19)","","","admin","0","0","0","0","0","","","","","","","","","","","","","","","","2023-09-05 18:26:44","admin","IMPORT","0","","2026-10-05 09:37:10","Montevideo"
"MODUM","ACC2546","MODUM SRL","MODUM","218206510018","0","","Empresas Socias Directas","www.modum.com.uy","contacto@modum.com.uy","29161277","0.00000000","","contacto@modum.com.uy","","","","Servicios de Enseñanza","Micro (1 a 4)","","19. Servicios profesionales, técnicos, especializados y aquellos no incluidos en otros grupos","admin","0","0","0","0","0","","218206510018","TS02","VIG","L. Viana","","","","","","","","Uruguay","","","2023-09-05 18:26:44","admin","IMPORT","0","","2026-10-05 09:37:10","Montevideo"
"PLASTICOS BALDIVIA","ACC2547","MOLAK S.A.","PLASTICOS BALDIVIA","211191140013","0","","Empresas Socias Directas","www.baldivia.uy","admcontable@baldivia.com.uy","24005248","0.00000000","","","","","","Bazar-Ferretería-Pinturería","Mediana (20 a 99)","1","10. Comercio en general","admin","0","0","0","0","0","","211191140013","TS02","VIG","L. Viana","","","","","","","","Uruguay","Montevideo","Montevideo","2023-09-05 18:26:44","admin","IMPORT","0","","2026-10-05 09:37:11","Montevideo"
"CAÑUELAS","ACC2549","MOLINOS CAÑUELAS URUGUAY S.A.","CAÑUELAS","210015690016","0","","Empresas Socias Directas","www.molinocanuelas.com.uy","episa@molca.com.uy","29243200","0.00000000","","","","","","Ganadería - Agricultura y Actividades Conexas","Grande (más 99)","","","admin","0","0","0","0","1","","210015690016","TS02","VIG","L. Viana","","","","","","","","Uruguay","Montevideo","Montevideo","2023-09-05 18:26:44","admin","IMPORT","0","","2026-10-05 09:37:11","Montevideo"
"ENVIAR SERVICIO POSTAL","ACC2551","MONFILCO SA","ENVIAR SERVICIO POSTAL","213977840012","0","","Empresas Socias Directas","","directorio@enviar.com.uy","24807353","0.00000000","","","","","","","","","","admin","0","0","0","0","0","","213977840012","TS02","BAJ","L.González","","","","","","","","","","","2023-09-05 18:26:44","admin","IMPORT","0","","2026-10-05 09:37:12",""
"MONTECON","ACC2552","Montecon SA","MONTECON","214163590012","0","","","","Gonzalo.Montecon@montecon.com.uy","","0.00000000","91200219","","","","","Logística –Transporte – Distribuidora - Almacenamiento","","","","admin","0","0","0","0","0","","214163590012","","","D. Villar","","","","","","","","","","","2023-09-05 18:26:44","admin","IMPORT","0","","2026-10-05 09:37:12","Montevideo"
"Farmacia Del Navío","ACC2553","Moreno Dos Santos Ivonne Cipriana y Alzate Rivero María Isabel","Farmacia Del Navío","150337830013","0","","Empresas Socias Directas","","fardelnavio@gmail.com","","0.00000000","99256197","","","","","Industria Farmacéutica","","","","admin","0","0","0","0","0","","150337830013","TS02","SOLIC-BAJA","L. Viana","","","","La Paloma","","","","Uruguay","Rocha","Rocha","2023-09-05 18:26:44","admin","IMPORT","0","","2026-10-05 09:37:12","Rocha"
"Mosca","ACC2554","Mosca Hnos. SA","Mosca","210002810018","0","","Empresas Socias Directas","www.mosca.com.uy","Rosina.dibello@mosca.com.uy","24093141","0.00000000","","","","","","Librería- Papelería - Artículos de oficina","Grande (más 99)","7","10. Comercio en general","admin","0","0","0","0","0","","210002810018","TS01","VIG","L. Viana","","","","","","","","Uruguay","Montevideo","Montevideo","2023-09-05 18:26:44","admin","IMPORT","0","","2026-10-05 09:37:13","Montevideo"
"Multitarget","ACC2555","Multitarget SA","Multitarget","0","0","","","www.multitarget.com.uy","jorge@multitarget.com","","0.00000000","99851997","","","","","","","","","admin","0","0","0","0","0","","","","","D. Villar","","","","","","","","","","","2023-09-05 18:26:44","admin","IMPORT","0","","2026-10-05 09:37:13","Treinta y Tres"
"MUÑOZ MARTIRENA DINAH RAQUEL","ACC2556","MUÑOZ MARTIRENA DINAH RAQUEL","MUÑOZ MARTIRENA DINAH RAQUEL","212242110017","0","","Empresas Socias Directas","","secretaria.dmunozrrhh@gmail.com","27066079","0.00000000","","","","","","","","","","admin","0","0","0","0","1","","","","","","","","","","","","","Uruguay","","","2023-09-05 18:26:44","admin","IMPORT","0","","2026-10-05 09:37:14","Montevideo"
"MV29","ACC2557","MV29 SAS","MV29","0","0","","","","mv29desarrollos@gmail.com","","0.00000000","99614328","","","","","","","","","admin","0","0","0","0","0","","","","","D. Villar","","","","","","","","","","","2023-09-05 18:26:44","admin","IMPORT","0","","2026-10-05 09:37:14","Montevideo"
"Nacirol","ACC2558","Nacirol SA","Nacirol","216588710015","0","","","","nacirol@hotmail.com","","0.00000000","95934768","","","","","","","","","admin","0","0","0","0","0","","","","","D. Villar","","","","","","","","Uruguay","","","2023-09-05 18:26:44","admin","IMPORT","0","","2026-10-05 09:37:15","Montevideo"
"SISIMPEX (Penta-Transaction)","ACC2559","NARAL SA","SISIMPEX (Penta-Transaction)","213289370013","0","","Empresas Socias Directas","www.penta-transaction.com/PortalPenta/inicio","administracion@penta-transaction.com","29016336","0.00000000","","","","","","Tecnología-Telecomunicaciones- actividades conexas","Mediana (20 a 99)","10","10. Comercio en general","admin","0","0","0","0","0","","213289370013","TS02","VIG","L. Viana","","","","","","","","Uruguay","Montevideo","Montevideo","2023-09-05 18:26:44","admin","IMPORT","0","","2026-10-05 09:37:15","Montevideo"
"NAUSSA","ACC2560","NAUSSA SA","NAUSSA","080042800011","0","","Empresas Socias Directas","www.naussa.com.uy","naussa@naussa.com.uy","23644620","0.00000000","97054408","","","","","Textiles - vestimentas - cuero y calzado","Mediana (20 a 99)","1","5. Industrias del Cuero, Vestimenta y Calzado","admin","0","0","0","0","1","Socio","080042800011","TS02","SOLIC-BAJA",".","","","","Las Piedras","","","","Uruguay","Canelones","Canelones","2023-09-05 18:26:44","admin","IMPORT","0","","2026-10-05 09:37:16","Canelones"
"ViaAQUA","ACC2561","NAUTIBLUE SA","ViaAQUA","214217350014","0","","Empresas Socias Directas","www.viaaqua.com","contaduria@viaaquaspa.com.uy","27122712","0.00000000","","","","","","Hoteles Restaurantes- Bares - Entretenimiento","Grande (más 99)","6","16. Servicios de enseñanza","admin","0","0","0","0","1","","214217350014","TS02","VIG","L. Viana","","","","","","","","Uruguay","Montevideo","Montevideo","2023-09-05 18:26:44","admin","IMPORT","0","","2026-10-05 09:37:16","Montevideo"
"ARCOS BIOMEDICAL","ACC2562","NELSON ARCOS SA","ARCOS BIOMEDICAL","210969130015","0","","Empresas Socias Directas","www.arcos.com.uy","cmamberto@arcos.com.uy","24875133 Int115","0.00000000","","","","","","Servicios de Salud y actividades conexas","Mediana (20 a 99)","16","10. Comercio en general","admin","0","0","0","0","1","","210969130015","TS02","VIG","L. Viana","","","","","","","","Uruguay","Montevideo","Montevideo","2023-09-05 18:26:44","admin","IMPORT","0","","2026-10-05 09:37:16","Montevideo"
"Neomed (Tecnología Médica)","ACC2563","NEOMED SAS","Neomed (Tecnología Médica)","210740420011","0","","Empresas Socias Directas","www.neomed.com.uy","dbenedetto@neomed.com.uy","26228326","0.00000000","","","","","","Servicios de Salud y actividades conexas","Pequeña (5 a 19)","16","10. Comercio en general","admin","0","0","0","0","0","","210740420011","TS02","VIG","L. Viana","Francisco Llambí 1556","Francisco Llambí 1556","","","","","","Uruguay","Montevideo","Montevideo","2023-09-05 18:26:44","admin","IMPORT","0","","2026-10-05 09:37:17","Montevideo"
"Nestelco","ACC2564","NESTELCO SA","Nestelco","214068030013","0","","Empresas Socias Directas","","gmartinez@chemsys.net","29039245","0.00000000","","","","","","Industria Farmacéutica","Micro (1 a 4)","","","admin","0","0","0","0","0","","214068030013","TS02","VIG","L. Viana","","","","","","","","Uruguay","","","2023-09-05 18:26:44","admin","IMPORT","0","","2026-10-05 09:37:17","Montevideo"
"NESTLÉ","ACC2565","NESTLE DEL URUGUAY SA","NESTLÉ","210000480010","0","","Empresas Socias Directas","www.nestle.com.uy","","26810030","0.00000000","","","","","","Procesamiento y conservación de alimentos - bebidas y tabaco","Grande (más 99)","","","admin","0","0","0","0","0","","210000480010","TS02","VIG","L. Viana","","","","","","","","Uruguay","Canelones","Canelones","2023-09-05 18:26:44","admin","IMPORT","0","","2026-10-05 09:37:18","Canelones"
"NEUTRAL FREE SHOP","ACC2566","NEUTRAL SRL","NEUTRAL FREE SHOP","211204820012","0","","Empresas Socias Directas","www.neutral.com.uy","","26004418","0.00000000","","","","","","","","","","admin","0","0","0","0","0","","211204820012","TS02","BAJ","A Pola","","","","","","","","","","","2023-09-05 18:26:44","admin","IMPORT","0","","2026-10-05 09:37:18",""
"S & D Sytems and Developments","ACC2567","NEVELAND SA","S & D Sytems and Developments","213039810016","0","","Empresas Socias Directas","","bgrosso@syd.com.uy","29084854","0.00000000","","","","","","Tecnología-Telecomunicaciones- actividades conexas","Mediana (20 a 99)","22","19. Servicios profesionales, técnicos, especializados y aquellos no incluidos en otros grupos","admin","0","0","0","0","1","","213039810016","TS02","VIG","L. Viana","","","","","","","","Uruguay","","","2023-09-05 18:26:44","admin","IMPORT","0","","2026-10-05 09:37:18","Montevideo"
"NewLife E-Waste Recycling","ACC2568","NEWLIFE RECYCLING SAS BIC","NewLife E-Waste Recycling","219362800018","0","Accounts::::CEGRU","Socios Indirectos","","FEDERICO.RODRIGUEZ@NEWLIFE.COM.UY","25099382","0.00000000","099 527 593","","","","","","","","","admin","0","0","0","0","0","","219362800018","","","D. Villar","","","","","","","","","","","2023-09-05 18:26:44","admin","IMPORT","0","","2026-10-05 09:37:19",""
"NGS(URUGUAY)","ACC2569","NGS(URUGUAY) SA","NGS(URUGUAY)","215370190018","0","","Empresas Socias Directas","www.ngs.com.uy","luis.puig@ngs.com.uy","29162626","0.00000000","","","","","","Intermediación Financiera- Seguros- inversión","Mediana (20 a 99)","Residual","19. Servicios profesionales, técnicos, especializados y aquellos no incluidos en otros grupos","admin","0","0","0","0","1","","215370190018","TS02","VIG","L. Viana","","","","","","","","Uruguay","","","2023-09-05 18:26:45","admin","IMPORT","0","","2026-10-05 09:37:19","Montevideo"
"FRIGORIFICO SAN JACINTO","ACC2572","NIREA SA","FRIGORIFICO SAN JACINTO","210332820017","0","","Empresas Socias Directas","www.nirea.com.uy","fsj@nirea.com.uy","43992446 Int112","0.00000000","","","","","","Industria Frigorífica","Grande (más 99)","","","admin","1","0","0","1","0","","210332820017","TS01","VIG","L. Viana","Ruta 7 Km 59.500","Ruta 7 Km 59.500","","San Jacinto","","","","Uruguay","Canelones","Canelones","2023-09-05 18:26:45","admin","IMPORT","0","","2026-10-05 09:37:20","Canelones"
"NIVANI","ACC2573","NIVANI SAS","NIVANI","213688950013","0","","Empresas Socias Directas","www.nivani.com.uy","rrhh@nivani.com.uy","29152905","0.00000000","091001183","comercial@nivani.com.uy","","","","Servicios Profesionales- Técnicos Especializados -Certificaciones","","","","admin","0","0","0","1","0","","213688950013","TS02","VIG","L. Viana","","","","","","","","Uruguay","","","2023-09-05 18:26:45","admin","IMPORT","0","","2026-10-05 09:37:20","Montevideo"
"Laboratorio GENIA","ACC2574","NOBELOY SA","Laboratorio GENIA","214613450011","0","","Empresas Socias Directas","www.genia.com.uy","carlos.azambuja@dasa.com.br","25182044","0.00000000","96671212","","","","","Industria Farmacéutica","Pequeña (5 a 19)","","15.Servicios de salud y anexos","admin","0","0","0","0","0","","214613450011","TS02","BAJ","L. Viana","","","","","","","","Uruguay","","","2023-09-05 18:26:45","admin","IMPORT","0","","2026-10-05 09:37:20","Montevideo"
"Noguera & Cía.","ACC2575","Noguera & Cía Ltda","Noguera & Cía.","216778090018","0","","","","nycsa@adinet.com.uy","","0.00000000","94445654","","","","","","Micro (1 a 4)","","","admin","0","0","0","0","0","","","","","D. Villar","","","","","","","","","","","2023-09-05 18:26:45","admin","IMPORT","0","","2026-10-05 09:37:21",""
"NET BOX","ACC2576","NOR SA","NET BOX","211404880019","0","","Empresas Socias Directas","www.netboxworld.com","soporte@uy.netboxworld.com","29160505","0.00000000","","","","","","Logística –Transporte – Distribuidora - Almacenamiento","Pequeña (5 a 19)","9","19. Servicios profesionales, técnicos, especializados y aquellos no incluidos en otros grupos","admin","0","0","0","0","0","","211404880019","TS02","VIG","L. Viana","","","","","","","","Uruguay","","","2023-09-05 18:26:45","admin","IMPORT","0","","2026-10-05 09:37:21","Montevideo"
"ElectroUruguay","ACC2578","Nordica SA","ElectroUruguay","210714860018","0","","Empresas Socias Directas","","uriel@electrouruguay.com","29014117","0.00000000","","","","","","","","","","admin","0","0","0","0","0","","210714860018","TS02","SOLIC-BAJA","L.González","","","","","","","","Uruguay","Montevideo","Montevideo","2023-09-05 18:26:45","admin","IMPORT","0","","2026-10-05 09:37:22","Montevideo"
"NARANJALES GUARINO","ACC2579","NORIDEL SA","NARANJALES GUARINO","214173860012","0","","Empresas Socias Directas","www.guarino.com.uy/es","susana.guarino@gmail.com","47333974","0.00000000","","","","","","Viñedos - Cítricos - Fruticultura - Horticultura - floricultura","Grande (más 99)","","","admin","1","0","0","1","1","Socio","214173860012","TS02","VIG","L. Viana","","","","","","","","Uruguay","Salto","Salto","2023-09-05 18:26:45","admin","IMPORT","0","","2026-10-05 09:37:22","Salto"
"Norte Construcciones","ACC2580","NORTE CONSTRUCCIONES SA","Norte Construcciones","100011010017","0","","Empresas Socias Directas","www.norteconstrucciones.com.uy","nortecarlosd@gmail.com","42440110","0.00000000","","","29081613","","","Productos Metalúrgicos-Maquinaria-Construcción","","","","admin","0","0","0","0","1","Socio","100011010017","","",".","","CALLE 14 ESQ 11","","","","","","Uruguay","","","2023-09-05 18:26:45","vpopovich@cncs.com.uy","IMPORT","0","","2026-10-05 09:37:22","Montevideo"
"Nortimber","ACC2581","Nortimber SRL","Nortimber","0","0","","","","joacocasanovas.l@gmail.com","","0.00000000","97822200","","","","","","","","","admin","0","0","0","0","0","","","","","D. Villar","","","","","","","","","","","2023-09-05 18:26:45","admin","IMPORT","0","","2026-10-05 09:37:23","Rivera"
"Novus Importaciones","ACC2582","Novus Importaciones SRL","Novus Importaciones","0","0","","","","macosta@novusuy.com","","0.00000000","99305404","","","","","","","","","admin","0","0","0","0","0","","","","","D. Villar","","","","","","","","","","","2023-09-05 18:26:45","admin","IMPORT","0","","2026-10-05 09:37:23","Canelones"
"NST Group","ACC2583","NST SRL","NST Group","216558050017","0","","Empresas Socias Directas","www.nst.group/home","gabriela@nst-group.com","24024789","0.00000000","","","","","","Tecnología-Telecomunicaciones- actividades conexas","Mediana (20 a 99)","22","19. Servicios profesionales, técnicos, especializados y aquellos no incluidos en otros grupos","admin","0","0","0","0","0","","216558050017","TS02","SOLIC-BAJA","L. Viana","","","","","","","","Uruguay","","Montevideo","2023-09-05 18:26:45","admin","IMPORT","0","","2026-10-05 09:37:24","Montevideo"
"Nuevocentro Shopping","ACC2584","Nuevocentro SA","Nuevocentro Shopping","216182830011","0","","Empresas Socias Directas","","alex@nuevocentroshopping.com.uy","22003333","0.00000000","","","","","","Supermercados- Centro Comerciales- Retail","Mediana (20 a 99)","21.1","19. Servicios profesionales, técnicos, especializados y aquellos no incluidos en otros grupos","admin","0","0","0","0","0","","216182830011","TS02","VIG","L. Viana","","","","","","","","Uruguay","Montevideo","Montevideo","2023-09-05 18:26:45","admin","IMPORT","0","","2026-10-05 09:37:24","Montevideo"
"Redpagos","ACC2585","Nummi SA","Redpagos","214445550018","0","","Empresas Socias Directas","www.redpagos.com.uy","rrhh@redpagos.com.uy","27008788","0.00000000","","marketing@redpagos.com.uy","","","","Intermediación Financiera- Seguros- inversión","Grande (más 99)","7","14. Intermediación financiera, seguros y pensiones","admin","0","0","0","0","0","","214445550018","TS02","VIG","L. Viana","Av. Rivera 2452","Av. Rivera 2452","","","","","","Uruguay","Montevideo","Montevideo","2023-09-05 18:26:45","admin","IMPORT","0","","2026-10-05 09:37:24","Montevideo"
"NUVO COSMETICOS","ACC2586","NUVO COSMETICOS SA","NUVO COSMETICOS","210958750017","0","","Empresas Socias Directas","www.nuvo.com.uy","GonzaloPascual@tupperware.com","0800 6886","0.00000000","","","","","","Industria Farmacéutica","Grande (más 99)","1","10. Comercio en general","admin","0","0","0","0","0","","210958750017","TS02","VIG","L. Viana","","","","","","","","Uruguay","Montevideo","Montevideo","2023-09-05 18:26:45","admin","IMPORT","0","","2026-10-05 09:37:25","Montevideo"
"OCA","ACC2587","OCA SA","OCA","211739340016","0","","Empresas Socias Directas","www.oca.uy","compras@oca.com.uy","29018839","0.00000000","","","","","","Intermediación Financiera- Seguros- inversión","Grande (más 99)","","","admin","0","0","0","0","0","","211739340016","TS02","VIG","L. Viana","","","","","","","","Uruguay","","","2023-09-05 18:26:45","admin","IMPORT","0","","2026-10-05 09:37:25","Montevideo"
"Refescos UPI","ACC2588","OCLERIL S.A","Refescos UPI","0","0","","","","octaviolandoni@gmail.com","","0.00000000","95411493","","","","","","","","","admin","0","0","0","0","0","","","","","D. Villar","","","","","","","","","","","2023-09-05 18:26:45","admin","IMPORT","0","","2026-10-05 09:37:26","Salto"
"FRIGO LA TRINIDAD","ACC2589","OFERAN SA","FRIGO LA TRINIDAD","213523080012","0","","Empresas Socias Directas","","latrini@adinet.com.uy","43642515 /43642562","0.00000000","","","","","","Industria Frigorífica","Grande (más 99)","","","admin","0","0","0","0","0","","213523080012","TS02","VIG","L. Viana","","","","","","","","Uruguay","Flores","Flores","2023-09-05 18:26:45","admin","IMPORT","0","","2026-10-05 09:37:26","Flores"
"Ingenia","ACC2590","OIM LTDA","Ingenia","214796240011","0","","Empresas Socias Directas","www.ingenia.com.uy","cmaiorano@ingenia.com.uy","29019240 Int 230","0.00000000","","","","","","Servicios Profesionales- Técnicos Especializados -Certificaciones","Mediana (20 a 99)","","","admin","0","0","0","0","0","","214796240011","TS02","VIG","L. Viana","","","","","","","","Uruguay","Montevideo","Montevideo","2023-09-05 18:26:45","admin","IMPORT","0","","2026-10-05 09:37:27","Montevideo"
"EcoGestiones","ACC2591","Olecar SA","EcoGestiones","213590820014","0","","Socios Indirectos","","ale.garlati@gmail.com","","0.00000000","95357669","","","","","","Mediana (20 a 99)","","","admin","0","0","0","0","0","","213590820014","","","D. Villar","","","","","","","","","","","2023-09-05 18:26:45","admin","IMPORT","0","","2026-10-05 09:37:27","Cerro Largo"
"FRIGORIFICO PANDO","ACC2592","ONTILCOR SA","FRIGORIFICO PANDO","212465950015","0","","Empresas Socias Directas","www.fmp.com.uy","r.urgal@fmp.com.uy","22922093","0.00000000","099682161","","","","","Industria Frigorífica","Grande (más 99)","","","admin","1","0","0","1","1","","212465950015","TS02","VIG","L. Viana","","","","Pando","","","","Uruguay","Montevideo","Canelones","2023-09-05 18:26:45","admin","IMPORT","0","","2026-10-05 09:37:27","Canelones"
"OPRUMIN","ACC2593","OPRUMIN SA","OPRUMIN","214794460014","0","","Empresas Socias Directas","www.oprumin.com","ismael@oprumin.com","26966644","0.00000000","","","","","","Procesamiento y conservación de alimentos - bebidas y tabaco","","","","admin","0","0","0","0","0","","214794460014","TS02","VIG","L. Viana","","","","","","","","Uruguay","","","2023-09-05 18:26:45","admin","IMPORT","0","","2026-10-05 09:37:28","Canelones"
"OMEU","ACC2594","ORGANIZACIÓN DE MUJERES EMPRESARIALES DEL URUGUAY","OMEU","0","668","","Gremiales/Asociación","","i.helguera@omeu.org.uy","","0.00000000","96129700","","","","","","","","","admin","0","0","0","0","0","","","TS03","VIG","L.González","","","","","","","","","","","2023-09-05 18:26:45","admin","IMPORT","0","","2026-10-05 09:37:28",""
"OROFINO","ACC2595","OROFINO SA","OROFINO","212312340016","0","","Empresas Socias Directas","www.orofino.com.uy","orofino@orofino.com.uy","29290814","0.00000000","","","","","","Bazar-Ferretería-Pinturería","Grande (más 99)","4","10. Comercio en general","admin","0","0","0","0","1","","212312340016","TS01","VIG","L. Viana","","","","","","","","Uruguay","Montevideo","Montevideo","2023-09-05 18:26:45","admin","IMPORT","0","","2026-10-05 09:37:28","Montevideo"
"OSE","ACC2596","OSE","OSE","0","0","","","","fredidnasr@gmail.com","","0.00000000","99138160","","","","","Sector Público","","","","admin","0","0","0","0","0","","","","","D. Villar","","","","","","","","","","","2023-09-05 18:26:45","admin","IMPORT","0","","2026-10-05 09:37:29","Tacuarembó"
"OSOM","ACC2597","OSOM DIGITAL SRL","OSOM","217459300013","0","","Empresas Socias Directas","www.osomdigital.com","martiniano@osomdigital.com","95983155","0.00000000","93984460","info@osomdigital.com","","","","Tecnología-Telecomunicaciones- actividades conexas","","","","admin","0","0","0","0","0","","217459300013","TS02","SOLIC-BAJA","L. Viana","","","","","","","","Uruguay","","","2023-09-05 18:26:45","admin","IMPORT","0","","2026-10-05 09:37:29","Montevideo"
"PAITA SA","ACC2598","PAITA SA","PAITA SA","214958120016","0","","Empresas Socias Directas","","jcat@paita.com.uy; cjauregui@paita.com.uy","26243494","0.00000000","","","","","","","","","","admin","0","0","0","0","0","","214958120016","TS02","BAJ","L.González","","","","","","","","","","","2023-09-05 18:26:45","admin","IMPORT","0","","2026-10-05 09:37:30",""
"PAMER PAPELERA MERCEDES","ACC2599","PAMER SA","PAMER PAPELERA MERCEDES","210000530018","0","","Empresas Socias Directas","www.pamer.com.uy","falgorta@pamer.com.uy","24804242","0.00000000","","","","","","Industria de la Madera-Celulosa- Papel","Grande (más 99)","","","admin","0","0","0","0","0","","210000530018","TS01","VIG","L. Viana","Luis Alberto de Herrera 3113","Luis Alberto de Herrera 3113","","","","","","Uruguay","Montevideo","Montevideo","2023-09-05 18:26:45","admin","IMPORT","0","","2026-10-05 09:37:30","Montevideo"
"PAMPIN Y CIA.","ACC2600","PAMPIN Y COMPAÑIA SA","PAMPIN Y CIA.","210702430013","0","","Empresas Socias Directas","www.pampin.com.uy","pampin@pampin.com.uy","2924 0608","0.00000000","","","","","","Bazar-Ferretería-Pinturería","Mediana (20 a 99)","","","admin","0","0","0","0","1","","210702430013","TS02","VIG","","","","","","","","","Uruguay","Montevideo","Montevideo","2023-09-05 18:26:45","admin","IMPORT","0","","2026-10-05 09:37:30","Montevideo"
"Panadería Los 33","ACC2601","PANADERIA LOS 33 SAS","Panadería Los 33","219260200011","0","","Empresas Socias Directas","","andreacorrearijo@gmail.com","44427811","0.00000000","","","","","","Procesamiento y conservación de alimentos - bebidas y tabaco","","","","admin","0","0","0","0","1","","219260200011","","","L. Viana","","WASHINGTON BELTRAN Nº 1030","","","","","","Uruguay","","","2023-09-05 18:26:45","admin","IMPORT","0","","2026-10-05 09:37:31","Lavalleja"
"PEPSICO URUGUAY","ACC2602","PAPAS CHIPS SA","PEPSICO URUGUAY","210158640012","0","","Empresas Socias Directas","www.pepsico.com","diego.hekimian@pepsico.com","23155510","0.00000000","","","","","","Procesamiento y conservación de alimentos - bebidas y tabaco","Grande (más 99)","","","admin","0","0","0","0","0","","210158640012","TS02","VIG","L. Viana","","","","","","","","Uruguay","","","2023-09-05 18:26:45","admin","IMPORT","0","","2026-10-05 09:37:31","Montevideo"
"Papelería Aldo","ACC2603","PAPELERIA ALDO SA","Papelería Aldo","210003030016","0","","Empresas Socias Directas","www.empresas.aldo.com.uy","nadia.villanueva@aldo.com.uy","29024000/134","0.00000000","","","","","","Librería- Papelería - Artículos de oficina","Mediana (20 a 99)","","","admin","0","1","0","0","1","","210003030016","TS02","VIG","L. Viana","","","","","","","","Uruguay","Montevideo","Montevideo","2023-09-05 18:27:36","admin","IMPORT","0","","2026-10-05 09:37:32","Montevideo"
"ECOTECNO","ACC2604","PARTRY SA","ECOTECNO","214314640013","0","Accounts::::CEGRU","Empresas Socias Directas","www.ecotecno.com.uy","gabrielm@ecotecno.com.uy","24093454","0.00000000","","","24072824","","","Logística –Transporte – Distribuidora - Almacenamiento","Grande (más 99)","6.1","19. Servicios profesionales, técnicos, especializados y aquellos no incluidos en otros grupos","admin","0","0","0","0","0","","214314640013","TS02","VIG","L. Viana","JOSÉ ENRIQUE RODÓ 1761","JOSÉ ENRIQUE RODÓ 1761","","","","","","Uruguay","Montevideo","Montevideo","2023-09-05 18:27:36","admin","IMPORT","0","","2026-10-05 09:37:32","Montevideo"
"Patzca","ACC2605","Patzca SRL","Patzca","0","0","","","","barracalealuy@gmail.com","","0.00000000","98224431","","","","","","","","","admin","0","0","0","0","0","","","","","D. Villar","","","","","","","","","","","2023-09-05 18:27:36","admin","IMPORT","0","","2026-10-05 09:37:32","Soriano"
"PAYCUEROS","ACC2606","PAYSANDU INDUSTRIA DEL CUERO SA","PAYCUEROS","210073410012","0","","Empresas Socias Directas","www.sadesa.com","fabraedi@sadesa.com","29155255","0.00000000","","","","","","Textiles - vestimentas - cuero y calzado","Grande (más 99)","","","admin","1","0","0","1","0","","210073410012","TS01","VIG","L. Viana","","","","","","","","Uruguay","Paysandú","Paysandú","2023-09-05 18:27:36","admin","IMPORT","0","","2026-10-05 09:37:33","Paysandú"
"GRUPO MACCIO","ACC2607","PEDRO MACCIO Y COMPAÑIA SA","GRUPO MACCIO","210213820013","0","","Empresas Socias Directas","www.grupomaccio.com","mariana@grupomaccio.com","22111010","0.00000000","","","","","","Ganadería - Agricultura y Actividades Conexas","Grande (más 99)","","","admin","0","0","0","0","1","","210213820013","TS02","VIG","","","","","","","","","Uruguay","Montevideo","Montevideo","2023-09-05 18:27:36","admin","IMPORT","0","","2026-10-05 09:37:33","Montevideo"
"Percoland","ACC2608","Percoland SA","Percoland","0","0","","","","lasachiras@lasachiras.com.uy","","0.00000000","99890215","","","","","","","","","admin","0","0","0","0","0","","","","","D. Villar","","","","","","","","","","","2023-09-05 18:27:36","admin","IMPORT","0","","2026-10-05 09:37:34","Treinta y Tres"
"PEREIRA KLICHE","ACC2609","PEREIRA KLICHE LTDA","PEREIRA KLICHE","210247610011","0","","Empresas Socias Directas","www.pereirakliche.com","pkl@pereirakliche.com","29161376","0.00000000","","","","","","Servicios Profesionales- Técnicos Especializados -Certificaciones","Pequeña (5 a 19)","1","19. Servicios profesionales, técnicos, especializados y aquellos no incluidos en otros grupos","admin","0","0","0","0","1","","210247610011","TS02","VIG","L. Viana","","","","","","","","Uruguay","","","2023-09-05 18:27:36","admin","IMPORT","0","","2026-10-05 09:37:34","Montevideo"
"ISSA COUTURE","ACC2610","PEREIRA SIERRA MARIA CRISTINA","ISSA COUTURE","216842920012","0","","","","","27113170","0.00000000","","","","","","","Micro (1 a 4)","","","admin","0","0","0","0","0","","","","","","","","","","","","","","","","2023-09-05 18:27:36","admin","IMPORT","0","","2026-10-05 09:37:34",""
"Impactos Audiovisuales","ACC2611","PEREZ BARROS JUAN MANUEL Y ROVERE MORALES JOHANA LAURA","Impactos Audiovisuales","219043990014","0","","","","","","0.00000000","98697557","","","","","","Micro (1 a 4)","","","admin","0","0","0","0","0","","","","","","","","","","","","","","","","2023-09-05 18:27:36","admin","IMPORT","0","","2026-10-05 09:37:35","Montevideo"
"PESQUERIAS BELNOVA","ACC2612","PESQUERIAS BELNOVA SA","PESQUERIAS BELNOVA","210345260015","0","","Empresas Socias Directas","www.belnova.com.uy","mrodriguez@belnova.com.uy","29150018","0.00000000","097734292","","29021717","","","Industria Frigorífica","Mediana (20 a 99)","","3. Pesca","admin","1","0","0","1","0","","210345260015","TS02","VIG","L. Viana","","","","","","","","Uruguay","","","2023-09-05 18:27:36","admin","IMPORT","0","","2026-10-05 09:37:35","Montevideo"
"PLUSPETROL","ACC2613","PLUSPETROL URUGUAY SA","PLUSPETROL","217125480013","0","","Empresas Socias Directas","www.pluspetrol.net/uruguay.php","spanetta@pluspetrol.net","18383200","0.00000000","","","","","","Industria-Energía-Minería","Grande (más 99)","Residual","19. Servicios profesionales, técnicos, especializados y aquellos no incluidos en otros grupos","admin","0","0","0","0","0","","217125480013","TS02","VIG","L. Viana","Dr, Luis Bonavita 1266","Dr, Luis Bonavita 1266","","","","","","Uruguay","Montevideo","Montevideo","2023-09-05 18:27:36","admin","IMPORT","0","","2026-10-05 09:37:36","Montevideo"
"Unimate RPA","ACC2614","PMN CONSULTORES SRL","Unimate RPA","217407640018","0","","Empresas Socias Directas","www.unimaterpa.com","javier@unimaterpa.com","08001086","0.00000000","","info@unimaterpa.com","20351110","","","Tecnología-Telecomunicaciones- actividades conexas","Pequeña (5 a 19)","22","19. Servicios profesionales, técnicos, especializados y aquellos no incluidos en otros grupos","admin","0","0","0","0","0","","217407640018","TS02","VIG","L. Viana","WTC Torre III Piso 12","WTC Torre III Piso 12","","","","","","Uruguay","Montevideo","Montevideo","2023-09-05 18:27:36","admin","IMPORT","0","","2026-10-05 09:37:36","Montevideo"
"CASA GRECO","ACC2615","PODESTA HNOS SA","CASA GRECO","210194420019","0","","Empresas Socias Directas","www.casagreco.uy","apodesta@casagreco.uy","29031031","0.00000000","","","","","","Textiles - vestimentas - cuero y calzado","Mediana (20 a 99)","","","admin","0","0","0","0","1","","210194420019","TS02","VIG","L. Viana","","","","","","","","Uruguay","","","2023-09-05 18:27:36","admin","IMPORT","0","","2026-10-05 09:37:36","Montevideo"
"POLLIO CIRION LUISA","ACC2616","POLLIO CIRION LUISA","POLLIO CIRION LUISA","1275959-4","0","","Empresas Socias Directas","","lpollio@nobilis.com.uy","","0.00000000","99685014","gcc@nobilis.com.uy","","","","","","","","admin","0","0","0","0","0","","1275959-4","TS02","BAJ","L.González","","","","","","","","","","","2023-09-05 18:27:36","admin","IMPORT","0","","2026-10-05 09:37:37",""
"PONTYN","ACC2617","PONTYN SA","PONTYN","210182980014","0","Accounts::::AIMA","Empresas Socias Directas","www.pontyn.com.uy","contaduria@pontyn.com.uy","2224955","0.00000000","","pontyn@pontyn.com.uy","","","","Procesamiento y conservación de alimentos - bebidas y tabaco","","","","admin","0","0","0","0","1","Socio","210182980014","","",".","Capitán Lacosta 4841","CAPITAN LACOSTA 4841","","","","","","Uruguay","Montevideo","Montevideo","2023-09-05 18:27:36","vpopovich@cncs.com.uy","IMPORT","0","","2026-10-05 09:37:37","Montevideo"
"Por el Bienestar","ACC2618","Por el Bienestar SRL","Por el Bienestar","214634970014","0","","","","bienestar100@hotmail.com","","0.00000000","98717570","","","","","","Mediana (20 a 99)","","","admin","0","0","0","0","0","","","","","D. Villar","","","","","","","","","","","2023-09-05 18:27:36","admin","IMPORT","0","","2026-10-05 09:37:38","Canelones"
"PORTABET","ACC2619","PORTABET SA","PORTABET","216909630010","0","","Empresas Socias Directas","","mgarcia@lasegunda.com.ar","27052926","0.00000000","","info@portabet.com.uy","","","","","","","","admin","0","0","0","0","0","","216909630010","TS02","BAJ","L.González","","","","","","","","","","","2023-09-05 18:27:36","admin","IMPORT","0","","2026-10-05 09:37:38","Montevideo"
"Pulso Servicio de Acompañantes","ACC2620","PORTOVENUS SA","Pulso Servicio de Acompañantes","213998900014","0","Accounts::::CUESA","Empresas Socias Directas","www.pulso.com.uy","paola.siccardi@pulso.com.uy","26040404","0.00000000","","","","","","Servicios de Salud y actividades conexas","Grande (más 99)","","15.Servicios de salud y anexos","admin","0","0","0","0","0","","213998900014","TS02","VIG","L. Viana","","","","","","","","Uruguay","","","2023-09-05 18:27:36","admin","IMPORT","0","","2026-10-05 09:37:39","Montevideo"
"POSADAS, POSADAS & VECINO SOCIEDAD CIVIL","ACC2621","POSADAS, POSADAS & VECINO SOCIEDAD CIVIL","POSADAS, POSADAS & VECINO SOCIEDAD CIVIL","215754630014","0","","Empresas Socias Directas","www.ppv.com.uy","fdeposadas@ppv.com.uy","26041604","0.00000000","","","","","","Servicios Profesionales- Técnicos Especializados -Certificaciones","Grande (más 99)","17","19. Servicios profesionales, técnicos, especializados y aquellos no incluidos en otros grupos","admin","0","0","0","0","0","","215754630014","TS01","VIG","L. Viana","","","","","","","","Uruguay","","","2023-09-05 18:27:36","admin","IMPORT","0","","2026-10-05 09:37:39","Montevideo"
"PREVISION","ACC2622","PREVISION SA","PREVISION","210556550013","0","","Empresas Socias Directas","www.prevision.com.uy","contaduria@prevision.com.uy","24083691","0.00000000","","","","","","Logística –Transporte – Distribuidora - Almacenamiento","Grande (más 99)","4","19. Servicios profesionales, técnicos, especializados y aquellos no incluidos en otros grupos","admin","0","0","0","0","1","","210556550013","TS02","VIG","L. Viana","","","","","","","","Uruguay","Montevideo","Montevideo","2023-09-05 18:27:36","admin","IMPORT","0","","2026-10-05 09:37:39","Montevideo"
"PricewaterhouseCoopers","ACC2623","PRICEWATERHOUSECOOPERS LTDA","PricewaterhouseCoopers","211993490016","0","","Empresas Socias Directas","www.pwc.com.uy","oscar.conti@pwc.com","29160463","0.00000000","","","","","","Servicios Profesionales- Técnicos Especializados -Certificaciones","Grande (más 99)","Residual","19. Servicios profesionales, técnicos, especializados y aquellos no incluidos en otros grupos","admin","0","0","0","1","0","","211993490016","TS02","VIG","L. Viana","","","","","","","","Uruguay","","","2023-09-05 18:27:36","admin","IMPORT","0","","2026-10-05 09:37:40","Montevideo"
"Print shop","ACC2624","Print shop SRL","Print shop","0","0","","","","info@printshopsrl.uy","","0.00000000","99173074","","","","","","","","","admin","0","0","0","0","0","","","","","D. Villar","","","","","","","","","","","2023-09-05 18:27:36","admin","IMPORT","0","","2026-10-05 09:37:40","Salto"
"PROLESA","ACC2625","PRODUCTORES DE LECHE SA","PROLESA","212634510017","0","","Empresas Socias Directas","www.institucional.prolesa.com.uy","mbertola@prolesa.com.uy","29241350","0.00000000","","info@prolesa.com.uy","29241695","","","Ganadería - Agricultura y Actividades Conexas","Grande (más 99)","","","admin","0","0","0","0","0","","212634510017","TS02","VIG","L. Viana","La Paz 1327","La Paz 1327","","","","","","Uruguay","Montevideo","Montevideo","2023-09-05 18:27:36","admin","IMPORT","0","","2026-10-05 09:37:41","Montevideo"
"Laboratorio Prondil","ACC2626","PRONDIL SA","Laboratorio Prondil","212523460011","0","","Empresas Socias Directas","www.prondil.com/es/","rafael.costoya@merck.com","25133254","0.00000000","","","","","","Industria Farmacéutica","Mediana (20 a 99)","","","admin","0","0","0","0","0","","212523460011","TS02","VIG","L. Viana","","","","","","","","Uruguay","","","2023-09-05 18:27:36","admin","IMPORT","0","","2026-10-05 09:37:41","Montevideo"
"Pronto Pago","ACC2627","Pronto Pago SRL","Pronto Pago","0","0","","","","matiaude@icloud.com","","0.00000000","99444462","","","","","","","","","admin","0","0","0","0","0","","","","","D. Villar","","","","","","","","","","","2023-09-05 18:27:36","admin","IMPORT","0","","2026-10-05 09:37:41","Canelones"
"Aeropuerto de Carrasco","ACC2628","Puerta del Sur SA","Aeropuerto de Carrasco","214737710015","0","","Empresas Socias Directas","","pablo.viera@aeropuertosuruguay.com.uy","26040329","0.00000000","98588334","","","","","","","","","admin","0","0","0","0","0","","214737710015","TS02","BAJ","D. Villar","","","","","","","","Uruguay","","","2023-09-05 18:27:36","admin","IMPORT","0","","2026-10-05 09:37:42","Montevideo"
"OGILVY","ACC2630","PUNTO SA","OGILVY","211142690013","0","Accounts::::IAB URUGUAY","Empresas Socias Directas","www.ogilvy.com.uy","guillermo.rey@punto.com.uy","29006070","0.00000000","","","","","","Other","Mediana (20 a 99)","","","admin","0","0","0","0","0","","211142690013","TS02","VIG","L. Viana","Plaza Independencia 831 Penthouse","Plaza Independencia 831 Penthouse","","","","","","Uruguay","Montevideo","Montevideo","2023-09-05 18:27:36","admin","IMPORT","0","","2026-10-05 09:37:42","Montevideo"
"PURATOS","ACC2631","PURATOS DEL URUGUAY SA","PURATOS","213384520019","0","","Empresas Socias Directas","www.puratos.com.uy/es","GSierra2@puratos.com","25096763","0.00000000","","","","","","Procesamiento y conservación de alimentos - bebidas y tabaco","Mediana (20 a 99)","5","10. Comercio en general","admin","0","0","0","0","0","","213384520019","TS02","VIG","L. Viana","","","","","","","","Uruguay","","","2023-09-05 18:27:36","admin","IMPORT","0","","2026-10-05 09:37:43","Montevideo"
"Quimica Cenit","ACC2632","Quimica Cenit SA","Quimica Cenit","210412160013","0","","Empresas Socias Directas","www.quimicacenit.uy","brenda.mester@quimicacenit.uy","","0.00000000","96690785","","","","","Servicios de Salud y actividades conexas","Pequeña (5 a 19)","","","admin","0","0","0","0","1","","210412160013","TS02","VIG","L. Viana","","","","","","","","Uruguay","","","2023-09-05 18:27:36","admin","IMPORT","0","","2026-10-05 09:37:43","Montevideo"
"Quinquin","ACC2633","Quinquin SRL _ Uruguay","Quinquin","215483080013","0","","","www.quinquin.com.uy","fbrombauer@quinquin.com.uy","","0.00000000","99511890","","","","","","","","","admin","0","0","0","0","0","","","","","D. Villar","","","","","","","","","","","2023-09-05 18:27:36","admin","IMPORT","0","","2026-10-05 09:37:44",""
"R BALAGUER","ACC2634","R BALAGUER SA","R BALAGUER","210721770010","0","","Empresas Socias Directas","www.rbalaguer.com.uy","contaduria@rbalaguer.com.uy","23091200","0.00000000","","","","","","Bazar-Ferretería-Pinturería","Mediana (20 a 99)","","","admin","0","0","0","0","1","","210721770010","TS02","BAJ","L. Viana","","","","","","","","Uruguay","","","2023-09-05 18:27:36","admin","IMPORT","0","","2026-10-05 09:37:44","Montevideo"
"Radur","ACC2635","Radur SA","Radur","215236090012","0","","Empresas Socias Directas","","radursa@gmail.com","23140860","0.00000000","97336643","","","","","","","","","admin","0","0","0","0","0","","215236090012","TS02","BAJ","L.González","","","","","","","","","Montevideo","Montevideo","2023-09-05 18:27:36","admin","IMPORT","0","","2026-10-05 09:37:45",""
"TIENDAS PALOMA","ACC2636","RALIALKA SA","TIENDAS PALOMA","213660810012","0","","Empresas Socias Directas","www.paloma.com.uy","administracion@paloma.com.uy","24020575","0.00000000","099262233","","","","","Textiles - vestimentas - cuero y calzado","Mediana (20 a 99)","1","10. Comercio en general","admin","0","0","0","0","1","","213660810012","TS02","VIG","L. Viana","18 de Julio 1573","18 de Julio 1573","","","","","","Uruguay","Montevideo","Montevideo","2023-09-05 18:27:36","admin","IMPORT","0","","2026-10-05 09:37:45","Montevideo"
"Rayuela","ACC2637","Rayuela SRL","Rayuela","0","0","","","","perdomosaporiti@gmail.com","","0.00000000","99811474","","","","","","","","","admin","0","0","0","0","0","","","","","D. Villar","","","","","","","","","","","2023-09-05 18:27:36","admin","IMPORT","0","","2026-10-05 09:37:45","Maldonado"
"REBAGLIATTI MORIXE SOCIEDAD DE BOLSA","ACC2638","REBAGLIATTI MORIXE SOCIEDAD DE BOLSA SA","REBAGLIATTI MORIXE SOCIEDAD DE BOLSA","214671600012","0","","Empresas Socias Directas","www.rebagliattimorixe.com","prebagliatti@rebagliattimorixe.com","29164070","0.00000000","","info@rebagliattimorixe.com","","","","Intermediación Financiera- Seguros- inversión","Pequeña (5 a 19)","Residual","14. Intermediación financiera, seguros y pensiones","admin","0","0","0","0","1","","214671600012","TS02","VIG","L. Viana","Misiones 1372 esc. 302","Misiones 1372 esc. 302","","","","","","Uruguay","Montevideo","Montevideo","2023-09-05 18:27:36","admin","IMPORT","0","","2026-10-05 09:37:46","Montevideo"
"REBÍO","ACC2639","REBÍO SAS","REBÍO","0","0","","","www.rebio.com.uy","deangeliv@gmail.com","","0.00000000","99647293","","","","","","","","","admin","0","0","0","0","0","","","","","D. Villar","","","","","","","","","","","2023-09-05 18:27:37","admin","IMPORT","0","","2026-10-05 09:37:46",""
"RESIDENCIALES RED BIENESTAR","ACC2640","RED BIENESTAR","RESIDENCIALES RED BIENESTAR","0","0","","","","","","0.00000000","","","","","","","","","","admin","0","0","0","0","0","","","","","","","","","","","","","","","","2023-09-05 18:27:37","admin","IMPORT","0","","2026-10-05 09:37:47",""
"Red de Centros Interdisciplinarios","ACC2641","RED DE CENTROS","Red de Centros Interdisciplinarios","0","686","","Gremiales/Asociación","","cdred2020@gmail.com","","0.00000000","","","","","","","","","","admin","0","0","0","0","0","","","TS03","VIG","L. Viana","","","","","","","","Uruguay","","","2023-09-05 18:27:37","admin","IMPORT","0","","2026-10-05 09:37:47",""
"XENIORS","ACC2642","RED DE EMPRENDEDORES SENIOR (REDES)","XENIORS","217241710011","0","","Gremiales/Asociación","","emprendedores.senior@xeniors.org","29003542","0.00000000","094223152","","","","","","","","","admin","0","0","0","0","0","","217241710011","TS03","EMSUS","L. Viana","","","","","","","","Uruguay","Montevideo","Montevideo","2023-09-05 18:27:37","admin","IMPORT","0","","2026-10-05 09:37:47","Montevideo"
"RED DE LABORATORIOS SECUNDARIOS DE CALIBRACION","ACC2643","RED DE LABORATORIOS SECUNDARIOS DE CALIBRACION","RLSC","0","648","","Gremiales/Asociación","","rlena@adinet.com.uy","","0.00000000","","","","","","","","","","admin","0","0","0","0","0","","","TS03","BAJ","L. Viana","","","","","","","","Uruguay","","","2023-09-05 18:27:37","admin","IMPORT","0","","2026-10-05 09:37:48",""
"Redomon Group","ACC2644","REDOMON URUGUAY SRL","Redomon Group","0","0","","","www.redomongroup.com","fagundezana@gmail.com","","0.00000000","99514666","","","","","","","","","admin","0","0","0","0","0","","","","","D. Villar","","","","","","","","","","","2023-09-05 18:27:37","admin","IMPORT","0","","2026-10-05 09:37:48","Cerro Largo"
"Afsa Sadar","ACC2645","Remol SA","Afsa Sadar","211398320010","0","","Empresas Socias Directas","www.sadar.com.uy","guelfis@sadar.com.uy","","0.00000000","0199487777","","","","","Automotriz- Motocicletas – Autopartes","","","","admin","0","0","0","0","0","","211398320010","TS02","VIG","L. Viana","Paysandú 1083","Paysandú 1083","","","","","","Uruguay","Montevideo","Montevideo","2023-09-05 18:27:37","admin","IMPORT","0","","2026-10-05 09:37:49","Montevideo"
"RESIMPEX","ACC2646","RESIMPEX S.A.","RESIMPEX","210799140015","0","","Empresas Socias Directas","www.resimpex.com.uy","pedidos@resimpex.com.uy","24012868","0.00000000","","","24089317","","","Servicios de Salud y actividades conexas","Mediana (20 a 99)","","","admin","0","0","0","0","1","","210799140015","TS02","SOLIC-BAJA","L. Viana","Av. 8 de Octubre 2355","Av. 8 de Octubre 2355","","","","","","Uruguay","Montevideo","Montevideo","2023-09-05 18:27:37","admin","IMPORT","0","","2026-10-05 09:37:49","Montevideo"
"CREDITO DE LA CASA","ACC2647","RETOP SA","CREDITO DE LA CASA","212892530010","0","Accounts::::ANEAC","Empresas Socias Directas","www.creditodelacasa.com.uy","lcolman@creditodelacasa.com.uy","24008066","0.00000000","","","","","","Intermediación Financiera- Seguros- inversión","Grande (más 99)","","","admin","0","0","0","0","0","","212892530010","TS02","VIG","L. Viana","","","","","","","","Uruguay","Montevideo","Montevideo","2023-09-05 18:27:37","admin","IMPORT","0","","2026-10-05 09:37:49","Montevideo"
"RIAL","ACC2648","RIAL SA","RIAL","211418930013","0","","Empresas Socias Directas","www.rialsa.com.uy","santiagosecco@rialsa.com.uy","23087780","0.00000000","","","23086642","","","Vigilancia-Limpieza","Grande (más 99)","16","19. Servicios profesionales, técnicos, especializados y aquellos no incluidos en otros grupos","admin","0","0","0","1","1","","211418930013","TS02","VIG","L. Viana","Dr. Carlos M. de Pena 5106","Dr. Carlos M. de Pena 5106","","","","","","Uruguay","Montevideo","Montevideo","2023-09-05 18:27:37","admin","IMPORT","0","","2026-10-05 09:37:50","Montevideo"
"Ferreteria Industrial COLONOS","ACC2649","Riccone Rodriguez Juan Pablo","Ferreteria Industrial COLONOS","213797070014","0","","Empresas Socias Directas","","importaciones@colonos.uy","23238314","0.00000000","","","","","","Bazar-Ferretería-Pinturería","Micro (1 a 4)","4","10. Comercio en general","admin","0","0","0","0","0","","213797070014","TS02","SOLIC-BAJA","L. Viana","","","","","","","","Uruguay","Montevideo","Montevideo","2023-09-05 18:27:37","admin","IMPORT","0","","2026-10-05 09:37:50","Montevideo"
"Uniformes Riggo","ACC2650","RIGGO UNIFORMES SAS","Uniformes Riggo","219205860013","0","","Empresas Socias Directas","www.riggouniformes.com.uy","facturas.riggo@gmail.com","25046530","0.00000000","099291999","","","","","Textiles - vestimentas - cuero y calzado","","","","admin","0","0","0","0","1","Socio","219205860013","","",".","","ESTERO BELLACO 2877","","","","","","Uruguay","Montevideo","Montevideo","2023-09-05 18:27:37","vpopovich@cncs.com.uy","IMPORT","0","","2026-10-05 09:37:51","Montevideo"
"United Shipping","ACC2651","Rimex Ltda","United Shipping","210958210012","0","","Empresas Socias Directas","","bereau@bereau.com","29161164","0.00000000","","","","","","Logística –Transporte – Distribuidora - Almacenamiento","Micro (1 a 4)","","","admin","0","0","0","0","1","","210958210012","TS02","VIG","L. Viana","","","","","","","","Uruguay","","","2023-09-05 18:27:37","admin","IMPORT","0","","2026-10-05 09:37:52","Montevideo"
"Río Verde","ACC2652","Río Verde SRL","Río Verde","0","0","","","","gabrielbengoechea07@gmail.com","","0.00000000","91076019","","","","","","","","","admin","0","0","0","0","0","","","","","D. Villar","","","","","","","","","","","2023-09-05 18:27:37","admin","IMPORT","0","","2026-10-05 09:37:52","Rivera"
"RIOGAS","ACC2653","RIOGAS S.A.","RIOGAS","210737040017","0","","Empresas Socias Directas","www.riogas.com.uy","dguerrero@riogas.com.uy","23541200","0.00000000","","","","","","Logística –Transporte – Distribuidora - Almacenamiento","Grande (más 99)","21","10. Comercio en general","admin","0","0","0","0","0","","210737040017","TS02","VIG","L. Viana","","","","","","","","Uruguay","Montevideo","Montevideo","2023-09-05 18:27:37","admin","IMPORT","0","","2026-10-05 09:37:52","Montevideo"
"LABORATORIO RIPOLL","ACC2654","RIPOLL VET SA","LABORATORIO RIPOLL","215177360012","0","","Empresas Socias Directas","www.laboratorioripoll.com","ripollvet@laboratorioripoll.com","29248301","0.00000000","","","","","","Industria Farmacéutica","Mediana (20 a 99)","","","admin","1","0","0","1","1","","215177360012","TS02","VIG","L. Viana","","","","","","","","Uruguay","Montevideo","Montevideo","2023-09-05 18:27:37","admin","IMPORT","0","","2026-10-05 09:37:53","Montevideo"
"Nuevo Siglo","ACC2655","Riselco SA","Nuevo Siglo","212698060012","0","","Empresas Socias Directas","www.nuevosiglo.com.uy","nrodriguez@nuevosiglo.com.uy","1715","0.00000000","","","","","","Tecnología-Telecomunicaciones- actividades conexas","Grande (más 99)","4.3","18. Servicios culturales, de esparcimiento y comunicaciones","admin","0","0","0","0","0","","212698060012","TS02","VIG","L. Viana","","","","","","","","Uruguay","","","2023-09-05 18:27:37","admin","IMPORT","0","","2026-10-05 09:37:53","Montevideo"
"Carlos Rogberg","ACC2656","ROGBERG ALGORTA CARLOS ANDRES NF","Carlos Rogberg","180044360015","0","","Empresas Socias Directas","","hmcachari@yahoo.com.ar","27108308","0.00000000","","","","","","Other","","","","admin","0","0","0","0","1","Socio","180044360015","","","L. Viana","","COLON 218","","","","","","Uruguay","","","2023-09-05 18:27:37","admin","IMPORT","0","","2026-10-05 09:37:54","Soriano"
"MARTINELLI","ACC2657","ROGELIO MARTINELLI SA","MARTINELLI","210257820019","0","","Empresas Socias Directas","www.martinelli.com.uy/m/","COMPRAS@MARTINELLI.COM.UY","29087721","0.00000000","","","","","","Logística –Transporte – Distribuidora - Almacenamiento","Mediana (20 a 99)","4","19. Servicios profesionales, técnicos, especializados y aquellos no incluidos en otros grupos","admin","0","0","0","0","1","Socio","210257820019","TS02","VIG","L. Viana","","","","","","","","Uruguay","Montevideo","Montevideo","2023-09-05 18:27:37","admin","IMPORT","0","","2026-10-05 09:37:54","Montevideo"
"ROMIS","ACC2658","ROMIS SA","ROMIS","211488740019","0","","","","abortoli@romis.com.uy","29018192","0.00000000","","","","","","","","","","admin","0","0","0","0","0","","211488740019","","","","","","","","","","","","","","2023-09-05 18:27:37","admin","IMPORT","0","","2026-10-05 09:37:54",""
"Frigorifico Rosario","ACC2659","Rondatel SA","Frigorifico Rosario","211400080018","0","","Empresas Socias Directas","www.rondatel.com.uy","rmeizoso@rondatel.com.uy","23061002","0.00000000","","","","","","Industria Frigorífica","Grande (más 99)","1","2. Industria frigorífica","admin","0","0","0","0","0","","211400080018","TS02","EMSUS","L. Viana","","","","Rosario","","","","Uruguay","Colonia","Colonia","2023-09-05 18:27:37","admin","IMPORT","0","","2026-10-05 09:37:55","Colonia"
"ROTONDARO","ACC2660","ROTONDARO LTDA","ROTONDARO","212231980015","0","Accounts::::CEGRU","Empresas Socias Directas","www.rotondaro.com.uy","georgina@rotondaro.com.uy","25251496","0.00000000","","","","","","","","","","admin","0","0","0","0","1","Exsocio","212231980015","","BAJ","L. Viana","","ALBERTO ZUM FELDE 2274","","","","","","Uruguay","","","2023-09-05 18:27:37","admin","IMPORT","0","","2026-10-05 09:37:55",""
"ROVIRA DIESTE Y CIA S.C.","ACC2661","ROVIRA DIESTE Y CIA S.C.","ROVIRA DIESTE Y CIA S.C.","210351430016","0","","Empresas Socias Directas","www.gruporovira.com","ROBERTOD@GRUPOROVIRA.COM","29169043","0.00000000","","","","","","Servicios Profesionales- Técnicos Especializados -Certificaciones","Pequeña (5 a 19)","1","19. Servicios profesionales, técnicos, especializados y aquellos no incluidos en otros grupos","admin","0","0","0","0","0","","210351430016","TS02","VIG","","","","","","","","","Uruguay","Montevideo","Montevideo","2023-09-05 18:27:37","admin","IMPORT","0","","2026-10-05 09:37:56","Montevideo"
"Rr contructora y biofertil SRL","ACC2662","Rr contructora y biofertil SRL","Rr contructora y biofertil SRL","0","0","","","","nrodriguezrojas261@gmail.com","","0.00000000","95920358","","","","","","","","","admin","0","0","0","0","0","","","","","D. Villar","","","","","","","","","","","2023-09-05 18:27:37","admin","IMPORT","0","","2026-10-05 09:37:56","Treinta y Tres"
"RR ETIQUETAS","ACC2663","RR ETIQUETAS URUGUAY SA","RR ETIQUETAS","214877600018","0","","Empresas Socias Directas","www.rretiquetas.com.uy","gonzalo@rretiquetas.com.uy","25095758","0.00000000","","","","","","Librería- Papelería - Artículos de oficina","Mediana (20 a 99)","1","17. Industria gráfica","admin","0","0","0","0","0","","214877600018","TS02","VIG","L. Viana","","","","","","","","Uruguay","Montevideo","Montevideo","2023-09-05 18:27:37","admin","IMPORT","0","","2026-10-05 09:37:56","Montevideo"
"RULEARI","ACC2664","RULEARI SA","RULEARI","0","0","","","","gustavo.carsillo@gmail.com","","0.00000000","99418181","","","","","","","","","admin","0","0","0","0","0","","","","","D. Villar","","","","","","","","","","","2023-09-05 18:27:37","admin","IMPORT","0","","2026-10-05 09:37:57","Canelones"
"MUNDOMAC","ACC2665","MUNDOMAC SA","MUNDOMAC","213255850012","0","","Empresas Socias Directas","www.mundomac.com","WSOTO@MUNDOMAC.COM","27076797","0.00000000","","","27079910","","","Tecnología-Telecomunicaciones- actividades conexas","Mediana (20 a 99)","3","10. Comercio en general","admin","0","0","0","0","1","","213255850012","TS02","SOLIC-BAJA","L. Viana","","","","","","","","Uruguay","Montevideo","Montevideo","2023-09-05 18:27:37","admin","IMPORT","0","","2026-10-05 09:37:57","Montevideo"
"SAGRIN","ACC2666","SAGRIN SA","SAGRIN","210139110011","0","","Empresas Socias Directas","www.sagrin.com","secretaria@sagrin.com.uy","22152626","0.00000000","99256783","info@sagrin.com","22156073","","","Textiles - vestimentas - cuero y calzado","Mediana (20 a 99)","","","admin","0","0","0","0","0","","210139110011","TS01","VIG","D. Villar","","","","","","","","","","","2023-09-05 18:27:37","admin","IMPORT","0","","2026-10-05 09:37:58","Montevideo"
"Salvador Livio","ACC2667","SALVADOR LIVIO SA","Salvador Livio","210078800013","0","","Empresas Socias Directas","www.salvadorlivio.com.uy","administracion@salvadorlivio.com.uy","29019521","0.00000000","","","","","","Automotriz- Motocicletas – Autopartes","Mediana (20 a 99)","17","10. Comercio en general","admin","0","1","0","0","1","","210078800013","TS02","VIG","L. Viana","","","","","","","","Uruguay","Montevideo","Montevideo","2023-09-05 18:27:37","admin","IMPORT","0","","2026-10-05 09:37:58","Montevideo"
"SAN MIGUEL","ACC2668","SAMIFRUIT URUGUAY SA","SAN MIGUEL","211215900012","0","","Empresas Socias Directas","www.sanmiguelglobal.com","nperez@sanmiguelglobal.com","29031303","0.00000000","","","","","","Viñedos - Cítricos - Fruticultura - Horticultura - floricultura","Grande (más 99)","","","admin","1","0","0","1","0","","211215900012","TS02","VIG","L. Viana","Luis P. Ponce 1364","Luis P. Ponce 1364","","","","","","Uruguay","Montevideo","Montevideo","2023-09-05 18:27:37","admin","IMPORT","0","","2026-10-05 09:37:58","Montevideo"
"SAMMEL","ACC2669","SAMMEL SA","SAMMEL","211494810015","0","","Empresas Socias Directas","www.sammel.com.uy","mscavuzzo@sammel.com.uy","29290000","0.00000000","","proveedores@sammel.com.uy","","","","Industria de la Madera-Celulosa- Papel","Mediana (20 a 99)","Residual","10. Comercio en general","admin","0","0","0","0","1","","211494810015","TS02","VIG","L. Viana","","A. Lezama 2061","","","","","","Uruguay","Montevideo","Montevideo","2023-09-05 18:27:37","admin","IMPORT","0","","2026-10-05 09:37:59","Montevideo"
"CANNTEGRIL JOYAS","ACC2670","SAMUEL LIBERMAN SA","CANNTEGRIL JOYAS","210147490014","0","","Empresas Socias Directas","https://shop.cantegrilljoyas.com/","monica@samuel-liberman.com","29020833","0.00000000","","","","","","Other","Pequeña (5 a 19)","","","admin","0","0","0","0","1","","210147490014","TS02","VIG","L. Viana","Wilson Ferreira Aldunate 1330","Wilson Ferreira Aldunate 1330","","","","","","Uruguay","Montevideo","Montevideo","2023-09-05 18:27:37","admin","IMPORT","0","","2026-10-05 09:37:59","Montevideo"
"San Francisco","ACC2671","SAN FRANCISCO CISA","San Francisco","80005550015","0","Accounts::::AIMA","Empresas Socias Directas","www.sanfrancisco.com.uy","pagos@sanfrancisco.com.uy","23235676","0.00000000","","info@sanfrancisco.com.uy","","","","Procesamiento y conservación de alimentos - bebidas y tabaco","","","","admin","0","1","0","0","1","Socio","","","",".","RUTA 5 KM 13","RUTA 5 KM 13","","","","","","Uruguay","Montevideo","Montevideo","2023-09-05 18:27:37","admin","IMPORT","0","","2026-10-05 09:38:00","Montevideo"
"SANTA ROSA AUTOMOTORES","ACC2672","SANTA ROSA AUTOMOTORES SA","SANTA ROSA AUTOMOTORES","210343370018","0","","Empresas Socias Directas","www.gruposantarosa.com.uy","recursoshumanos@santarosa.com.uy","29091469","0.00000000","","","","","","Automotriz- Motocicletas – Autopartes","Grande (más 99)","Residual","10. Comercio en general","admin","0","0","0","0","0","","210343370018","TS01","VIG","L. Viana","","","","","","","","Uruguay","Montevideo","Montevideo","2023-09-05 18:27:37","admin","IMPORT","0","","2026-10-05 09:38:00","Montevideo"
"SANTIAGO ALOY","ACC2673","SANTIAGO ALOY SA","SANTIAGO ALOY","211616830015","0","","Empresas Socias Directas","www.santiagoaloy.com.uy","cfontana@santiagoaloy.com.uy","25227777 Int151","0.00000000","","","","","","Librería- Papelería - Artículos de oficina","Mediana (20 a 99)","7","10. Comercio en general","admin","0","0","0","0","1","","211616830015","TS02","VIG","L. Viana","ROMILDO RISSO 2514","ROMILDO RISSO 2514","","","","","","Uruguay","Montevideo","Montevideo","2023-09-05 18:27:37","admin","IMPORT","0","","2026-10-05 09:38:01","Montevideo"
"SANYFICO","ACC2674","SANYFICO SA","SANYFICO","210378570013","0","","Empresas Socias Directas","www.sanyfico.com.uy","ramiro.sum@sanyfico.com.uy","24870716","0.00000000","","","24870716","","","Servicios de Salud y actividades conexas","Mediana (20 a 99)","","","admin","0","0","0","0","1","","210378570013","TS01","BAJ","L. Viana","Av 8 De Octubre 2573","Av 8 De Octubre 2573","","","","","","Uruguay","Montevideo","Montevideo","2023-09-05 18:27:37","admin","IMPORT","0","","2026-10-05 09:38:01","Montevideo"
"SAPOL","ACC2675","SAPOL SA","SAPOL","214718350017","0","","Empresas Socias Directas","","hlandarin@estudioarocena.com.uy","29081182","0.00000000","","","","","","Procesamiento y conservación de alimentos - bebidas y tabaco","Micro (1 a 4)","5","10. Comercio en general","admin","1","0","0","1","0","","214718350017","TS02","VIG","L. Viana","","","","","","","","Uruguay","Montevideo","Montevideo","2023-09-05 18:27:37","admin","IMPORT","0","","2026-10-05 09:38:01","Montevideo"
"Farmacia Nueva Tarariras","ACC2676","SARALEGUI AMARO ALEJANDRO PABLO","Farmacia Nueva Tarariras","040140910017","0","","Empresas Socias Directas","","farmacianuevatarariras@gmail.com","","0.00000000","95366473","","","","","Industria Farmacéutica","","","","admin","0","0","0","0","0","","040140910017","TS02","BAJ","","","","","","","","","Uruguay","Colonia","Colonia","2023-09-05 18:27:37","nbutin@cncs.com.uy","IMPORT","0","","2026-10-05 09:38:02","Colonia"
"Frigorífico Sarel","ACC2677","Sarel SA","Frigorífico Sarel","211476480017","0","","Empresas Socias Directas","","zestudio@vera.com.uy","29164530","0.00000000","","","","","","Industria Frigorífica","Grande (más 99)","","","admin","0","0","0","0","0","","211476480017","TS02","BAJ","L. Viana","","","","","","","","Uruguay","","","2023-09-05 18:27:37","admin","IMPORT","0","","2026-10-05 09:38:02","Canelones"
"SARGUIL","ACC2678","SARGUIL LTDA","SARGUIL","211845150012","0","","Empresas Socias Directas","","gonzalo@guillermojaume.com.uy","29163066","0.00000000","","","","","","Ganadería - Agricultura y Actividades Conexas","Micro (1 a 4)","","","admin","1","1","0","0","0","","211845150012","TS02","VIG","L. Viana","","","","","","","","Uruguay","Montevideo","Montevideo","2023-09-05 18:27:37","admin","IMPORT","0","","2026-10-05 09:38:04","Montevideo"
"KPMG Sociedad Civil","ACC2679","KPMG Sociedad Civil","KPMG Sociedad Civil","215483470016","0","","Empresas Socias Directas","www.kpmg.com/uy","alvaroscarpelli@kpmg.com","29024546","0.00000000","","","","","","Servicios Profesionales- Técnicos Especializados -Certificaciones","Grande (más 99)","Residual","19. Servicios profesionales, técnicos, especializados y aquellos no incluidos en otros grupos","admin","0","0","0","0","0","","215483470016","TS02","VIG","L. Viana","","","","","","","","Uruguay","Montevideo","Montevideo","2023-09-05 18:27:37","admin","IMPORT","0","","2026-10-05 09:38:04","Montevideo"
"SCATEY","ACC2680","SCATEY SA","SCATEY","215159680019","0","","Empresas Socias Directas","www.scatey.com.uy","daniela.saporta@scatey.com.uy","26010010","0.00000000","","","","","","Other","Pequeña (5 a 19)","","","admin","0","0","0","0","1","","215159680019","TS02","SOLIC-BAJA","L. Viana","Av. Italia 6166","Av. Italia 6166","","","","","","Uruguay","Montevideo","Montevideo","2023-09-05 18:27:37","admin","IMPORT","0","","2026-10-05 09:38:05","Montevideo"
"SCHANDY","ACC2681","SCHANDY JOHN CHRISTIAN","SCHANDY","1156031-4","0","","Empresas Socias Directas","www.schandy.com.uy","JohnChristian.Schandy@schandy.com","26289406","0.00000000","","","26289406","","","Intermediación Financiera- Seguros- inversión","Pequeña (5 a 19)","","","admin","0","0","0","0","1","","11560314","TS02","VIG","","","","","","","","","Uruguay","Montevideo","Montevideo","2023-09-05 18:27:37","admin","IMPORT","0","","2026-10-05 09:38:05","Montevideo"
"SCOTIABANK","ACC2682","SCOTIABANK URUGUAY SA","SCOTIABANK","214765780014","0","","Empresas Socias Directas","","gcortazzo@scotiabank.com.uy","140","0.00000000","","","","","","Intermediación Financiera- Seguros- inversión","Grande (más 99)","1.1","14. Intermediación financiera, seguros y pensiones","admin","0","0","0","0","0","","214765780014","TS02","VIG","L. Viana","","","","","","","","Uruguay","Montevideo","Montevideo","2023-09-05 18:27:37","admin","IMPORT","0","","2026-10-05 09:38:06","Montevideo"
"SECURITAS URUGUAY","ACC2683","SECURITAS URUGUAY SA","SECURITAS URUGUAY","210576750018","0","Accounts::::CUES","Empresas Socias Directas","www.securitasuruguay.com","mcollazo@securitasuruguay.com","28480000","0.00000000","","","","","","Vigilancia-Limpieza","Grande (más 99)","","","admin","0","0","0","0","0","","210576750018","TS02","VIG","L. Viana","","","","","","","","Uruguay","Montevideo","Montevideo","2023-09-05 18:27:37","admin","IMPORT","0","","2026-10-05 09:38:06","Montevideo"
"Seguridad y Servicios","ACC2685","SEGURIDAD Y SERVICIO SRL","Seguridad y Servicios","70094480010","0","","Empresas Socias Directas","www.seguridadyservicios.com.uy","sys.recepcion1@gmail.com","43522050","0.00000000","","info@seguridadyservicios.com.uy","08008555","","","Vigilancia-Limpieza","","","","admin","0","0","0","0","1","Socio","","","",".","Independencia 870","Independencia 870","","","","","","Uruguay","Florida","Florida","2023-09-05 18:27:37","admin","IMPORT","0","","2026-10-05 09:38:06","Florida"
"ÓPTICA SEMIFLEX","ACC2687","SEMIFLEX SRL","ÓPTICA SEMIFLEX","211514500016","0","","Socios Indirectos","","gabriela@semiflex.com.uy","27107070","0.00000000","99652422","","","","","","","","","admin","0","0","0","0","0","","211514500016","","","","","","","","","","","","","","2023-09-05 18:27:37","admin","IMPORT","0","","2026-10-05 09:38:07",""
"SENLLANES TAGLIAFICO & CIA Ltda","ACC2688","SENLLANES TAGLIAFICO & CIA. LTDA","SENLLANES TAGLIAFICO & CIA Ltda","212010310017","0","","Empresas Socias Directas","","j.tagliafico@senllanestagliafico.com.uy","29166673","0.00000000","","senllanestagliafico@senllanestagliafico.com.uy","","","","Servicios Profesionales- Técnicos Especializados -Certificaciones","Pequeña (5 a 19)","1","19. Servicios profesionales, técnicos, especializados y aquellos no incluidos en otros grupos","admin","0","0","0","0","1","","212010310017","TS02","VIG","","","","","","","","","Uruguay","","","2023-09-05 18:27:37","admin","IMPORT","0","","2026-10-05 09:38:07","Montevideo"
"Hector Miel","ACC2689","SERFOR SRL","Hector Miel","0","0","","","","serfor@vera.com.uy","","0.00000000","99759216","","","","","","","","","admin","0","0","0","0","0","","","","","D. Villar","","","","","","","","","","","2023-09-05 18:27:37","admin","IMPORT","0","","2026-10-05 09:38:08",""
"Servitium","ACC2690","Servitium SAS","Servitium","0","0","","","","naishemberg@gmail.com","","0.00000000","99656083","","","","","","","","","admin","0","0","0","0","0","","","","","D. Villar","","","","","","","","","","","2023-09-05 18:27:37","admin","IMPORT","0","","2026-10-05 09:38:08",""
"Setadol S.A","ACC2691","Setadol SA","Setadol S.A","0","0","","","","Kevinnebot2@gmail.com","","0.00000000","","","","","","","","","","admin","0","0","0","0","0","","","","","D. Villar","","","","","","","","","","","2023-09-05 18:27:37","admin","IMPORT","0","","2026-10-05 09:38:09",""
"SGS URUGUAY","ACC2692","SGS URUGUAY LTDA","SGS URUGUAY","210457220015","0","","Empresas Socias Directas","www.sgs.com/es-uy","adolfo.machin@sgs.com","26003600","0.00000000","","marianoel.crida@sgs.com","","","","Servicios Profesionales- Técnicos Especializados -Certificaciones","Mediana (20 a 99)","Residual","19. Servicios profesionales, técnicos, especializados y aquellos no incluidos en otros grupos","admin","0","0","0","0","0","","210457220015","TS02","VIG","L. Viana","","","","","","","","Uruguay","Montevideo","Montevideo","2023-09-05 18:27:37","admin","IMPORT","0","","2026-10-05 09:38:09","Montevideo"
"Shema","ACC2693","Shema SRL","Shema","090147100017","0","","","","superlaspalmas@live.com","","0.00000000","99546695","","","","","","","","","admin","0","0","0","0","0","","","","","D. Villar","","","","","","","","","","","2023-09-05 18:27:37","admin","IMPORT","0","","2026-10-05 09:38:10","Lavalleja"
"MONTEVIDEO SHOPPING","ACC2694","SHOPPING CENTERS URUGUAY SA","MONTEVIDEO SHOPPING","211383670010","0","","Empresas Socias Directas","www.montevideoshopping.com.uy","MARIANA@MONTEVIDEOSHOPPING.COM.UY","26221005 Int 111","0.00000000","","","","","","Supermercados- Centro Comerciales- Retail","Grande (más 99)","21.1","19. Servicios profesionales, técnicos, especializados y aquellos no incluidos en otros grupos","admin","0","0","0","0","0","","211383670010","TS02","VIG","L. Viana","","","","","","","","Uruguay","Montevideo","Montevideo","2023-09-05 18:27:37","admin","IMPORT","0","","2026-10-05 09:38:10","Montevideo"
"Nike","ACC2695","Southbay SRL Sucursal Uruguay","Nike","213240240019","0","","Empresas Socias Directas","www.nike.com/uy/","Adriana.Farras@southbay.com.uy","26281489","0.00000000","","","","","","Textiles - vestimentas - cuero y calzado","","","","admin","0","0","0","0","0","","213240240019","TS02","VIG","L. Viana","","","","","","","","Uruguay","","","2023-09-05 18:27:37","admin","IMPORT","0","","2026-10-05 09:38:10","Montevideo"
"Mp Medicina Personalizada","ACC2696","SIAM SA","Mp Medicina Personalizada","213167530016","0","","Empresas Socias Directas","www.mp.com.uy","secretaria@mp.com.uy","27111000","0.00000000","","","","","","Servicios de Salud y actividades conexas","Grande (más 99)","1","15.Servicios de salud y anexos","admin","0","0","0","0","0","","213167530016","TS02","VIG","L. Viana","","","","","","","","Uruguay","Montevideo","Montevideo","2023-09-05 18:27:37","admin","IMPORT","0","","2026-10-05 09:38:11","Montevideo"
"UPS","ACC2697","Sibel SA","UPS","211561460017","0","","Empresas Socias Directas","www.ups.com/uy/es/Home.page","ups1@netgate.com.uy","29161638","0.00000000","","","","","","Logística –Transporte – Distribuidora - Almacenamiento","Pequeña (5 a 19)","9","19. Servicios profesionales, técnicos, especializados y aquellos no incluidos en otros grupos","admin","0","0","0","0","0","","211561460017","TS02","VIG","L. Viana","","","","","","","","Uruguay","Montevideo","Montevideo","2023-09-05 18:27:37","admin","IMPORT","0","","2026-10-05 09:38:11","Montevideo"
"SICARDE","ACC2698","SICARDE LTDA","SICARDE","211673640017","0","","Empresas Socias Directas","www.sicarde.com.uy","sicarde.ltda@gmail.com","29029394","0.00000000","","","29028766","","","Logística –Transporte – Distribuidora - Almacenamiento","Grande (más 99)","11","13. Transporte y almacenamiento","admin","0","0","0","0","0","","211673640017","TS02","VIG","L. Viana","Miní 809 Of. 703","Miní 809 Of. 703","","","","","","Uruguay","Montevideo","Montevideo","2023-09-05 18:27:37","admin","IMPORT","0","","2026-10-05 09:38:12","Montevideo"
"SIERRALIBRE Importaciones","ACC2699","SIERRALIBRE SA","SIERRALIBRE Importaciones","214198590019","0","","Empresas Socias Directas","www.sierralibre.com","info@sierralibre.com","22084658","0.00000000","091840783","","22035634","","","Bazar-Ferretería-Pinturería","","","","admin","0","1","0","0","1","Socio","214198590019","","VIG",".","Agraciada 2956 Bis","Agraciada 2956 Bis","","","","","","Uruguay","Montevideo","Montevideo","2023-09-05 18:27:37","admin","IMPORT","0","","2026-10-05 09:38:12","Montevideo"
"SIGMA","ACC2700","SIGMA SAS","SIGMA","0","0","","","","pablo.fernandez@flysigma.us","","0.00000000","95788033","","","","","","","","","admin","0","0","0","0","0","","","","","D. Villar","","","","","","","","","","","2023-09-05 18:27:37","admin","IMPORT","0","","2026-10-05 09:38:12","Maldonado"
"SIGMAPLUS","ACC2701","Sigmaplus SRL","SIGMAPLUS","217182600014","0","","","","gguadalupe.lopezz@gmail.com","","0.00000000","92311420","","","","","","Pequeña (5 a 19)","","","admin","0","0","0","0","0","","217182600014","","","D. Villar","","","","","","","","","","","2023-09-05 18:27:37","admin","IMPORT","0","","2026-10-05 09:38:13","Montevideo"
"SARUBBI","ACC2702","SIRSIL SA","SARUBBI","212673800012","0","","Empresas Socias Directas","www.sarubbi.com.uy","gabriel@sirsil.com.uy","23219328","0.00000000","","jsarubbi@sarubbi.com.uy","","","","Industria Frigorífica","Grande (más 99)","1","2. Industria frigorífica","admin","1","0","0","1","1","","212673800012","TS02","VIG","L. Viana","","","","","","","","Uruguay","","","2023-09-05 18:27:37","admin","IMPORT","0","","2026-10-05 09:38:13","Montevideo"
"SISCOM","ACC2703","Sistemas Comerciales SRL","SISCOM","218369080012","0","Accounts::::El Molino SRL","Empresas Socias Directas","www.siscom.uy","info@siscom.uy","26228348","0.00000000","099127613","","","","2025-09-01","Tecnología-Telecomunicaciones- actividades conexas","","","","admin","0","0","0","0","0","","218369080012","TS02","CANJ","L. Viana","Ejido 1217","","Montevideo","","","","Uruguay","Uruguay","","","2023-09-05 18:27:37","admin","IMPORT","0","","2026-10-05 09:38:14","Montevideo"
"SISTEMAS ELECTRONICOS COMERCIALES","ACC2704","SISTEMAS ELECTRONICOS COMERCIALES SA","SISTEMAS ELECTRONICOS COMERCIALES","211732500018","0","","Empresas Socias Directas","www.sisteco.com.uy","fgoldstein@sisteco.com.uy","29244615","0.00000000","","info@sisteco.com.uy","","","","Tecnología-Telecomunicaciones- actividades conexas","Mediana (20 a 99)","","","admin","0","0","0","0","0","","211732500018","TS02","VIG","L. Viana","Nicaragua 1717","Nicaragua 1717","","","","","","Uruguay","Montevideo","Montevideo","2023-09-05 18:27:37","admin","IMPORT","0","","2026-10-05 09:38:14","Montevideo"
"DUTRA NEGOCIOS RURALES","ACC2705","SIXTO J DUTRA S EN C POR ACCIONES DISUELTA LEY 19.288","DUTRA NEGOCIOS RURALES","210206090013","0","","Empresas Socias Directas","","","","0.00000000","","","","","","","","","","admin","0","0","0","0","0","","210206090013","TS01","HON","","","","","","","","","","","","2023-09-05 18:27:37","admin","IMPORT","0","","2026-10-05 09:38:15",""
"SKF URUGUAY","ACC2706","SKF URUGUAY SA","SKF URUGUAY","212399290016","0","","Empresas Socias Directas","www.skf.com/uy","Gaston.Arias.Montes@skf.com","24000000","0.00000000","","skfuruguay@skf.com","","","","Industria-Energía-Minería","Mediana (20 a 99)","","","admin","0","0","0","0","0","","212399290016","TS01","VIG","L. Viana","","","","","","","","Uruguay","Montevideo","Montevideo","2023-09-05 18:27:37","admin","IMPORT","0","","2026-10-05 09:38:15","Montevideo"
"J.R. Williams","ACC2707","Sociedad Anónima Financiera y Comercial J.R. Williams","J.R. Williams","210171440013","0","","Empresas Socias Directas","www.jrwilliams.com.uy/wp/","robin.cooper@jrwilliams.com.uy","29162000 Int 222","0.00000000","","","","","","Logística –Transporte – Distribuidora - Almacenamiento","Pequeña (5 a 19)","10","13. Transporte y almacenamiento","admin","0","0","0","0","1","","210171440013","TS01","VIG","L. Viana","Solís 1533","Solís 1533","","","","","","Uruguay","Montevideo","Montevideo","2023-09-05 18:27:37","admin","IMPORT","0","","2026-10-05 09:38:16","Maldonado"
"SAMAN","ACC2708","Sociedad Anónima Molinos Arroceros Nacionales","SAMAN","210002910012","0","","Empresas Socias Directas","www.saman.uy","abidegain@saman.com.uy","22081421","0.00000000","","","","","","Ganadería - Agricultura y Actividades Conexas","Grande (más 99)","","","admin","1","0","0","0","0","","210002910012","TS02","VIG","L. Viana","RBLA. BALTASAR BRUM 2772","RBLA. BALTASAR BRUM 2772","","","","","","Uruguay","Montevideo","Montevideo","2023-09-05 18:27:37","admin","IMPORT","0","","2026-10-05 09:38:16","Montevideo"
"SAUDU","ACC2709","Sociedad de Agricultores Unidos del Uruguay","SAUDU","210252670019","0","","Empresas Socias Directas","www.saudu.com.uy","jccherro@saudu.com.uy","25086322","0.00000000","094987951","saudu@saudu.com.uy","","","","Viñedos - Cítricos - Fruticultura - Horticultura - floricultura","Mediana (20 a 99)","","","admin","0","0","0","0","0","","210252670019","TS02","VIG","L. Viana","","","","","","","","Uruguay","Montevideo","Montevideo","2023-09-05 18:27:37","admin","IMPORT","0","","2026-10-05 09:38:16","Montevideo"
"Sociedad Uruguaya de Esmaltado","ACC2710","SOCIEDAD URUGUAYA DE ESMALTADO SA","Sociedad Uruguaya de Esmaltado","210153700017","0","","Empresas Socias Directas","www.esmaltadosue.com.uy","esmaltadossue@gmail.com","23097711","0.00000000","","","23097712","","","Productos Metalúrgicos-Maquinaria-Construcción","Mediana (20 a 99)","","","admin","0","0","0","0","1","","210153700017","TS01","VIG","L. Viana","","","","","","","","Uruguay","Montevideo","Montevideo","2023-09-05 18:27:37","admin","IMPORT","0","","2026-10-05 09:38:17","Montevideo"
"Gestión de Personas","ACC2711","Sociedad Uruguaya de Gestión de Personas","Gestión de Personas","0","685","","Gremiales/Asociación","","direccionejecutiva@empresasinclusivas.org.uy","26054267","0.00000000","96782952","coordinacion@gestiondepersonas.org.uy","","","","","","","","admin","0","0","0","0","0","","","TS03","BAJ","L.González","","","","","","","","","","","2023-09-05 18:27:37","admin","IMPORT","0","","2026-10-05 09:38:17",""
"Creditel","ACC2712","Socur SA","Creditel","211223510015","0","Accounts::::ANEAC","Empresas Socias Directas","www.creditel.com.uy","agazzola@creditel.com.uy","26283401","0.00000000","","","","","","Intermediación Financiera- Seguros- inversión","Grande (más 99)","","","admin","0","0","0","0","0","","211223510015","TS01","VIG","L. Viana","","","","","","","","Uruguay","Montevideo","Montevideo","2023-09-05 18:27:37","admin","IMPORT","0","","2026-10-05 09:38:18","Montevideo"
"Pluxee","ACC2713","Pluxee Uruguay SA","Pluxee","214932670019","0","","Empresas Socias Directas","www.sodexo.uy","Roberto.berrondo@pluxeegroup.com","24131411","0.00000000","","","23131411","","","Procesamiento y conservación de alimentos - bebidas y tabaco","Mediana (20 a 99)","Residual","19. Servicios profesionales, técnicos, especializados y aquellos no incluidos en otros grupos","admin","0","0","0","0","0","","214932670019","TS02","VIG","L. Viana","","","","","","","","Uruguay","Montevideo","Montevideo","2023-09-05 18:27:37","ncladera@cncs.com.uy","IMPORT","0","","2026-10-05 09:38:18","Montevideo"
"Farmacia Helvética","ACC2715","Sol de Oriente SRL","Farmacia Helvética","040379150017","0","","Empresas Socias Directas","","farmaciahelvetica@gmail.com","","0.00000000","99825144","","","","","Industria Farmacéutica","","","","admin","0","0","0","0","0","","040379150017","TS02","SOLIC-BAJA",".","","","","","","","","Uruguay","","","2023-09-05 18:27:37","admin","IMPORT","0","","2026-10-05 09:38:18","Colonia"
"SOLDO HNOS","ACC2716","SOLDO HNOS SA","SOLDO HNOS","210342060015","0","","Empresas Socias Directas","www.soldo.com.uy","leduardo@soldo.com.uy","23550022","0.00000000","","","","","","Procesamiento y conservación de alimentos - bebidas y tabaco","Grande (más 99)","5","10. Comercio en general","admin","0","1","0","0","1","","210342060015","TS01","VIG","L. Viana","Bulevar Batlle y Ordoñez 6781","Bulevar Batlle y Ordoñez 6781","","","","","","Uruguay","Montevideo","Montevideo","2023-09-05 18:27:37","admin","IMPORT","0","","2026-10-05 09:38:19","Montevideo"
"FRIGOSALTO","ACC2717","SOMICAR SA","FRIGOSALTO","214824500019","0","","Empresas Socias Directas","","aromero@somicar.com.uy","47377166","0.00000000","92510224","administracion@somicar.com.uy","29170502","","","Industria Frigorífica","Grande (más 99)","","","admin","1","0","0","1","1","","214824500019","TS02","EMSUS","L. Viana","Ruta 3 y, 31","Ruta 3 y, 31","","","50000","50000","","Uruguay","Salto","Salto","2023-09-05 18:27:37","admin","IMPORT","0","","2026-10-05 09:38:19","Salto"
"SONDA URUGUAY","ACC2718","SONDA URUGUAY SA","SONDA URUGUAY","212724490015","0","","Empresas Socias Directas","www.sonda.com","marcela.varela@sonda.com","29083000 Int 150","0.00000000","","","","","","Tecnología-Telecomunicaciones- actividades conexas","Grande (más 99)","3","10. Comercio en general","admin","0","0","0","1","0","","212724490015","TS02","VIG","L. Viana","Rio Negro 1320 Piso 6","Rio Negro 1320 Piso 6","","","","","","Uruguay","Montevideo","Montevideo","2023-09-05 18:27:37","admin","IMPORT","0","","2026-10-05 09:38:20","Montevideo"
"RESIDENCIAL LA CASONA","ACC2719","SPARKOV AIRES JUAN ENRIQUE","RESIDENCIAL LA CASONA","213499550018","0","","Socios Indirectos","","lacasona95@hotmail.com","","0.00000000","99311234","","","","","","","","","admin","0","0","0","0","0","","213499550018","","","","","","","","","","","","","","2023-09-05 18:27:37","admin","IMPORT","0","","2026-10-05 09:38:20","Montevideo"
"STORAGE","ACC2720","STORAGE URUGUAY SA","STORAGE","213548590014","0","","Empresas Socias Directas","www.storage.com.uy","ceciliagarcia@storage.com.uy","26838320","0.00000000","","","26838852","","","Logística –Transporte – Distribuidora - Almacenamiento","Mediana (20 a 99)","","","admin","0","0","0","0","0","","213548590014","TS02","VIG","L. Viana","Camino Morelli esq. Ruta Interbalnearia km. 22","Camino Morelli esq. Ruta Interbalnearia km. 22","","Colonia Nicolich","","","","Uruguay","Canelones","Canelones","2023-09-05 18:27:37","admin","IMPORT","0","","2026-10-05 09:38:21","Canelones"
"BODEGAS SUBLIMAR","ACC2721","SUBLIMAR SA","BODEGAS SUBLIMAR","213798690016","0","","Empresas Socias Directas","","info@valente.com.uy","22220020","0.00000000","","","","","","Viñedos - Cítricos - Fruticultura - Horticultura - floricultura","Pequeña (5 a 19)","","23. Viñedos, fruticultura, horticultura, floricultura, criaderos de aves","admin","0","0","0","0","1","","213798690016","TS02","VIG","L. Viana","Cno. Los Viñedos 5506","Cno. Los Viñedos 5506","","","","","","Uruguay","Montevideo","Montevideo","2023-09-05 18:27:37","admin","IMPORT","0","","2026-10-05 09:38:21","Montevideo"
"SCHNECK","ACC2722","SUCESION CARLOS SCHNECK SA","SCHNECK","211217270016","0","","Empresas Socias Directas","www.schneck.com.uy","magnoni@schneck.com.uy","23591774 Int 123","0.00000000","99667542","","","","","Industria Frigorífica","Grande (más 99)","","","admin","0","0","0","0","0","","211217270016","TS02","VIG","L. Viana","","","","","","","","Uruguay","Montevideo","Montevideo","2023-09-05 18:27:37","admin","IMPORT","0","","2026-10-05 09:38:22","Montevideo"
"Sudambeef Trading","ACC2723","Sudambeef Trading SA","Sudambeef Trading","213448350011","0","","Empresas Socias Directas","www.sudambeef.com","andres@sudambeef.com","29159505","0.00000000","94667012","","","","","Procesamiento y conservación de alimentos - bebidas y tabaco","Micro (1 a 4)","","","admin","1","0","0","1","0","","213448350011","TS02","VIG","L. Viana","","","","","","","","Uruguay","","","2023-09-05 18:27:37","admin","IMPORT","0","","2026-10-05 09:38:22","Montevideo"
"SUDEL","ACC2724","SUDEL SA","SUDEL","210263730018","0","","Empresas Socias Directas","www.sudel.com.uy","administracion@sudel.com.uy","22002617","0.00000000","","sudel@sudel.com.uy","","","","Tecnología-Telecomunicaciones- actividades conexas","Mediana (20 a 99)","4","10. Comercio en general","admin","0","0","0","0","1","","210263730018","TS02","VIG","L. Viana","RONDEAU 2403","RONDEAU 2403","","","","","","Uruguay","Montevideo","Montevideo","2023-09-05 18:27:37","admin","IMPORT","0","","2026-10-05 09:38:22","Montevideo"
"Farmacia Sudriers","ACC2725","SUDRIERS SRL","Farmacia Sudriers","110185910010","0","","Empresas Socias Directas","www.sudriers.com","roiagan@hotmail.com","22956426","0.00000000","98687273","farmaciasudriers@hotmail.com","","","","Industria Farmacéutica","","","","admin","0","0","0","0","0","","110185910010","TS02","SOLIC-BAJA","L. Viana","","","","","","","","Uruguay","","","2023-09-05 18:27:38","admin","IMPORT","0","","2026-10-05 09:38:23","Canelones"
"SUPERMERCADO DISCO DEL URUGUAY","ACC2726","SUPERMERCADO DISCO DEL URUGUAY SA","SUPERMERCADO DISCO DEL URUGUAY","210274130017","0","","Empresas Socias Directas","","fperegalli@disco.com.uy","26000707- RRHH 2708 1693","0.00000000","","","","","","Supermercados- Centro Comerciales- Retail","Grande (más 99)","18","10. Comercio en general","admin","0","0","0","0","0","","210274130017","TS01","VIG","L. Viana","","","","","","","","Uruguay","","Montevideo","2023-09-05 18:27:38","admin","IMPORT","0","","2026-10-05 09:38:23","Montevideo"
"SURENTO","ACC2727","SURENTO SA","SURENTO","216625110012","0","","Empresas Socias Directas","www.surento.uy","administracion@surento.uy","26288777","0.00000000","99917039","","","","","Procesamiento y conservación de alimentos - bebidas y tabaco","Micro (1 a 4)","Residual","10. Comercio en general","admin","0","0","0","0","0","","216625110012","TS02","SOLIC-BAJA","L. Viana","","","","","","","","Uruguay","","","2023-09-05 18:27:38","admin","IMPORT","0","","2026-10-05 09:38:23","Montevideo"
"SYNTEX URUGUAYA","ACC2728","SYNTEX URUGUAYA SA","SYNTEX URUGUAYA","210409440019","0","","Empresas Socias Directas","","jae@syntexuy.com","23209498","0.00000000","","","23208967","","","Industria Farmacéutica","Mediana (20 a 99)","2","7. Industria química, del medicamento, farmacéutica, de combustibles y anexos","admin","0","0","0","0","0","","210409440019","TS02","VIG","L. Viana","","","","","","","","Uruguay","Montevideo","Montevideo","2023-09-05 18:27:38","admin","IMPORT","0","","2026-10-05 09:38:24","Montevideo"
"SZOLNO HNOS Y CIA","ACC2729","SZOLNO HNOS Y CIA SA","SZOLNO HNOS Y CIA","210302240012","0","","Empresas Socias Directas","www.star.com.uy","szolno@gmail.com","23095267","0.00000000","","","","","","Productos Metalúrgicos-Maquinaria-Construcción","Mediana (20 a 99)","1","8. Industria de productos metálicos, maquinarias y equipo","admin","0","0","0","0","0","","210302240012","TS02","VIG","","","","","","","","","Uruguay","Montevideo","Montevideo","2023-09-05 18:27:38","ncladera@cncs.com.uy","IMPORT","0","","2026-10-05 09:38:24","Montevideo"
"Ta Ta","ACC2730","Ta Ta SA","Ta Ta","210003270017","0","","Empresas Socias Directas","","adriana.bonfiglio@tata.com.uy","25089600","0.00000000","","","","","","Supermercados- Centro Comerciales- Retail","Grande (más 99)","18","10. Comercio en general","admin","0","1","0","0","0","","210003270017","TS02","VIG","L. Viana","","","","","","","","Uruguay","Montevideo","Montevideo","2023-09-05 18:27:38","admin","IMPORT","0","","2026-10-05 09:38:25","Montevideo"
"TARAN","ACC2731","TARAN & CIA. SA","TARAN","210205820018","0","","Empresas Socias Directas","www.taran.com.uy","taranadm@adinet.com.uy","22922164","0.00000000","","","","","","Bazar-Ferretería-Pinturería","Mediana (20 a 99)","","","admin","0","0","0","0","1","","","","","L. Viana","","","","Pando","","","","Uruguay","","Canelones","2023-09-05 18:27:38","admin","IMPORT","0","","2026-10-05 09:38:25","Canelones"
"TAYM URUGUAY","ACC2732","TAYM URUGUAY SA","TAYM URUGUAY","216498090018","0","","Empresas Socias Directas","www.taym.com.uy","mschauricht@bra.com.uy","26010416","0.00000000","","","26016516","","","Vigilancia-Limpieza","Grande (más 99)","","","admin","0","0","0","1","0","","216498090018","TS02","VIG","L. Viana","","","","","","","","Uruguay","Montevideo","Montevideo","2023-09-05 18:27:38","admin","IMPORT","0","","2026-10-05 09:38:26","Montevideo"
"ESPACIO AROMA","ACC2733","TAZ LTDA","ESPACIO AROMA","70106160010","0","","","www.espacioaroma.com","comercial@espacioaroma.com","27074717","0.00000000","","","","","","","Mediana (20 a 99)","","","admin","0","0","0","0","0","","","","","","","","","","","","","","","","2023-09-05 18:27:38","admin","IMPORT","0","","2026-10-05 09:38:26","Montevideo"
"TD Recicladora","ACC2734","TD SRL","TD Recicladora","218603210010","0","","Empresas Socias Directas","www.tdrecicladora.uy","luigitrombini98@gmail.com","","0.00000000","95382292","","","","","Industria de la Madera-Celulosa- Papel","Pequeña (5 a 19)","","","admin","1","0","0","1","1","","218603210010","TS02","VIG","L. Viana","","","","","","","","Uruguay","","","2023-09-05 18:27:38","admin","IMPORT","0","","2026-10-05 09:38:26","Maldonado"
"Tecnomax","ACC2735","Tecnomax SA","Tecnomax","210203560019","0","","Socios Indirectos","","cesarberonnairac@gmail.com","","0.00000000","91241484","","","","","","","","","admin","0","0","0","0","0","","210203560019","TS02","BAJ","D. Villar","","","","","","","","","","","2023-09-05 18:27:38","admin","IMPORT","0","","2026-10-05 09:38:27","Paysandú"
"TEKSOL","ACC2736","TEKSOL SRL","TEKSOL","214346030016","0","","","www.teksol.com.uy","teksol@teksol.com.uy","24028357","0.00000000","","","","","","","Pequeña (5 a 19)","","","admin","0","0","0","0","0","","","","","D. Villar","","","","","","","","","","","2023-09-05 18:27:38","admin","IMPORT","0","","2026-10-05 09:38:27","Montevideo"
"TELEFAX","ACC2737","TELEFAX SA","TELEFAX","211636240019","0","","Empresas Socias Directas","www.telefax.com.uy","telefax@telefax.com.uy","29020082","0.00000000","","compras@telefax.com.uy","","","","Tecnología-Telecomunicaciones- actividades conexas","Mediana (20 a 99)","","","admin","0","0","0","0","1","","211636240019","TS02","VIG","L. Viana","","","","","","","","Uruguay","Montevideo","Montevideo","2023-09-05 18:27:38","admin","IMPORT","0","","2026-10-05 09:38:28","Montevideo"
"Movistar","ACC2738","Telefónica Móviles del Uruguay SA","Movistar","211406340011","0","","Empresas Socias Directas","www.movistar.com.uy","cristina.colombino@telefonica.com","","0.00000000","95702118","","","","","Tecnología-Telecomunicaciones- actividades conexas","Grande (más 99)","","","admin","0","0","0","0","0","","211406340011","TS02","VIG","L. Viana","","","","","","","","Uruguay","Montevideo","Montevideo","2023-09-05 18:27:38","admin","IMPORT","0","","2026-10-05 09:38:28","Montevideo"
"TENFIELD","ACC2739","TENFIELD SA","TENFIELD","213785940019","0","","Empresas Socias Directas","","rrhh@tenfield.com","29240505","0.00000000","","","","","","Other","Grande (más 99)","","","admin","0","0","0","0","0","","213785940019","TS02","BAJ","L. Viana","","","","","","","","Uruguay","Montevideo","Montevideo","2023-09-05 18:27:38","admin","IMPORT","0","","2026-10-05 09:38:29","Montevideo"
"Teo y Cia","ACC2740","Teo y Cia ltda","Teo y Cia","0","0","","","www.teoycia.com","Marcela.golubchin@teoycia.com","","0.00000000","99633672","","","","","","","","","admin","0","0","0","0","0","","","","","D. Villar","","","","","","","","","","","2023-09-05 18:27:38","admin","IMPORT","0","","2026-10-05 09:38:29","Montevideo"
"Grupo TRANSAMERICAN","ACC2741","TEREGAL SA","Grupo TRANSAMERICAN","212456010013","0","","Empresas Socias Directas","www.grupotransamerican.com.uy","jgargiullo@grupotransamerican.com.uy","24815565","0.00000000","","","","","","Logística –Transporte – Distribuidora - Almacenamiento","Grande (más 99)","","","admin","0","0","0","0","0","","212456010013","TS02","VIG","L. Viana","Abacú 2161","Abacú 2161","","","","","","Uruguay","Montevideo","Montevideo","2023-09-05 18:27:38","admin","IMPORT","0","","2026-10-05 09:38:29","Montevideo"
"Katoen Natie Terminal TCP","ACC2742","TERMINAL CUENCA DEL PLATA SA","Katoen Natie Terminal TCP","214480290019","0","","Empresas Socias Directas","www.katoennatie.com","TCP.RRHH@katoennatie.com.uy","29158556","0.00000000","93416584","info@katoennatie.com.uy","","","","Logística –Transporte – Distribuidora - Almacenamiento","Grande (más 99)","","","admin","0","0","0","0","0","","214480290019","TS02","VIG","L. Viana","","","","","","","","Uruguay","Montevideo","Montevideo","2023-09-05 18:27:38","admin","IMPORT","0","","2026-10-05 09:38:30","Montevideo"
"TERSER","ACC2743","TERSER SRL","TERSER","214058190018","0","","Empresas Socias Directas","","info@codelim.com.uy","24001454","0.00000000","","","","","","Vigilancia-Limpieza","Grande (más 99)","7","19. Servicios profesionales, técnicos, especializados y aquellos no incluidos en otros grupos","admin","0","0","0","0","0","","214058190018","TS02","VIG","L. Viana","","","","","","","","Uruguay","","","2023-09-05 18:27:38","admin","IMPORT","0","","2026-10-05 09:38:30","Montevideo"
"Teyma","ACC2744","Teyma Uruguay SA","Teyma","211096770013","0","","","","eferres@abengoa.com","","0.00000000","97385500","","","","","","","","","admin","0","0","0","0","0","","211096770013","","","D. Villar","","","","","","","","","","","2023-09-05 18:27:38","admin","IMPORT","0","","2026-10-05 09:38:31","Montevideo"
"Winterbotham","ACC2745","THE WINTERBOTHAM TRUST COMPANY (URUGUAY) SA","Winterbotham","213135060014","0","","Empresas Socias Directas","www.winterbotham.com","jramirez@winterbotham.com","26016544","0.00000000","","","","","","Intermediación Financiera- Seguros- inversión","Mediana (20 a 99)","","","admin","0","0","0","0","0","","213135060014","TS02","VIG","L. Viana","","","","","","","","Uruguay","","","2023-09-05 18:27:38","admin","IMPORT","0","","2026-10-05 09:38:31","Canelones"
"TRIKE Drive Electric","ACC2746","THELEATHERTECH SA","TRIKE Drive Electric","216601400010","0","","Empresas Socias Directas","www.trike.uy","lsergio@trike.uy","26199055","0.00000000","0998433036","","099456736","","","Automotriz- Motocicletas – Autopartes","","","","admin","0","1","0","0","0","","216601400010","TS02","VIG","L. Viana","Av. Italia 5052","Av. Italia 5052","","","","11400","","Uruguay","Montevideo","Montevideo","2023-09-05 18:27:38","admin","IMPORT","0","","2026-10-05 09:38:31","Montevideo"
"TILENUR","ACC2747","TILENUR SA","TILENUR","0","0","","","","oscargherardi2020@gmail.com","","0.00000000","91334043","","","","","","","","","admin","0","0","0","0","0","","","","","D. Villar","","","","","","","","","","","2023-09-05 18:27:38","admin","IMPORT","0","","2026-10-05 09:38:32","Soriano"
"Tilsen","ACC2748","Tilsen SA","Tilsen","211545010010","0","","Empresas Socias Directas","www.tilsen.com.uy","tilsen@tilsen.com.uy","42231212","0.00000000","94442047","","","","","Logística –Transporte – Distribuidora - Almacenamiento","Mediana (20 a 99)","","","admin","0","0","0","0","1","","211545010010","TS02","VIG","L. Viana","","","","","","","","Uruguay","Maldonado","Maldonado","2023-09-05 18:27:38","admin","IMPORT","0","","2026-10-05 09:38:32","Maldonado"
"SOTAVENTO APART HOTEL","ACC2749","TINECLASS SA","SOTAVENTO APART HOTEL","215061460010","0","","","","silviarene03@gmail.com","","0.00000000","99587234","","","","","","Micro (1 a 4)","","","admin","0","0","0","0","0","","","","","D. Villar","","","","","","","","","","","2023-09-05 18:27:38","admin","IMPORT","0","","2026-10-05 09:38:33",""
"Topper","ACC2750","TOPPER URUGUAY SA","Topper","211521490012","0","Accounts::::CICALTEX","Empresas Socias Directas","","mageladeleon@topper.com","26229003","0.00000000","","","","","","Textiles - vestimentas - cuero y calzado","Grande (más 99)","","","admin","0","0","0","0","0","","211521490012","TS02","BAJ","L. Viana","","","","","","","","Uruguay","","","2023-09-05 18:27:38","admin","IMPORT","0","","2026-10-05 09:38:33","Montevideo"
"Toryal","ACC2751","Toryal S.A","Toryal","211492540010","0","","Empresas Socias Directas","","martin@toryal.com","23479906","0.00000000","","","","","","Textiles - vestimentas - cuero y calzado","Mediana (20 a 99)","","","admin","0","0","0","1","0","","211492540010","TS02","VIG","L. Viana","","","","","","","","Uruguay","","","2023-09-05 18:27:38","admin","IMPORT","0","","2026-10-05 09:38:33","San José"
"TRENAL","ACC2752","TRENAL SA","TRENAL","213639660015","0","Accounts::::CEGRU","Empresas Socias Directas","www.trenal.com.uy","info@trenal.com.uy","25223764","0.00000000","91389488","","","","","Logística –Transporte – Distribuidora - Almacenamiento","Mediana (20 a 99)","","","admin","0","0","0","0","0","","213639660015","TS02","VIG","L. Viana","Camino Oncativo 3454","Camino Oncativo 3454","","","","","","Uruguay","","Montevideo","2023-09-05 18:35:08","admin","IMPORT","0","","2026-10-05 09:38:34","Montevideo"
"TUBACERO","ACC2753","TUBACERO SA","TUBACERO","212364880011","0","","Empresas Socias Directas","www.tubacero.com.uy","bzipitria@tubacero.com.uy","23543300","0.00000000","","","","","","Productos Metalúrgicos-Maquinaria-Construcción","Mediana (20 a 99)","","","admin","0","0","0","0","0","","212364880011","TS02","VIG","L. Viana","Coronel Raíz 949","Coronel Raíz 949","","","","","","Uruguay","Montevideo","Montevideo","2023-09-05 18:35:08","admin","IMPORT","0","","2026-10-05 09:38:34","Montevideo"
"Grandvision","ACC2754","TYLOR SA","Grandvision","210256340013","0","Accounts::::CCO","Empresas Socias Directas","www.grandvision.com.uy","martinibarra@grandvision.com.uy","27132005","0.00000000","97551605","","","","","Servicios de Salud y actividades conexas","Mediana (20 a 99)","10","10. Comercio en general","admin","0","0","0","0","0","","210256340013","TS02","VIG","L. Viana","","","","","","","","Uruguay","","","2023-09-05 18:35:08","admin","IMPORT","0","","2026-10-05 09:38:35","Montevideo"
"Ulbrika","ACC2755","Ulbrika uruguaya SA","Ulbrika","100010490015","0","","","","c.sader@ulbrika.com.uy","42484902","0.00000000","9100224","","","","","","Mediana (20 a 99)","","","admin","0","0","0","0","0","","","","","D. Villar","","","","","","","","Uruguay","","","2023-09-05 18:35:08","admin","IMPORT","0","","2026-10-05 09:38:35","Maldonado"
"Unilever","ACC2756","Unilever del Uruguay SCC SA","Unilever","217145330017","0","","Empresas Socias Directas","www.unilever-southlatam.com","francisco.danza@unilever.com","25223333","0.00000000","","","","","","Other","Mediana (20 a 99)","","","admin","1","1","0","0","0","","217145330017","TS02","VIG","L. Viana","","","","","","","","Uruguay","Montevideo","Montevideo","2023-09-05 18:35:08","admin","IMPORT","0","","2026-10-05 09:38:35","Montevideo"
"Unimedical del Uruguay","ACC2757","Unimedical del Uruguay Ltda","Unimedical del Uruguay","213141430014","0","","Empresas Socias Directas","www.laboratoriounimedical.com","joaquin@laboratoriounimedical.com","29000090","0.00000000","","info@laboratoriounimedical.com","","","","Servicios de Salud y actividades conexas","Pequeña (5 a 19)","","","admin","0","0","0","1","0","","213141430014","TS02","VIG","L. Viana","Paysandú 986","Paysandú 986","","","","","","Uruguay","Montevideo","Montevideo","2023-09-05 18:35:08","admin","IMPORT","0","","2026-10-05 09:38:36","Montevideo"
"Unión de BARRAQUEROS MAT CONSTR","ACC2758","UNION DE BARRAQUEROS DE MATERIALES DE CONSTRUCCION","UBMC","0","227","","Gremiales/Asociación","","ubmc@adinet.com.uy","29242436","0.00000000","","","","","","","","","","admin","0","0","0","0","0","","","TS03","VIG","L. Viana","","","","","","","","Uruguay","Montevideo","Montevideo","2023-09-05 18:35:08","admin","IMPORT","0","","2026-10-05 09:38:36","Montevideo"
"UDUR","ACC2759","UNION DE DISTRIBUIDORES DEL URUGUAY","UDUR","0","660","","Gremiales/Asociación","","","","0.00000000","","","","","","","","","","admin","0","0","0","0","0","","","TS03","BAJ","L. Viana","","","","","","","","Uruguay","","","2023-09-05 18:35:08","admin","IMPORT","0","","2026-10-05 09:38:37",""
"UNVENU","ACC2761","UNIÓN DE VENDEDORES DE NAFTA DEL URUGUAY-UNVENU","UNVENU","0","35","","Gremiales/Asociación","","info@unvenu.org.uy","23073167","0.00000000","","","2309 5778","","","","","","","admin","0","0","0","0","0","","","TS03","VIG","L.González","","","","","","","","","","","2023-09-05 18:35:08","admin","IMPORT","0","","2026-10-05 09:38:37",""
"Laboratorio Agropecuario Universal","ACC2762","UNIVERSAL LAB LTDA","Laboratorio Agropecuario Universal","212582600010","0","Accounts::::CEV","Empresas Socias Directas","","marcelo.velazquez@laboratoriouniversal.com","26130122","0.00000000","99692693","","","","","Industria Farmacéutica","Pequeña (5 a 19)","","","admin","0","0","0","0","0","","212582600010","TS02","VIG","L. Viana","","","","","","","","Uruguay","Montevideo","Montevideo","2023-09-05 18:35:08","admin","IMPORT","0","","2026-10-05 09:38:37","Montevideo"
"Universidad de Montevideo","ACC2763","UNIVERSIDAD DE MONTEVIDEO","Universidad de Montevideo","213877280015","0","","Empresas Socias Directas","www.um.edu.uy","ralpino@um.edu.uy","27074461","0.00000000","","","","","","Servicios de Enseñanza","Grande (más 99)","","","admin","0","0","0","0","0","","213877280015","TS02","VIG","L. Viana","","","","","","","","Uruguay","","","2023-09-05 18:35:08","admin","IMPORT","0","","2026-10-05 09:38:38","Montevideo"
"UREXPORT - KRIOS","ACC2764","UREXPORT SA","UREXPORT - KRIOS","210289700019","0","","Empresas Socias Directas","www.urexport.com.uy","urexport@urexport.com.uy","29159590","0.00000000","","","","","","Procesamiento y conservación de alimentos - bebidas y tabaco","Mediana (20 a 99)","","","admin","1","0","0","1","0","","210289700019","TS02","VIG","L. Viana","","","","","","","","Uruguay","","","2023-09-05 18:35:08","admin","IMPORT","0","","2026-10-05 09:38:38","Montevideo"
"URUDOR","ACC2765","URUD’OR SA","URUDOR","211483620015","0","","Empresas Socias Directas","","urudor@urudor.com.uy","2916 0635","0.00000000","","","","","","Viñedos - Cítricos - Fruticultura - Horticultura - floricultura","Pequeña (5 a 19)","","","admin","1","0","0","1","0","","211483620015","TS02","VIG","","","","","","","","","Uruguay","","","2023-09-05 18:35:08","admin","IMPORT","0","","2026-10-05 09:38:39","Montevideo"
"URUDATA","ACC2766","URUDATA SA","URUDATA","211801770015","0","","Empresas Socias Directas","www.urudatasoftware.com","administracion@urudata.com","24196457","0.00000000","","","","","","Tecnología-Telecomunicaciones- actividades conexas","Grande (más 99)","","","admin","0","0","0","0","0","","211801770015","TS02","VIG","L. Viana","","","","","","","","Uruguay","","","2023-09-05 18:35:08","admin","IMPORT","0","","2026-10-05 09:38:39","Montevideo"
"URUFARMA","ACC2767","URUFARMA SA","URUFARMA","211396450014","0","","Empresas Socias Directas","www.urufarma.com.uy","gerencia@urufarma.com.uy","24872848","0.00000000","","","","","","Industria Farmacéutica","Grande (más 99)","","","admin","0","0","0","1","0","","211396450014","TS02","VIG","L. Viana","","","","","","","","Uruguay","","","2023-09-05 18:35:08","admin","IMPORT","0","","2026-10-05 09:38:40","Montevideo"
"URUFOR","ACC2768","URUFOR SA","URUFOR","212445980016","0","","Empresas Socias Directas","www.urufor.com.uy","jmotegui@ciaforestal.com.uy","22005759","0.00000000","95738914","urufor@ciaforestal.com.uy","","","","Industria de la Madera-Celulosa- Papel","Pequeña (5 a 19)","","","admin","0","0","0","0","0","","212445980016","TS02","VIG","L. Viana","","","","","","","","Uruguay","","","2023-09-05 18:35:08","admin","IMPORT","0","","2026-10-05 09:38:40","Montevideo"
"SECURITAS","ACC2769","URULAC SA","SECURITAS","213132810012","0","","Empresas Socias Directas","","osagasti@securitasuruguay.com","28480000","0.00000000","95960127","","","","","","","","","admin","0","0","0","0","0","","213132810012","TS02","BAJ","L.González","","","","","","","","","","","2023-09-05 18:35:08","admin","IMPORT","0","","2026-10-05 09:38:40",""
"UTU","ACC2770","UTU","UTU","0","0","","","","Crystal301230@gmail.com","","0.00000000","91456570","","","","","Sector Público","","","","admin","0","0","0","0","0","","","","","D. Villar","","","","","","","","","","","2023-09-05 18:35:08","admin","IMPORT","0","","2026-10-05 09:38:41","Tacuarembó"
"Farmacia Soria","ACC2771","Valent SRL","Farmacia Soria","180084270017","0","","Empresas Socias Directas","","farmaciasoria@gmail.com","","0.00000000","98513129","","","","","Industria Farmacéutica","","","","admin","0","0","0","0","0","","180084270017","TS02","VIG","L. Viana","","","","","","","","Uruguay","Soriano","Soriano","2023-09-05 18:35:08","admin","IMPORT","0","","2026-10-05 09:38:41","Soriano"
"ARCOR","ACC2772","VAN DAM S.A","ARCOR","210250030012","0","","Empresas Socias Directas","www.arcor.com","mblancorom@arcor.com","","0.00000000","94999241","","","","","Procesamiento y conservación de alimentos - bebidas y tabaco","Mediana (20 a 99)","","","admin","0","0","0","0","0","","210250030012","TS02","VIG","L. Viana","","","","","","","","Uruguay","","","2023-09-05 18:35:08","admin","IMPORT","0","","2026-10-05 09:38:41","Montevideo"
"illy","ACC2773","Vanacity SA","illy","0","0","","","www.vanacity.com","salvadorcabrera.l@gmail.com","","0.00000000","99848784","","","","","","","","","admin","0","0","0","0","0","","","","","D. Villar","","","","","","","","","","","2023-09-05 18:35:08","admin","IMPORT","0","","2026-10-05 09:38:42","Montevideo"
"Varela Radio","ACC2774","VARELA RADIO SA","Varela Radio","210220510016","0","","Empresas Socias Directas","","TRY@NETGATE.COM.UY","23097711","0.00000000","","","","","","Other","Pequeña (5 a 19)","","","admin","0","0","0","0","0","","210220510016","TS04","VIG","","","","","","","","","Uruguay","Montevideo","","2023-09-05 18:35:08","ncladera@cncs.com.uy","IMPORT","0","","2026-10-05 09:38:42","Montevideo"
"Varinter","ACC2775","VARINTER SA","Varinter","216252530011","0","","Empresas Socias Directas","www.varinter.com.uy","mitzcovich@varinter.com.uy","26041711","0.00000000","98282563","","","","","Other","Grande (más 99)","","","admin","0","0","0","0","0","","216252530011","TS02","VIG","L. Viana","","","","","","","","Uruguay","","","2023-09-05 18:35:08","admin","IMPORT","0","","2026-10-05 09:38:43","Montevideo"
"Vasi Trading","ACC2776","Vasi SA","Vasi Trading","211446860016","0","","Empresas Socias Directas","","a.cheker@gmail.com","","0.00000000","99666108","","","","","","","","","admin","0","0","0","0","0","","211446860016","TS02","BAJ","D. Villar","","","","","","","","","","","2023-09-05 18:35:08","admin","IMPORT","0","","2026-10-05 09:38:43","Montevideo"
"MOTOSTORE","ACC2777","VEROBLUE SA","MOTOSTORE","214426470012","0","","Empresas Socias Directas","www.motostore.com.uy","Leonardo.gai@motostore.com.uy","","0.00000000","99230785","","","","","Automotriz- Motocicletas – Autopartes","","","","admin","0","0","0","0","0","","214426470012","TS02","VIG","L. Viana","","","","","","","","Uruguay","","","2023-09-05 18:35:08","admin","IMPORT","0","","2026-10-05 09:38:43","Montevideo"
"Viajes Continental","ACC2778","Viacont SA","Viajes Continental","211818850017","0","","Empresas Socias Directas","","consultas@continental.com.uy","29020930","0.00000000","","","","","","Hoteles Restaurantes- Bares - Entretenimiento","Pequeña (5 a 19)","11","19. Servicios profesionales, técnicos, especializados y aquellos no incluidos en otros grupos","admin","0","0","0","0","0","","211818850017","TS02","VIG","L. Viana","","","","","","","","Uruguay","","","2023-09-05 18:35:08","admin","IMPORT","0","","2026-10-05 09:38:44","Montevideo"
"Victoria Dos Santos","ACC2779","Victoria Dos Santos SRL","Victoria Dos Santos","0","0","","","","juanpablodsf@hotmail.com","","0.00000000","92241221","","","","","","","","","admin","0","0","0","0","0","","","","","D. Villar","","","","","","","","","","","2023-09-05 18:35:08","admin","IMPORT","0","","2026-10-05 09:38:44","Montevideo"
"Vinicola Aurora","ACC2780","VINICOLA AURORA SA","Vinicola Aurora","213828070010","0","","Empresas Socias Directas","","aurora.uruguay@gmail.com","23200534","0.00000000","","","","","","Viñedos - Cítricos - Fruticultura - Horticultura - floricultura","Micro (1 a 4)","","","admin","0","0","0","0","0","","213828070010","TS02","VIG","L. Viana","","","","","","","","Uruguay","","","2023-09-05 18:35:08","admin","IMPORT","0","","2026-10-05 09:38:45","Montevideo"
"BODEGAS CARRAU","ACC2781","VINOS FINOS JUAN CARRAU SA","BODEGAS CARRAU","210583460011","0","","","","jcarrau@bodegascarrau.com","23200238","0.00000000","91950046","","","","","Viñedos - Cítricos - Fruticultura - Horticultura - floricultura","Pequeña (5 a 19)","","","admin","0","0","0","0","0","","","","","","","","","","","","","Uruguay","","","2023-09-05 18:35:08","admin","IMPORT","0","","2026-10-05 09:38:45","Canelones"
"Visanlu","ACC2782","Visanlu SRL","Visanlu","0","0","","","","albertoseguro55@gmail.com","","0.00000000","93605986","","","","","","","","","admin","0","0","0","0","0","","","","","D. Villar","","","","","","","","","","","2023-09-05 18:35:08","admin","IMPORT","0","","2026-10-05 09:38:45","Montevideo"
"Vitanna","ACC2783","Vitanna","Vitanna","0","0","","","www.vitanna.com.uy","vitanna@vitanna.com.uy","","0.00000000","98880883","","","","","","","","","admin","0","0","0","0","0","","","","","D. Villar","","","","","","","","","","","2023-09-05 18:35:08","admin","IMPORT","0","","2026-10-05 09:38:46",""
"Vivestar","ACC2784","Vivestar SA","Vivestar","0","0","","","","sschroeder@vivestar.uy","","0.00000000","93800091","","","","","","","","","admin","0","0","0","0","0","","","","","D. Villar","","","","","","","","","","","2023-09-05 18:35:08","admin","IMPORT","0","","2026-10-05 09:38:46","Montevideo"
"Vignoli Laffitte & Lublinerman","ACC2785","VLL SRL","Vignoli Laffitte & Lublinerman","215523750014","0","","Empresas Socias Directas","","scaceres@vll.com.uy","29007576","0.00000000","","","","","","Servicios Profesionales- Técnicos Especializados -Certificaciones","Pequeña (5 a 19)","","","admin","0","0","0","0","0","","215523750014","TS02","VIG","L. Viana","","","","","","","","Uruguay","","","2023-09-05 18:35:08","admin","IMPORT","0","","2026-10-05 09:38:46","Montevideo"
"Deolabs","ACC2786","Voldemont SRL","Deolabs","217632350013","0","","","","damian.neira@voldemont.com","","0.00000000","96209444","","","","","","Micro (1 a 4)","","","admin","0","0","0","0","0","","","","","D. Villar","","","","","","","","","","","2023-09-05 18:35:08","admin","IMPORT","0","","2026-10-05 09:38:47",""
"WALMER","ACC2787","WARCYT GROUP SA","WALMER","210179190016","0","","Empresas Socias Directas","","info@walmer.com.uy","42443434","0.00000000","","tifil@walmer.com.uy","","","","","","","","admin","0","0","0","0","0","","210179190016","TS02","BAJ","L.González","","Calle 20 y 27","","Punta del Este","","","","Uruguay","","Maldonado","2023-09-05 18:35:08","admin","IMPORT","0","","2026-10-05 09:38:47",""
"ESTABLECIMIENTO EDELWEISS","ACC2788","WIEBE REGEHR GERHARD","ESTABLECIMIENTO EDELWEISS","170048870010","0","","","","","43492057","0.00000000","099342565","gcwiebe@gmail.com","","","","","Micro (1 a 4)","","","admin","0","0","0","0","0","","","","",".","","","","","","","","","","","2023-09-05 18:35:08","admin","IMPORT","0","","2026-10-05 09:38:47","San José"
"LENCERIA MARIANNE","ACC2789","WILCOTEX SA","LENCERIA MARIANNE","210353720011","0","","Empresas Socias Directas","www.lenceriamarianne.com.uy","isabel@lenceriamarianne.com.uy","29005627","0.00000000","098290123","","29025038","","","Textiles - vestimentas - cuero y calzado","Mediana (20 a 99)","","","admin","0","0","0","0","0","","210353720011","TS02","VIG","L. Viana","San José 1052","San José 1052","","","","","","Uruguay","Montevideo","Montevideo","2023-09-05 18:35:08","admin","IMPORT","0","","2026-10-05 09:38:48","Montevideo"
"Williams y Cía. Productos Químicos","ACC2790","Williams y Cía. Productos Químicos S.A.","Williams y Cía. Productos Químicos","210139650016","0","","Empresas Socias Directas","","gcanedo@williams.com.uy","26836212","0.00000000","","proveedores@williams.com.uy","","","","Industria Farmacéutica","Pequeña (5 a 19)","","","admin","0","0","0","0","0","","210139650016","TS02","BAJ","","","","","","","","","Uruguay","Montevideo","Montevideo","2023-09-05 18:35:08","admin","IMPORT","0","","2026-10-05 09:38:48","Montevideo"
"WURTH","ACC2791","WÜRTH DEL URUGUAY S.A.","WURTH","212053400018","0","","Empresas Socias Directas","www.eshop.wurth.com.uy/es/UY/UYU/","bisio@wurth.com.uy","22880000","0.00000000","","","","","","Automotriz- Motocicletas – Autopartes","Grande (más 99)","","","admin","0","0","0","0","0","","212053400018","TS02","VIG","","","","","","","","","Uruguay","Montevideo","Montevideo","2023-09-05 18:35:08","admin","IMPORT","0","","2026-10-05 09:38:49","Canelones"
"XN Partners","ACC2792","Xn Uruguay SA","XN Partners","216272510016","0","","Empresas Socias Directas","www.xnpartners.com","federico.stein@xnpartners.com","","0.00000000","097502150","","","","","Servicios de Enseñanza","","","","admin","0","0","0","0","0","","216272510016","TS02","CANJ","L. Viana","Rbla. República de Mexico 5795","Rbla. República de Mexico 5795","","","","","","Uruguay","Montevideo","Montevideo","2023-09-05 18:35:08","admin","IMPORT","0","","2026-10-05 09:38:49","Montevideo"
"ZANETTI","ACC2793","ZANETTI SA","ZANETTI","211748160017","0","","Empresas Socias Directas","www.zanetti.com.uy","cecilia@zanetti.com.uy","29030470","0.00000000","099625636","roberto@zanetti.com.uy","","","","Bazar-Ferretería-Pinturería","","","","admin","0","0","0","0","1","Socio","211748160017","","VIG",".","","COLONIA 917","","","","","","Uruguay","","Montevideo","2023-09-05 18:35:08","admin","IMPORT","0","","2026-10-05 09:38:49","Montevideo"
"Zonamerica","ACC2794","ZONAMERICA SA","Zonamerica","211458800013","0","","Empresas Socias Directas","","recursoshumanos@zonamerica.com","25185000","0.00000000","","","","","","Other","Grande (más 99)","21.2","19. Servicios profesionales, técnicos, especializados y aquellos no incluidos en otros grupos","admin","0","0","0","0","0","","211458800013","TS01","VIG","L. Viana","","","","","","","","Uruguay","","","2023-09-05 18:35:08","admin","IMPORT","0","","2026-10-05 09:38:50","Montevideo"
"ZYM Agronegocios","ACC2795","ZYM Agronegocios SAS","ZYM Agronegocios","0","0","","","","martin.zerbino@gmail.com","","0.00000000","99769441","","","","","","","","","admin","0","0","0","0","0","","","","","D. Villar","","","","","","","","","","","2023-09-05 18:35:08","admin","IMPORT","0","","2026-10-05 09:38:50","Canelones"
"Delimel","ACC2796","Delimel","Delimel","0","0","","","www.delimelrojas.com","mis3pitufos@hotmail.com","","0.00000000","94015022","","","","","","","","","admin","0","0","0","0","0","","","","","D. Villar","","","","","","","","Uruguay","","","2023-09-05 18:35:08","admin","IMPORT","0","","2026-10-05 09:38:51","Montevideo"
"CDS Ingenieros","ACC2804","CDS Ingenieros","CDS Ingenieros","0","0","","","www.cdsingenieros.com","dnollenberger@cdsingenieros.com","47256895","0.00000000","99411240","npintos@cdsingenieros.com","99363323","","","","","","","admin","0","0","0","0","0","","","","","D. Villar","","","","","","","","Uruguay","","","2023-09-05 18:35:08","admin","IMPORT","0","","2026-10-05 09:38:51","Paysandú"
"MSH Capacitacion","ACC2805","MSH Capacitacion","MSH Capacitacion","0","0","","","www.mshcapacitacion.edu.uy","msanjuan@adinet.com.uy","","0.00000000","91075240","","","","","","","","","admin","0","0","0","0","0","","","","","D. Villar","","","","","","","","Uruguay","","","2023-09-05 18:35:08","admin","IMPORT","0","","2026-10-05 09:38:51","Montevideo"
"Easy Charge","ACC2816","Easy Charge","Easy Charge","0","0","","","www.easycharge.com.uy/","hola@easycharge.com.uy","","0.00000000","94323272","","","","","","","","","admin","0","0","0","0","0","","","","","D. Villar","","","","","","","","","","","2023-09-05 18:35:08","admin","IMPORT","0","","2026-10-05 09:38:52",""
"Sofis Solutions","ACC2817","Sofis Solutions","Sofis Solutions","0","0","","","www.sofis-solutions.com/","Dario.ratto@sofis.lat","","0.00000000","91369594","","","","","","","","","admin","0","0","0","0","0","","","","","D. Villar","","","","","","","","","","","2023-09-05 18:35:08","admin","IMPORT","0","","2026-10-05 09:38:52",""
"Gaia","ACC2818","Gaia","Gaia","0","0","","","www.gaia.com/es","denise.rozza@gmail.com","","0.00000000","91470929","","","","","","","","","admin","0","0","0","0","0","","","","","D. Villar","","","","","","","","","","","2023-09-05 18:35:08","admin","IMPORT","0","","2026-10-05 09:38:52",""
"Arlit","ACC2821","Arlit","Arlit","0","0","","","www.arlit.com.uy","liliana.traverso4@gmail.com","","0.00000000","99563043","","","","","","","","","admin","0","0","0","0","0","","","","","D. Villar","","","","","","","","","","","2023-09-05 18:35:09","admin","IMPORT","0","","2026-10-05 09:38:53",""
"Punto Biker","ACC2828","Punto Biker","Punto Biker","170330740013","0","","","www.puntobiker.com.uy","vanessa@puntodecontrol.com.uy","","0.00000000","96220492","","","","","","","","","admin","0","0","0","0","0","","","","","D. Villar","","","","","","","","","","","2023-09-05 18:35:09","admin","IMPORT","0","","2026-10-05 09:38:53","San José"
"RURALANAS","ACC2829","RURALANAS","RURALANAS","0","0","","","www.ruralanas.com","contacto@ruralanas.com","","0.00000000","99450019","","","","","","","","","admin","0","0","0","0","0","","","","","D. Villar","","","","","","","","","","","2023-09-05 18:35:09","admin","IMPORT","0","","2026-10-05 09:38:53",""
"DIXTRA","ACC2831","DIXTRA","DIXTRA","0","0","","","www.dixtra.com","mauricio.garcia@dixtra.com","","0.00000000","99819872","","","","","","","","","admin","0","0","0","0","0","","","","","D. Villar","","","","","","","","","","","2023-09-05 18:35:09","admin","IMPORT","0","","2026-10-05 09:38:54",""
"Jardana","ACC2833","Jardana","Jardana","0","0","","","www.jardana.com","Eoneill@jardana.com","","0.00000000","98296211","","","","","","","","","admin","0","0","0","0","0","","","","","D. Villar","","","","","","","","","","","2023-09-05 18:35:09","admin","IMPORT","0","","2026-10-05 09:38:54",""
"Omegarquitectas","ACC2837","Omegarquitectas","Omegarquitectas","0","0","","","www.omegarquitectas.com","aliciamelia.arq@gmail.com","","0.00000000","99620715","","","","","","","","","admin","0","0","0","0","0","","","","","D. Villar","","","","","","","","","","","2023-09-05 18:35:09","admin","IMPORT","0","","2026-10-05 09:38:54",""
"Habitar Arquitectura","ACC2838","Habitar Arquitectura","Habitar Arquitectura","0","0","","","www.habitararquitectura.com.uy","gabrielcagno@habitar.com.uy","261454 00","0.00000000","99884984","","","","","","","","","admin","0","0","0","0","0","","","","","D. Villar","","","","","","","","","","","2023-09-05 18:35:09","admin","IMPORT","0","","2026-10-05 09:38:55",""
"Faktor Uruguay","ACC2852","Faktor Uruguay","Faktor Uruguay","0","0","","","www.faktor.uy","askocilich@faktor.uy","24183862","0.00000000","094 663 286","","","","","","","","","admin","0","0","0","0","0","","","","","D. Villar","","","","","","","","","","","2023-09-05 18:35:09","admin","IMPORT","0","","2026-10-05 09:38:55",""
"Fusión Productocciones","ACC2854","Fusión Productocciones","Fusión Productocciones","0","0","","","www.holafusion.com","nadiagalarraga4@gmail.com","","0.00000000","98445416","","","","","","","","","admin","0","0","0","0","0","","","","","D. Villar","","","","","","","","","","","2023-09-05 18:35:09","admin","IMPORT","0","","2026-10-05 09:38:56",""
"PINTO TUROVLIN ARQUITECTOS","ACC2867","PINTO TUROVLIN ARQUITECTOS","PINTO TUROVLIN ARQUITECTOS","0","0","","","www.turovlinbasigaluz.com.uy","alan@pintoturovlin.com.uy","27097984","0.00000000","","","","","","","","","","admin","0","0","0","0","0","","","","","D. Villar","","","","","","","","","","","2023-09-05 18:35:09","admin","IMPORT","0","","2026-10-05 09:38:56",""
"Effective Solutions","ACC2871","Effective Solutions","Effective Solutions","0","0","","","www.effective.uy","javier@effective.com.uy","","0.00000000","94918302","","","","","","","","","admin","0","0","0","0","0","","","","","D. Villar","","","","","","","","","","","2023-09-05 18:35:09","admin","IMPORT","0","","2026-10-05 09:38:56",""
"Complejo Turístico Piccola Marina","ACC2872","Complejo Turístico Piccola Marina","Complejo Turístico Piccola Marina","0","0","","","www.complejopiccolamarina.com.uy","rona.cabi2013@gmail.com","44797078","0.00000000","92421010","","","","","","","","","admin","0","0","0","0","0","","","","","D. Villar","","","","","","","","","","","2023-09-05 18:35:09","admin","IMPORT","0","","2026-10-05 09:38:57",""
"Malvarez montaje y mantenimiento industrial","ACC2889","Malvarez montaje y mantenimiento industrial","Malvarez montaje y mantenimiento industrial","0","0","","","www.malvarezmontaje.com.uy/","federico@malvarezmontaje.com.uy","44530339","0.00000000","91275248","","","","","","","","","admin","0","0","0","0","0","","","","","D. Villar","","","","","","","","","","","2023-09-05 18:35:09","admin","IMPORT","0","","2026-10-05 09:38:57",""
"NAMBI URUGUAY - Mini Vegetales","ACC2899","NAMBI URUGUAY","NAMBI URUGUAY - Mini Vegetales","0","0","","","www.nambi.uy","nambiuruguay@gmail.com","","0.00000000","99036574","","","","","","","","","admin","0","0","0","0","0","","","","","D. Villar","","","","","","","","","","","2023-09-05 18:35:10","admin","IMPORT","0","","2026-10-05 09:38:57",""
"Maldonado Online","ACC2903","Maldonado Online","Maldonado Online","0","0","","","www.maldonadoonline.uy/","marketonline.maldonado@gmail.com","","0.00000000","94075949","","","","","","","","","admin","0","0","0","0","0","","","","","D. Villar","","","","","","","","","","","2023-09-05 18:35:10","admin","IMPORT","0","","2026-10-05 09:38:58",""
"ALKILATE","ACC2904","ALKILATE","ALKILATE","0","0","","","www.alkilate.com","administracion@alkilate.com","","0.00000000","99753807","","","","","","","","","admin","0","0","0","0","0","","","","","D. Villar","","","","","","","","","","","2023-09-05 18:35:10","admin","IMPORT","0","","2026-10-05 09:38:58",""
"Universo Onírico","ACC2905","Universo Onírico","Universo Onírico","0","0","","","www.universoonirico.uy","onirica.uy@gmail.com","","0.00000000","91591215","","","","","","","","","admin","0","0","0","0","0","","","","","D. Villar","","","","","","","","","","","2023-09-05 18:35:10","admin","IMPORT","0","","2026-10-05 09:38:58",""
"Enanas","ACC2906","Enanas","Enanas","0","0","","","www.enanasdejardin.com/","natalia@enanasdejardin.com","","0.00000000","99660250","","","","","","","","","admin","0","0","0","0","0","","","","","D. Villar","","","","","","","","","","","2023-09-05 18:35:10","admin","IMPORT","0","","2026-10-05 09:38:59",""
"Amorfius - Vidrio","ACC2907","Amorfius - Vidrio","Amorfius - Vidrio","0","0","","","www.amorfius.webnode.es/","amorfius.vidrioreciclado@gmail.com","","0.00000000","98877855","","","","","","","","","admin","0","0","0","0","0","","","","","D. Villar","","","","","","","","","","","2023-09-05 18:35:10","admin","IMPORT","0","","2026-10-05 09:38:59",""
"Chiaramo","ACC2909","Chiaramo","Chiaramo","0","0","","","www.chiaramo.com/","chiaramo.uy@gmail.com","","0.00000000","95016968","","","","","","","","","admin","0","0","0","0","0","","","","","D. Villar","","","","","","","","","","","2023-09-05 18:35:10","admin","IMPORT","0","","2026-10-05 09:39:00",""
"Rio Azul - Saneamiento Sostenible","ACC2910","Rio Azul - Saneamiento Sostenible","Rio Azul - Saneamiento Sostenible","0","0","","","www.rioazul.uy","rioazul.uy@gmail.com","","0.00000000","96862000","","99600299","","","","","","","admin","0","0","0","0","0","","","","","D. Villar","","","","","","","","","","","2023-09-05 18:35:10","admin","IMPORT","0","","2026-10-05 09:39:00",""
"ORGANI Envases Compostables","ACC2911","ORGANI Envases Compostables","ORGANI Envases Compostables","0","0","","","www.organi.com.uy","alana@organi.com.uy","","0.00000000","98910075","","","","","","","","","admin","0","0","0","0","0","","","","","D. Villar","","","","","","","","","","","2023-09-05 18:35:10","admin","IMPORT","0","","2026-10-05 09:39:00",""
"Anfibios del Aire","ACC2912","Anfibios del Aire","Anfibios del Aire","0","0","","","www.anfibiosdelaire.com.uy/home/","anfibiosdelaire@gmail.com","","0.00000000","91462785","","","","","","","","","admin","0","0","0","0","0","","","","","D. Villar","","","","","","","","","","","2023-09-05 18:35:10","admin","IMPORT","0","","2026-10-05 09:39:01",""
"Eco Beach Punta del Este","ACC2916","Eco Beach Punta del Este","Eco Beach Punta del Este","0","0","","","www.ecobeachpuntadeleste.uy","ecobeachpuntadeleste@gmail.com","","0.00000000","99222710","","","","","","","","","admin","0","0","0","0","0","","","","","D. Villar","","","","","","","","","","","2023-09-05 18:35:10","admin","IMPORT","0","","2026-10-05 09:39:02",""
"Aukaler - Soluciones Innovadoras","ACC2917","Aukaler","Aukaler - Soluciones Innovadoras","0","0","","","www.aukaler.com.uy","info@aukaler.com.uy","23217264","0.00000000","98789124","","","","","","","","","admin","0","0","0","0","0","","","","","D. Villar","","","","","","","","","","","2023-09-05 18:35:10","admin","IMPORT","0","","2026-10-05 09:39:02",""
"Sellin","ACC2918","Sellin","Sellin","0","0","","","https://infosellinuy.wixsite.com/comprarensellin","noel@sellin.uy","","0.00000000","92604747","","","","","","","","","admin","0","0","0","0","0","","","","","D. Villar","","","","","","","","","","","2023-09-05 18:35:10","admin","IMPORT","0","","2026-10-05 09:39:03",""
"4D lab","ACC2919","4D lab","4D lab","0","0","","","www.4dlab.uy","mercedesviola@4dlab.uy","26000188","0.00000000","99779574","","","","","","","","","admin","0","0","0","0","0","","","","","D. Villar","","","","","","","","","","","2023-09-05 18:35:10","admin","IMPORT","0","","2026-10-05 09:39:03",""
"Ecocuer - Cooperativa de Trabajo Bella Vela","ACC2920","Ecocuer - Cooperativa de Trabajo Bella Vela","Ecocuer - Cooperativa de Trabajo Bella Vela","0","0","","","www.bellavela.com.uy","cooperativabellavela@gmail.com","","0.00000000","99410734","","","","","","","","","admin","0","0","0","0","0","","","","","D. Villar","","","","","","","","","","","2023-09-05 18:35:10","admin","IMPORT","0","","2026-10-05 09:39:04",""
"EME Plásticas","ACC2922","EME Plásticas","EME Plásticas","0","0","","","www.emeplasticas.com","emeplasticas@gmail.com","","0.00000000","99232097","","","","","","","","","admin","0","0","0","0","0","","","","","D. Villar","","","","","","","","","","","2023-09-05 18:35:10","admin","IMPORT","0","","2026-10-05 09:39:04",""
"LTeco - Ladrillos Ecologicos","ACC2923","LTeco - Ladrillos Ecologicos","LTeco - Ladrillos Ecologicos","0","0","","","www.ladrilloticholoecologico.com.uy","Ltecouruguay@gmail.com","","0.00000000","99610528","","","","","","","","","admin","0","0","0","0","0","","","","","D. Villar","","","","","","","","","","","2023-09-05 18:35:10","admin","IMPORT","0","","2026-10-05 09:39:05",""
"PIKA JUEGOS","ACC2925","PIKA JUEGOS","PIKA JUEGOS","0","0","","","www.pika.com.uy/tienda","pikauruguay@gmail.com","","0.00000000","99142652","","","","","","","","","admin","0","0","0","0","0","","","","","D. Villar","","","","","","","","","","","2023-09-05 18:35:10","admin","IMPORT","0","","2026-10-05 09:39:05",""
"Nómada","ACC2926","Nómada","Nómada","0","0","","","www.nomada.uy","damiani.luciana@gmail.com","","0.00000000","99241432","","","","","","","","","admin","0","0","0","0","0","","","","","D. Villar","","","","","","","","","","","2023-09-05 18:35:10","admin","IMPORT","0","","2026-10-05 09:39:05",""
"Casa Urbana Uniformes","ACC2927","Casa Urbana Uniformes","Casa Urbana Uniformes","0","0","","","www.casaurbanauniformes.com","info@casaurbanauniformes.com","24021741","0.00000000","99234134","","","","","","","","","admin","0","0","0","0","0","","","","","D. Villar","","","","","","","","","","","2023-09-05 18:35:10","admin","IMPORT","0","","2026-10-05 09:39:06",""
"Tramma Bambú","ACC2935","Tramma Bambú","Tramma Bambú","0","0","","","www.trammabambu.uy","trammabambu@gmail.com","","0.00000000","99308328","","","","","","","","","admin","0","0","0","0","0","","","","","D. Villar","","","","","","","","","","","2023-09-05 18:35:10","admin","IMPORT","0","","2026-10-05 09:39:06",""
"Renaciti","ACC2938","Renaciti","Renaciti","0","0","","","www.renaciti.com.uy","contacto@renaciti.com.uy","","0.00000000","93617505","","","","","","","","","admin","0","0","0","0","0","","","","","D. Villar","","","","","","","","","","","2023-09-05 18:35:10","admin","IMPORT","0","","2026-10-05 09:39:06",""
"Aeropuertos Uruguay","ACC2940","Aeropuertos Uruguay","Aeropuertos Uruguay","0","0","","","www.aeropuertosuruguay.com.uy","nicolas.villazan@aeropuertosuruguay.com.uy","","0.00000000","99585193","","","","","","","","","admin","0","0","0","0","0","","","","","D. Villar","","","","","","","","","","","2023-09-05 18:35:10","admin","IMPORT","0","","2026-10-05 09:39:07",""
"Storage Compat Uruguay","ACC2943","Storage Compat Uruguay","Storage Compat Uruguay","0","0","","","www.storagecompat.com.uy/","diego@storagecompat.com.uy","","0.00000000","95241666","","","","","","","","","admin","0","0","0","0","0","","","","","D. Villar","","","","","","","","","","","2023-09-05 18:35:10","admin","IMPORT","0","","2026-10-05 09:39:07",""
"GENESE","ACC2944","GENESE","GENESE","0","0","","","www.deshidratadosgenese.com.uy","juanrijo620@hotmail.com","","0.00000000","98603796","","","","","","","","","admin","0","0","0","0","0","","","","","D. Villar","","","","","","","","","","","2023-09-05 18:35:10","admin","IMPORT","0","","2026-10-05 09:39:07",""
"4e Madera plástica","ACC2948","4e Madera plástica","4e Madera plástica","0","0","","","www.4emaderaplastica.com/","natalia@4eambiente.com","","0.00000000","91210796","","","","","","","","","admin","0","0","0","0","0","","","","","D. Villar","","","","","","","","","","","2023-09-05 18:35:10","admin","IMPORT","0","","2026-10-05 09:39:08",""
"Cervecería Océanica","ACC2950","Cervecería Océanica","Cervecería Océanica","0","0","","","www.oceanica.com.uy/index.html","aolivera@oceanica.com.uy","44323634","0.00000000","99920391","","","","","","","","","admin","0","0","0","0","0","","","","","D. Villar","","","","","","","","","","","2023-09-05 18:35:10","admin","IMPORT","0","","2026-10-05 09:39:08",""
"La Molienda","ACC2951","La Molienda","La Molienda","0","0","","","www.lamolienda.uy","lp.lucianaporcelli@gmail.com","","0.00000000","92333300","","","","","","","","","admin","0","0","0","0","0","","","","","D. Villar","","","","","","","","","","","2023-09-05 18:35:10","admin","IMPORT","0","","2026-10-05 09:39:09",""
"Key Soluciones","ACC2954","Key Soluciones","Key Soluciones","0","0","","","www.keysoluciones.com.uy/","ventas.keyecobags@gmail.com","","0.00000000","95328722","","","","","","","","","admin","0","0","0","0","0","","","","","D. Villar","","","","","","","","","","","2023-09-05 18:35:11","admin","IMPORT","0","","2026-10-05 09:39:09",""
"GRIN WALL","ACC2955","GRIN WALL","GRIN WALL","0","0","","","www.grinwall.com","VANINABVILA@GMAIL.COM","","0.00000000","97183037","info@grinwall.com","92380547","","","","","","","admin","0","0","0","0","0","","","","","D. Villar","","","","","","","","","","","2023-09-05 18:35:11","admin","IMPORT","0","","2026-10-05 09:39:09",""
"Ceprodih","ACC2957","Ceprodih","Ceprodih","0","0","","","www.ceprodih.org","economiacircularceprodih@gmail.com","2224287","0.00000000","92109983","ceprodih@ceprodih.org","","","","","","","","admin","0","0","0","0","0","","","","","D. Villar","","","","","","","","","","","2023-09-05 18:35:11","admin","IMPORT","0","","2026-10-05 09:39:10",""
"Floralia","ACC2958","Floralia","Floralia","0","0","","","www.floralia.uy","floraliaworld@gmail.com","","0.00000000","99326324","","","","","","","","","admin","0","0","0","0","0","","","","","D. Villar","","","","","","","","","","","2023-09-05 18:35:11","admin","IMPORT","0","","2026-10-05 09:39:10",""
"Golden Crop","ACC2959","Golden Crop","Golden Crop","0","0","","","www.goldencrop.com.uy","goldencropsrl@gmail.com","","0.00000000","93422120","contacto@goldencrop.com.uy","","","","","","","","admin","0","0","0","0","0","","","","","D. Villar","","","","","","","","","","","2023-09-05 18:35:11","admin","IMPORT","0","","2026-10-05 09:39:10",""
"Teko","ACC2961","Teko","Teko","0","0","","","www.teko.uy","nicolas@teko.uy","","0.00000000","96906906","hola@teko.uy","","","","","","","","admin","0","0","0","0","0","","","","","D. Villar","","","","","","","","","","","2023-09-05 18:35:11","admin","IMPORT","0","","2026-10-05 09:39:11",""
"Rekithara","ACC2962","Rekithara","Rekithara","0","0","","","www.rekithara.uy","rekithara@gmail.com","","0.00000000","95102463","","","","","","","","","admin","0","0","0","0","0","","","","","D. Villar","","","","","","","","","","","2023-09-05 18:35:11","admin","IMPORT","0","","2026-10-05 09:39:11",""
"Establecimientos Vicca","ACC2963","Establecimientos Vicca","Establecimientos Vicca","0","0","","","www.establecimientosvicca.uy","administracion@establecimientosvicca.uy","","0.00000000","93819248","","092325029","","","","","","","admin","0","0","0","0","0","","","","","D. Villar","","","","","","","","","","","2023-09-05 18:35:11","admin","IMPORT","0","","2026-10-05 09:39:11","Canelones"
"LSQA","ACC2967","LSQA SA","LSQA","213632060012","0","","","","russi@lsqa.com","","0.00000000","94497850","","","","","","","","","admin","0","0","0","0","0","","213632060012","","","D. Villar","","","","","","","","","","","2023-09-05 18:35:11","admin","IMPORT","0","","2026-10-05 09:39:12",""
"Recumple","ACC2968","Recumple","Recumple","0","0","","","www.recumple.com.uy","info@recumple.com.uy","","0.00000000","95380536","","","","","","","","","admin","0","0","0","0","0","","","","","D. Villar","","","","","","","","","","","2023-09-05 18:35:11","admin","IMPORT","0","","2026-10-05 09:39:12",""
"Apité Sabores Nativos","ACC2969","Apité Sabores Nativos","Apité Sabores Nativos","0","0","","","www.apite.uy","apitesaboresnativos@gmail.com","","0.00000000","98128532","","","","","","","","","admin","0","0","0","0","0","","","","","D. Villar","","","","","","","","","","","2023-09-05 18:35:11","admin","IMPORT","0","","2026-10-05 09:39:13",""
"Arenas de vidrio","ACC2970","Arenas de vidrio","Arenas de vidrio","0","0","","","www.adv.uy","info@adv.uy","","0.00000000","99705510","","","","","","","","","admin","0","0","0","0","0","","","","","D. Villar","","","","","","","","","","","2023-09-05 18:35:11","admin","IMPORT","0","","2026-10-05 09:39:13",""
"Re market","ACC2973","Re market","Re market","0","0","","","wwwremarket.com.uy","hola@remarket.com.uy","","0.00000000","98249164","","092994584","","","","","","","admin","0","0","0","0","0","","","","","D. Villar","","","","","","","","","","","2023-09-05 18:35:11","admin","IMPORT","0","","2026-10-05 09:39:13",""
"La Diaria","ACC2975","La Diaria","La Diaria","0","0","","","","lpardo@ladiaria.com.uy","","0.00000000","98220352","","","","","","","","","admin","0","0","0","0","0","","","","","D. Villar","","","","","","","","","","","2023-09-05 18:35:11","admin","IMPORT","0","","2026-10-05 09:39:14",""
"Genux","ACC2988","Genux","Genux","0","0","","","www.genux.com.uy","rppm93@gmail.com","","0.00000000","99501094","","092650832","","","","","","","admin","0","0","0","0","0","","","","","D. Villar","","","","","","","","","","","2023-09-05 18:35:11","admin","IMPORT","0","","2026-10-05 09:39:14","Salto"
"BS Soluciones","ACC2990","BS Soluciones","BS Soluciones","0","0","","","www.bssoluciones.uy","bsaralegui@vera.com.uy","22014230","0.00000000","91413986","nfo@bssoluciones.uy","","","","","","","","admin","0","0","0","0","0","","","","","D. Villar","","","","","","","","","","","2023-09-05 18:35:11","admin","IMPORT","0","","2026-10-05 09:39:14","Canelones"
"SOLCO - Energías Renovables","ACC2994","SOLCO - Energías Renovables","SOLCO - Energías Renovables","0","0","","","www.solco.com.uy","eprada@solco.com.uy","","0.00000000","99590238","","","","","","","","","admin","0","0","0","0","0","","","","","D. Villar","","","","","","","","","","","2023-09-05 18:35:11","admin","IMPORT","0","","2026-10-05 09:39:15","Montevideo"
"Business News Americas","ACC2998","Business News Americas","Business News Americas","0","0","","","www.bnamericas.com/es","javiera.gracia@bnamericas.com","","0.00000000","","","","","","","","","","admin","0","0","0","0","0","","","","","D. Villar","","","","","","","","","","","2023-09-05 18:35:11","admin","IMPORT","0","","2026-10-05 09:39:15","Montevideo"
"Inmobiliaria TIERRAS DEL SUR","ACC3000","Inmobiliaria TIERRAS DEL SUR","Inmobiliaria TIERRAS DEL SUR","0","0","","","www.tierrasdelsur.com.uy","daniela@tierrasdelsur.com.uy","","0.00000000","99523776","","","","","","","","","admin","0","0","0","0","0","","","","","D. Villar","","","","","","","","","","","2023-09-05 18:35:11","admin","IMPORT","0","","2026-10-05 09:39:16","Colonia"
"PEFC Uruguay","ACC3002","PEFC Uruguay","PEFC Uruguay","0","0","","","www.pefc.com.uy","gabriela.malvarez@pefc.com.uy","29146220","0.00000000","99515119","info@pefc.com.uy","","","","","","","","admin","0","0","0","0","0","","","","","D. Villar","","","","","","","","","","","2023-09-05 18:35:17","admin","IMPORT","0","","2026-10-05 09:39:16","Montevideo"
"Augusto Olivera - Despachante","ACC3004","Augusto Olivera","Augusto Olivera - Despachante","0","0","","","www.augustoolivera.com/","augusto@augustoolivera.com","29154015","0.00000000","94906046","info@augustoolivera.com","","","","","","","","admin","0","0","0","0","0","","","","","D. Villar","","","","","","","","","","","2023-09-05 18:35:17","admin","IMPORT","0","","2026-10-05 09:39:16","Montevideo"
"Criteria","ACC3012","Criteria","Criteria","0","0","","","www.criteria.uy","mhernandez@criteria.uy","25182959","0.00000000","93948422","info@criteria.uy","","","","","","","","admin","0","0","0","0","0","","","","","D. Villar","","","","","","","","","","","2023-09-05 18:35:17","admin","IMPORT","0","","2026-10-05 09:39:17","Montevideo"
"Aero Cargas as Agent of DHL Global Forwarding","ACC3014","Aero Cargas as Agent of DHL Global Forwarding","Aero Cargas as Agent of DHL Global Forwarding","0","0","","","","CARMEN.REGUEIRA@DHLUY.COM","","0.00000000","94993612","","","","","","","","","admin","0","0","0","0","0","","","","","D. Villar","","","","","","","","","Montevideo","Montevideo","2023-09-05 18:35:17","admin","IMPORT","0","","2026-10-05 09:39:17","Montevideo"
"Techingenium","ACC3016","Techingenium","Techingenium","0","0","","","www.techingenium.com.uy/index.php","german.cotelo@techingenium.com.uy","25056084","0.00000000","97952640","info@techingenium.com.uy","","","","","","","","admin","0","0","0","0","0","","","","","D. Villar","","","","","","","","","","","2023-09-05 18:35:17","admin","IMPORT","0","","2026-10-05 09:39:17","Montevideo"
"Montemuiño Despachantes","ACC3019","Montemuiño Despachantes","Montemuiño Despachantes","0","0","","","","mariomontemuino@gmail.com","29150044","0.00000000","","","","","","","","","","admin","0","0","0","0","0","","","","","D. Villar","","","","","","","","","","","2023-09-05 18:35:17","admin","IMPORT","0","","2026-10-05 09:39:18","Montevideo"
"Baker Tilly","ACC3020","Baker Tilly","Baker Tilly","0","0","","","www.bakertilly.uy","silvinam@bakertilly.uy","29170045","0.00000000","99279181","","","","","","","","","admin","0","0","0","0","0","","","","","D. Villar","","","","","","","","","","","2023-09-05 18:35:17","admin","IMPORT","0","","2026-10-05 09:39:18","Montevideo"
"Agencia Maritima Sur","ACC3022","Agencia Maritima Sur","Agencia Maritima Sur","0","0","","","www.amsur.com.uy/#/","lu.arriazu@gmail.com","29170863","0.00000000","94372881","amsur@amsur.com.uy","","","","","","","","admin","0","0","0","0","0","","","","","D. Villar","","","","","","","","","","","2023-09-05 18:35:17","admin","IMPORT","0","","2026-10-05 09:39:19","Montevideo"
"Cryosmetics","ACC3023","Cryosmetics","Cryosmetics","0","0","","","www.cryosmetics.com","vanesa@cryosmetics.com","","0.00000000","91011012","info@cryosmetics.com","","","","","","","","admin","0","0","0","0","0","","","","","D. Villar","","","","","","","","","","","2023-09-05 18:35:17","admin","IMPORT","0","","2026-10-05 09:39:19","Montevideo"
"Cambon & Asociados","ACC3024","Cambon & Asociados","Cambon & Asociados","0","0","","","www.balanzascambon.com","paoalachio@hotmail.com","22003477","0.00000000","91549550","","","","","","","","","admin","0","0","0","0","0","","","","","D. Villar","","","","","","","","","","","2023-09-05 18:35:17","admin","IMPORT","0","","2026-10-05 09:39:19","Montevideo"
"Recyco","ACC3025","Recyco","Recyco","0","0","","","www.recyco.in","cristian.marquez@recyco.in","","0.00000000","","","","","","","","","","admin","0","0","0","0","0","","","","","D. Villar","","","","","","","","","","","2023-09-05 18:35:17","admin","IMPORT","0","","2026-10-05 09:39:20","Montevideo"
"ALFLogística","ACC3028","ALFLogística","ALFLogística","0","0","","","www.alflogistica.com","trade@alflogistica.com","","0.00000000","99171201","","","","","","","","","admin","0","0","0","0","0","","","","","D. Villar","","","","","","","","","","","2023-09-05 18:35:17","admin","IMPORT","0","","2026-10-05 09:39:20","Montevideo"
"Carrasco Lawn Tennis Club","ACC3029","Carrasco Lawn Tennis Club","Carrasco Lawn Tennis Club","0","0","","","","sbrasil@clt.com.uy","","0.00000000","93815743","","","","","","","","","admin","0","0","0","0","0","","","","","D. Villar","","","","","","","","","","","2023-09-05 18:35:17","admin","IMPORT","0","","2026-10-05 09:39:20","Montevideo"
"Búsqueda","ACC3030","Editorial Agora SA","Búsqueda","211224540015","0","","","","igrau@busqueda.com.uy","29021300","0.00000000","29021300","","","","","","","","","admin","0","0","0","0","0","","","","","D. Villar","","","","","","","","","","","2023-09-05 18:35:17","admin","IMPORT","0","","2026-10-05 09:39:21","Montevideo"
"Radio 42","ACC3035","Radio 42","Radio 42","0","0","","","","niloperez@adinet.com.uy","","0.00000000","99342360","","","","","","","","","admin","0","0","0","0","0","","","","","D. Villar","","","","","","","","","","","2023-09-05 18:35:17","admin","IMPORT","0","","2026-10-05 09:39:21","Montevideo"
"AIVA","ACC3038","AIVA TPA Services SA","AIVA","215057400017","0","","Empresas Socias Directas","www.aiva.com/es/contacto/","lbrunasso@aiva.com","25183518","0.00000000","97824626","","","","","","","","","admin","0","0","0","0","0","","215057400017","TS02","BAJ","D. Villar","","","","","","","","","","","2023-09-05 18:35:17","admin","IMPORT","0","","2026-10-05 09:39:22","Montevideo"
"Barbella CB","ACC3039","Barbella CB","Barbella CB","0","0","","","www.barbellacb.com.ar","osvaldo@barbellacb.com.ar","","0.00000000","","","","","","","","","","admin","0","0","0","0","0","","","","","D. Villar","","","","","","","","","","","2023-09-05 18:35:17","admin","IMPORT","0","","2026-10-05 09:39:22","Montevideo"
"Semanario Crónicas","ACC3041","Semanario Crónicas","Semanario Crónicas","0","0","","","","rdelgadolechini@gmail.com","","0.00000000","99487668","","","","","","","","","admin","0","0","0","0","0","","","","","D. Villar","","","","","","","","","","","2023-09-05 18:35:17","admin","IMPORT","0","","2026-10-05 09:39:22","Montevideo"
"Ethernity.live","ACC3047","Ethernity.live","Ethernity.live","0","0","","","www.ethernity.live/","sales@ethernity.live","","0.00000000","92766400","","","","","","","","","admin","0","0","0","0","0","","","","","D. Villar","","","","","","","","","","","2023-09-05 18:35:17","admin","IMPORT","0","","2026-10-05 09:39:23","Montevideo"
"Grupo Tech","ACC3049","Grupo Tech","Grupo Tech","0","0","","","https://webgt.grupo-tech.com/","daniel.nahmod@gmail.com","26282937","0.00000000","99603086","contacto@grupo-tech.com","","","","","","","","admin","0","0","0","0","0","","","","","D. Villar","","","","","","","","","","","2023-09-05 18:35:17","admin","IMPORT","0","","2026-10-05 09:39:23","Montevideo"
"LibreriaAmerica Latina","ACC3058","LibreriaAmerica Latina","LibreriaAmerica Latina","0","0","","","www.libreriaamericalatina.com","javiermunoz@libreriaamericalatina.com","24015127","0.00000000","94478584","","24095536","","","","","","","admin","0","0","0","0","0","","","","","D. Villar","","","","","","","","","","","2023-09-05 18:35:18","admin","IMPORT","0","","2026-10-05 09:39:23","Montevideo"
"MY SUITES BOUTIQUE HOTEL","ACC3061","MY SUITES BOUTIQUE HOTEL","MY SUITES BOUTIQUE HOTEL","0","0","","","","monicarossit@gmail.com","","0.00000000","99631547","","","","","","","","","admin","0","0","0","0","0","","","","","D. Villar","","","","","","","","","","","2023-09-05 18:35:18","admin","IMPORT","0","","2026-10-05 09:39:24","Montevideo"
"Serrana Bioenergía","ACC3062","Serrana Bioenergía","Serrana Bioenergía","0","0","","","","surinox@gmail.com","","0.00000000","94440825","","","","","","","","","admin","0","0","0","0","0","","","","","D. Villar","","","","","","","","","","","2023-09-05 18:35:18","admin","IMPORT","0","","2026-10-05 09:39:24","Montevideo"
"Cercal Group","ACC3063","Cercal Group","Cercal Group","0","0","","","www.cercal.cl","cvelasco@cercalc.l","","0.00000000","","","","","","","","","","admin","0","0","0","0","0","","","","","D. Villar","","","","","","","","","","","2023-09-05 18:35:18","admin","IMPORT","0","","2026-10-05 09:39:25","Montevideo"
"Magenta Innova","ACC3065","Magenta Innova","Magenta Innova","0","0","","","www.magentainnova.com/site/","marcelo.saccone@magentainnova.com","27073963","0.00000000","99051648","info@magentainnova.com","","","","","","","","admin","0","0","0","0","0","","","","","D. Villar","","","","","","","","","","","2023-09-05 18:35:18","admin","IMPORT","0","","2026-10-05 09:39:25","Montevideo"
"Fundación Bensadoun Laurent","ACC3067","Fundación Bensadoun Laurent","Fundación Bensadoun Laurent","0","0","","","www.fundacionbl.org","","29148913","0.00000000","92401255","","29148913","","","","","","","admin","0","0","0","0","0","","","","","D. Villar","","","","","","","","","","","2023-09-05 18:35:18","admin","IMPORT","0","","2026-10-05 09:39:25","Montevideo"
"Helado Vegalatto","ACC3068","Vegalatto","Helado Vegalatto","0","0","","","","alevegalatto@gmail.com","","0.00000000","95068114","","093835529","","","","","","","admin","0","0","0","0","0","","","","","D. Villar","","","","","","","","","","","2023-09-05 18:35:18","admin","IMPORT","0","","2026-10-05 09:39:26","Montevideo"
"AMG Servicios Profesionales","ACC3072","AMG Servicios Profesionales","AMG Servicios Profesionales","0","0","","","www.amg.com.uy","guillermo.moller@amg.com.uy","45329400","0.00000000","99053833","amg@amg.com.uy","","","","","","","","admin","0","0","0","0","0","","","","","D. Villar","","","","","","","","","","","2023-09-05 18:35:18","admin","IMPORT","0","","2026-10-05 09:39:26","Soriano"
"HOTEL DEL FARO - Pta del Este","ACC3073","HOTEL DEL FARO","HOTEL DEL FARO - Pta del Este","0","0","","","","hoteldelfaropuntadeleste@gmail.com","42444992","0.00000000","","","","","","","","","","admin","0","0","0","0","0","","","","","D. Villar","","","","","","","","","","","2023-09-05 18:35:18","admin","IMPORT","0","","2026-10-05 09:39:26","Maldonado"
"Darnel","ACC3076","Darnel  SAS","Darnel","0","0","","","www.darnelgroup.com/es-uy","alorenzo@darnelgroup.com","22883236","0.00000000","94417035","gberruti@darnelgroup.com","95720481","","","","","","","admin","0","0","0","0","0","","","","","D. Villar","","","","","","","","","","","2023-09-05 18:35:18","admin","IMPORT","0","","2026-10-05 09:39:27","Canelones"
"Aeropuerto de Punta del Este","ACC3077","Aeropuerto de Punta del Este","Aeropuerto de Punta del Este","0","0","","","www.aeropuertodepuntadeleste.com.uy","rvitale@puntadeleste.aero","42559777","0.00000000","99673803","","42559197","","","","","","","admin","0","0","0","0","0","","","","","D. Villar","","","","","","","","","","","2023-09-05 18:35:18","admin","IMPORT","0","","2026-10-05 09:39:27","Maldonado"
"AUDER","ACC3079","Asociación Uruguaya de Energías Renovables","AUDER","0","0","","","www.auder.org.uy","marcemula@gmail.com","","0.00000000","92955868","info@auder.org.uy","98607050","","","","","","","admin","0","0","0","0","0","","","","","D. Villar","","","","","","","","","","","2023-09-05 18:35:18","admin","IMPORT","0","","2026-10-05 09:39:27","Montevideo"
"DB Schenker","ACC3080","Relasur SA","DB Schenker","0","0","","","www.ralesur.com.uy","jpqueirolo@ralesur.com.uy","29032662","0.00000000","95444222","","","","","","","","","admin","0","0","0","0","0","","","","","D. Villar","","","","","","","","","","","2023-09-05 18:35:18","admin","IMPORT","0","","2026-10-05 09:39:28","Montevideo"
"Ecofood Meat & Management UY","ACC3081","ECOFOOD MEAT & MANAGEMENT. URUGUAY SRL","Ecofood Meat & Management UY","0","0","","","","frederic@ecofood-uy.com","","0.00000000","96430300","","","","","","","","","admin","0","0","0","0","0","","","","","D. Villar","","","","","","","","","","","2023-09-05 18:35:18","admin","IMPORT","0","","2026-10-05 09:39:28","Montevideo"
"FREEDEVELOPER","ACC3082","FREEDEVELOPER","FREEDEVELOPER","0","0","","","","hhuaytam@gmail.com","","0.00000000","994401082","","","","","","","","","admin","0","0","0","0","0","","","","","D. Villar","","","","","","","","","","","2023-09-05 18:35:18","admin","IMPORT","0","","2026-10-05 09:39:29","Montevideo"
"Hansen Consulting","ACC3083","Hansen Consulting","Hansen Consulting","0","0","","","","alvarohansen@yahoo.com","","0.00000000","99686484","","","","","","","","","admin","0","0","0","0","0","","","","","D. Villar","","","","","","","","","","","2023-09-05 18:35:18","admin","IMPORT","0","","2026-10-05 09:39:29","Montevideo"
"Naturplus","ACC3085","Naturplus SA","Naturplus","217750360019","0","Accounts::::CEGRU","Socios Indirectos","www.naturplus.com.uy","carbajal.lourdes@gmail.com","","0.00000000","97256693","ecodina@naturplus.com.uy","099939734","","","","","","","admin","0","0","0","0","0","","217750360019","","","D. Villar","","","","","","","","","","","2023-09-05 18:35:18","admin","IMPORT","0","","2026-10-05 09:39:29","Florida"
"Air Liquide Uruguay","ACC3088","Air Liquide Uruguay","Air Liquide Uruguay","0","0","","","www.airliquide.com/group/uruguay","apersitz@gmail.com","","0.00000000","97997747","","","","","","","","","admin","0","0","0","0","0","","","","","D. Villar","","","","","","","","","","","2023-09-05 18:35:18","admin","IMPORT","0","","2026-10-05 09:39:30","San José"
"Adapta Ingeniería Ambiental","ACC3089","Adapta Ingeniería Ambiental","Adapta Ingeniería Ambiental","0","0","","","www.adapta.uy","administracion@adapta.uy","24088931","0.00000000","99195970","scastro@adapta.uy","99149873","","","","","","","admin","0","0","0","0","0","","","","","D. Villar","","","","","","","","","","","2023-09-05 18:35:18","admin","IMPORT","0","","2026-10-05 09:39:30","Montevideo"
"Echange Cle","ACC3091","Echange Cle","Echange Cle","0","0","","","www.echange-cle.com.ar/","uruguay@echange-cle.com.ar","","0.00000000","","","","","","","","","","admin","0","0","0","0","0","","","","","D. Villar","","","","","","","","","","","2023-09-05 18:35:18","admin","IMPORT","0","","2026-10-05 09:39:30","Montevideo"
"CENAFO SALUD","ACC3093","CENAFO SALUD","CENAFO SALUD","0","0","","","www.cenafosalud.net","grinovo@hotmail.com","","0.00000000","95414064","","","","","","","","","admin","0","0","0","0","0","","","","","D. Villar","","","","","","","","","","","2023-09-05 18:35:18","admin","IMPORT","0","","2026-10-05 09:39:31","Montevideo"
"Arkenux","ACC3096","Arkenux SA","Arkenux","0","0","","","","iestrada@luzdemar.com.uy","22005759","0.00000000","","","","","","","","","","admin","0","0","0","0","0","","","","","D. Villar","","","","","","","","","","","2023-09-05 18:35:18","admin","IMPORT","0","","2026-10-05 09:39:31","Montevideo"
"Patagonia","ACC3098","Patagonia","Patagonia","0","0","","","","barone.diegojose@gmail.com","","0.00000000","","","","","","","","","","admin","0","0","0","0","0","","","","","D. Villar","","","","","","","","","","","2023-09-05 18:35:18","admin","IMPORT","0","","2026-10-05 09:39:32","Montevideo"
"Grupo Bitafal","ACC3099","Grupo Bitafal","Grupo Bitafal","0","0","","","www.bitafal.com.uy","ignaciokroger@gmail.com","26829090","0.00000000","98400580","bitafal@bitafal.com.uy","","","","","","","","admin","0","0","0","0","0","","","","","D. Villar","","","","","","","","","","","2023-09-05 18:35:18","admin","IMPORT","0","","2026-10-05 09:39:32","Montevideo"
"Latamia Consulting","ACC3100","Latamia Consulting","Latamia Consulting","0","0","","","www.latamiaconsulting.com/","paul.riezler@latamiaconsulting.com","","0.00000000","","","","","","","","","","admin","0","0","0","0","0","","","","","D. Villar","","","","","","","","","","","2023-09-05 18:35:18","admin","IMPORT","0","","2026-10-05 09:39:32","Montevideo"
"Mundo Agrario, Universal 971","ACC3101","Mundo Agrario, Universal 971","Mundo Agrario, Universal 970","0","0","","","","rsmattakaram@gmail.com","","0.00000000","99316345","","","","","","","","","admin","0","0","0","0","0","","","","","D. Villar","","","","","","","","","","","2023-09-05 18:35:18","admin","IMPORT","0","","2026-10-05 09:39:33","Montevideo"
"SSI","ACC3102","SSI","SSI","0","0","","","www.ssi.com.uy","nelsonhbentancorc@gmail.com","26013552","0.00000000","95342050","","","","","","","","","admin","0","0","0","0","0","","","","","D. Villar","","","","","","","","","","","2023-09-05 18:35:18","admin","IMPORT","0","","2026-10-05 09:39:33","Montevideo"
"Yelpo & Facal Abogados","ACC3106","Yelpo & Facal Abogados","Yelpo & Facal Abogados","0","0","","","www.yelpofacal.com/index.php/es/home/","gyelpo@yelpofacal.com","29084665","0.00000000","","","","","","","","","","admin","0","0","0","0","0","","","","","D. Villar","","","","","","","","","","","2023-09-05 18:35:18","admin","IMPORT","0","","2026-10-05 09:39:33","Montevideo"
"MAXIMA SHIPPING","ACC3107","MAXIMA SHIPPING","MAXIMA SHIPPING","0","0","","","www.maximashipping.com","ibarbolso@gmil.com","","0.00000000","99199896","","","","","","","","","admin","0","0","0","0","0","","","","","D. Villar","","","","","","","","","","","2023-09-05 18:35:18","admin","IMPORT","0","","2026-10-05 09:39:34","Montevideo"
"MTA Ingeniería","ACC3108","MTA Ingeniería","MTA Ingeniería","0","0","","","www.mtaingenieria.com","mnunez@mtaingenieria.com","23557992","0.00000000","99608921","mtaingenieria@mtaingenieria.com","","","","","","","","admin","0","0","0","0","0","","","","","D. Villar","","","","","","","","","","","2023-09-05 18:35:18","admin","IMPORT","0","","2026-10-05 09:39:34","Montevideo"
"SERC","ACC3111","SERC","SERC","0","0","","","www.serc.com.uy","jlromero@serc.com.uy","29290305","0.00000000","99223025","info@serc.com.uy","","","","","","","","admin","0","0","0","0","0","","","","","D. Villar","","","","","","","","","","","2023-09-05 18:35:18","admin","IMPORT","0","","2026-10-05 09:39:35","Montevideo"
"Km0 Proyectos Inmobiliarios","ACC3113","Km0 Proyectos Inmobiliarios","Km0 Proyectos Inmobiliarios","0","0","","","www.km0.uy/index.php","francisco@km0.uy","29092782","0.00000000","97339589","administracion@km0.uy","","","","","","","","admin","0","0","0","0","0","","","","","D. Villar","","","","","","","","","","","2023-09-05 18:35:18","admin","IMPORT","0","","2026-10-05 09:39:35","Montevideo"
"RDA Ingeniería","ACC3114","RDA Ingeniería SAS","RDA Ingenieria","217410240017","0","Accounts::::CUSAI","Empresas Socias Directas","www.rdaingenieria.com","apnoya@rdaingenieria.com","27117048","0.00000000","99388295","","","","","","","","","admin","0","0","0","0","0","","217410240017","TS02","VIG","D. Villar","","","","","","","","","Montevideo","Montevideo","2023-09-05 18:35:18","admin","IMPORT","0","","2026-10-05 09:39:35","Montevideo"
"EU Assistance for Dnipro Transport Development","ACC3120","EU Assistance for Dnipro Transport Development","EU Assistance for Dnipro Transport Development","0","0","","","","ms.ramona.lupu@gmail.com","","0.00000000","","","","","","","","","","admin","0","0","0","0","0","","","","","D. Villar","","","","","","","","","","","2023-09-05 18:35:18","admin","IMPORT","0","","2026-10-05 09:39:36","Montevideo"
"Tradex International","ACC3122","Tradex International","Tradex International","0","0","","","www.tradexla.com","enrique.trapp@tradex.com.uy","","0.00000000","99434575","","","","","","","","","admin","0","0","0","0","0","","","","","D. Villar","","","","","","","","","","","2023-09-05 18:35:18","admin","IMPORT","0","","2026-10-05 09:39:36","Montevideo"
"Bluth & Asoc.","ACC3124","BLUTH & ASOCIADOS LTDA","Bluth & Asoc.","217057660015","0","","","","alejandro.bluth@gmail.com","","0.00000000","97496565","","","","","","","","","admin","0","0","0","0","0","","","","","D. Villar","","","","","","","","","","","2023-09-05 18:35:18","admin","IMPORT","0","","2026-10-05 09:39:36","Montevideo"
"Ignacio Ruibal Propiedades","ACC3125","Ignacio Ruibal Propiedades","Ignacio Ruibal Propiedades","0","0","","","www.ignacioruibalpropiedades.com","nachoruibal@gmail.com","44862228","0.00000000","94430224","","","","","","","","","admin","0","0","0","0","0","","","","","D. Villar","","","","","","","","","","","2023-09-05 18:35:18","admin","IMPORT","0","","2026-10-05 09:39:37","Maldonado"
"Renovables del Este","ACC3128","Renovables del Este","Renovables del Este","0","0","","","www.renovablesdeleste.com","luproto@gmail.com","","0.00000000","92654525","","","","","","","","","admin","0","0","0","0","0","","","","","D. Villar","","","","","","","","","","","2023-09-05 18:35:18","admin","IMPORT","0","","2026-10-05 09:39:37","Maldonado"
"Saceem","ACC3130","Saceem","Saceem","0","0","","","ww.saceem.com","saiz.matias@gmail.com","26190658","0.00000000","","","","","","","","","","admin","0","0","0","0","0","","","","","D. Villar","","","","","","","","","","","2023-09-05 18:35:18","admin","IMPORT","0","","2026-10-05 09:39:38","Montevideo"
"Mazars","ACC3140","Mazars","Mazars","0","0","","","www.mazars.com.uy","patriciagcolman@gmail.com","26004155","0.00000000","","","","","","","","","","admin","0","0","0","0","0","","","","","D. Villar","","","","","","","","","","","2023-09-05 18:35:19","admin","IMPORT","0","","2026-10-05 09:39:38","Montevideo"
"Field Intelligence","ACC3142","Field Intelligence","Field Intelligence","0","0","","","www.field-intelligence.com/","santihughes@gmail.com","26024118","0.00000000","95400160","contact@field-intelligence.com","","","","","","","","admin","0","0","0","0","0","","","","","D. Villar","","","","","","","","","","","2023-09-05 18:35:19","admin","IMPORT","0","","2026-10-05 09:39:38","Montevideo"
"Proceedings Int Food Business","ACC3146","Proceedings Int Food Business","Proceedings Int Food Business","0","0","","","","adolfofolle@gmail.com","","0.00000000","99076406","","","","","","","","","admin","0","0","0","0","0","","","","","D. Villar","","","","","","","","","","","2023-09-05 18:35:19","admin","IMPORT","0","","2026-10-05 09:39:39","Montevideo"
"Active Travel","ACC3150","Active Travel","Active Travel","0","0","","","www.activetravel.uy","gonzalo.pere@activetravel.com.uy","29159879","0.00000000","99613621","info@activetravel.com.uy","","","","","","","","admin","0","0","0","0","0","","","","","D. Villar","","","","","","","","","","","2023-09-05 18:35:19","admin","IMPORT","0","","2026-10-05 09:39:39","Montevideo"
"Ibis Styles Montevideo","ACC3151","Ibis Styles Montevideo","Ibis Styles Montevideo","0","0","","","www.all.accor.com/hotel/9712/index.es.shtml","marcelo.fernandez@accor.com","","0.00000000","95740746","","","","","","","","","admin","0","0","0","0","0","","","","","D. Villar","","","","","","","","","","","2023-09-05 18:35:19","admin","IMPORT","0","","2026-10-05 09:39:39","Montevideo"
"Sofitel","ACC3152","Sofitel","Sofitel","0","0","","","","luciano.fontana@sofitel.com","","0.00000000","92251028","","","","","","","","","admin","0","0","0","0","0","","","","","D. Villar","","","","","","","","","","","2023-09-05 18:35:19","admin","IMPORT","0","","2026-10-05 09:39:40","Montevideo"
"La regional del cuero","ACC3155","La regional del cuero","La regional del cuero","0","0","","","","fiorella.sellanes@gmail.com","","0.00000000","99584196","","","","","","","","","admin","0","0","0","0","0","","","","","D. Villar","","","","","","","","","","","2023-09-05 18:35:19","admin","IMPORT","0","","2026-10-05 09:39:40","Paysandú"
"Sysops uruguay","ACC3157","Sysops uruguay","Sysops uruguay","0","0","","","www.sysops.uy","maxi@sysops.uy","26142028","0.00000000","98120109","hola@sysops.uy","","","","","","","","admin","0","0","0","0","0","","","","","D. Villar","","","","","","","","","","","2023-09-05 18:35:19","admin","IMPORT","0","","2026-10-05 09:39:40","Montevideo"
"Exat Consulting","ACC3161","Exat Consulting","Exat Consulting","0","0","","","www.exat.com.uy","nicolas.damboriarena@exat.com.uy","26221712","0.00000000","95838926","","","","","","","","","admin","0","0","0","0","0","","","","","D. Villar","","","","","","","","","","","2023-09-05 18:35:19","admin","IMPORT","0","","2026-10-05 09:39:41","Montevideo"
"Red UTS","ACC3164","Red UTS","Red UTS","0","0","","","","julio@reduts.com","","0.00000000","99690202","","","","","","","","","admin","0","0","0","0","0","","","","","D. Villar","","","","","","","","","","","2023-09-05 18:35:19","admin","IMPORT","0","","2026-10-05 09:39:41","Montevideo"
"Grupo Ras","ACC3166","Grupo Ras","Grupo Ras","0","0","","","","fdebitonto@gruporas.com","29244525","0.00000000","","","","","","","","","","admin","0","0","0","0","0","","","","","D. Villar","","","","","","","","","","","2023-09-05 18:35:19","admin","IMPORT","0","","2026-10-05 09:39:41","Montevideo"
"Fadox","ACC3168","Fadox","Fadox","0","0","","","www.fadoxnet.com","psoria.ps@gmail.com","26840284","0.00000000","9353207","","","","","","","","","admin","0","0","0","0","0","","","","","D. Villar","","","","","","","","","","","2023-09-05 18:35:19","admin","IMPORT","0","","2026-10-05 09:39:42","Montevideo"
"Corporación Prácticos del Río  de la Plata","ACC3169","Corporación Prácticos de Rio","Corporación Prácticos de Rio","0","0","","","www.rioprac.com.uy","sgorriaran@rioprac.uy","29171466","0.00000000","99621294","","","","","","","","","admin","0","0","0","0","0","","","","","D. Villar","","","","","","","","","","","2023-09-05 18:35:19","admin","IMPORT","0","","2026-10-05 09:39:42","Montevideo"
"CPE Business Development","ACC3170","CPE Business Development","CPE Business Development","0","0","","","www.cpe.com.uy","garancib@netgate.com.uy","26228053","0.00000000","94426954","","","","","","","","","admin","0","0","0","0","0","","","","","D. Villar","","","","","","","","","","","2023-09-05 18:35:19","admin","IMPORT","0","","2026-10-05 09:39:43","Montevideo"
"Radio Carve","ACC3171","Radio Carve","Radio Carve","0","0","","","","carlosfleurquin@elclub.uy","","0.00000000","95115004","","","","","","","","","admin","0","0","0","0","0","","","","","D. Villar","","","","","","","","","","","2023-09-05 18:35:19","admin","IMPORT","0","","2026-10-05 09:39:43","Montevideo"
"El revoltijo","ACC3175","El revoltijo","El revoltijo","0","0","","","www.elrevoltijo.com.uy","marceloargenzio@gmail.com","","0.00000000","98164034","","","","","","","","","admin","0","0","0","0","0","","","","","D. Villar","","","","","","","","","","","2023-09-05 18:35:19","admin","IMPORT","0","","2026-10-05 09:39:43","Salto"
"Sanico","ACC3177","Sanico","Sanico","0","0","","","www.sanico.com.uy","jviana@sanico.com.uu","","0.00000000","95681987","","","","","","","","","admin","0","0","0","0","0","","","","","D. Villar","","","","","","","","","","","2023-09-05 18:35:19","admin","IMPORT","0","","2026-10-05 09:39:44","Rocha"
"Sancor seguros","ACC3180","Sancor Seguros SA","Sancor seguros","215249410010","0","","Empresas Socias Directas","","efschoepf@gmail.com","","0.00000000","93783127","","","","","Intermediación Financiera- Seguros- inversión","","","","admin","0","0","0","0","0","","215249410010","TS02","BAJ","D. Villar","","","","","","","","","Montevideo","Montevideo","2023-09-05 18:35:19","admin","IMPORT","0","","2026-10-05 09:39:44","Montevideo"
"Nares group","ACC3181","Nares group","Nares group","0","0","","","www.naresgroup.com","jcpoletti@naresgroup.com","27111965","0.00000000","94206782","","","","","","","","","admin","0","0","0","0","0","","","","","D. Villar","","","","","","","","","","","2023-09-05 18:35:19","admin","IMPORT","0","","2026-10-05 09:39:45","Montevideo"
"HSBC","ACC3182","HSBC","HSBC","0","0","","","","carlos.sacconedeambrosis@hsbc.com.uy","29151010","0.00000000","","","","","","","","","","admin","0","0","0","0","0","","","","","D. Villar","","","","","","","","","","","2023-09-05 18:35:19","admin","IMPORT","0","","2026-10-05 09:39:45","Montevideo"
"Paulo Couto Advogados","ACC3188","Paulo Couto Advogados","Paulo Couto Advogados","0","0","","","","paulo.couto@adv.oabsp.org.br","","0.00000000","99516314","","","","","","","","","admin","0","0","0","0","0","","","","","D. Villar","","","","","","","","","","","2023-09-05 18:35:19","admin","IMPORT","0","","2026-10-05 09:39:45","Maldonado"
"La Cite Real Estate","ACC3190","La Cite Real Estate","La Cite Real Estate","0","0","","","www.lacite.com.uy","charles@lacite.com.uy","26237882","0.00000000","94415754","","","","","","","","","admin","0","0","0","0","0","","","","","D. Villar","","","","","","","","","","","2023-09-05 18:35:19","admin","IMPORT","0","","2026-10-05 09:39:46","Maldonado"
"Mercado Ferrando","ACC3192","Mercado Ferrando","Mercado Ferrando","0","0","","","www.mercadoferrando.com/","maxime.degroote@gmail.com","","0.00000000","98657128","","","","","","","","","admin","0","0","0","0","0","","","","","D. Villar","","","","","","","","","","","2023-09-05 18:35:19","admin","IMPORT","0","","2026-10-05 09:39:46","Montevideo"
"Agencia Uruguaya de Cooperación Internacional","ACC3195","Agencia Uruguaya de Cooperación Internacional","Agencia Uruguaya de Cooperación Internacional","0","0","","","","vesuarez@auci.gub.uy","","0.00000000","99128967","","","","","","","","","admin","0","0","0","0","0","","","","","D. Villar","","","","","","","","","","","2023-09-05 18:35:19","admin","IMPORT","0","","2026-10-05 09:39:46","Montevideo"
"Enkel Group","ACC3198","Enkel Group","Enkel Group","0","0","","","www.enkelgroup.com","matias@enkelgroup.com","42483201","0.00000000","97491494","info@enkelgroup.com","","","","","","","","admin","0","0","0","0","0","","","","","D. Villar","","","","","","","","","","","2023-09-05 18:35:19","admin","IMPORT","0","","2026-10-05 09:39:47","Maldonado"
"Álvarez Seguros","ACC3200","Álvarez Seguros","Álvarez Seguros","0","0","","","www.alvarezseguros.com.uy","pabloalvarezpino@gmail.com","23477341","0.00000000","99146941","","","","","","","","","admin","0","0","0","0","0","","","","","D. Villar","","","","","","","","","","","2023-09-05 18:35:19","admin","IMPORT","0","","2026-10-05 09:39:47","San José"
"Andariega Hemp Coop","ACC3202","Andariega Hemp Coop","Andariega Hemp Coop","0","0","","","","andariegahemp@gmail.com","","0.00000000","97992842","","","","","","","","","admin","0","0","0","0","0","","","","","D. Villar","","","","","","","","","","","2023-09-05 18:35:19","admin","IMPORT","0","","2026-10-05 09:39:48","Montevideo"
"Naturel jugos","ACC3210","Naturel jugos","Naturel jugos","0","0","","","","natureljugos@gmail.com","","0.00000000","99548063","naturel.contabilidad@gmail.com","98609379","","","","","","","admin","0","0","0","0","0","","","","","D. Villar","","","","","","","","","","","2023-09-05 18:35:19","admin","IMPORT","0","","2026-10-05 09:39:48","Salto"
"Russell Bedford Uruguay","ACC3212","Russell Bedford Uruguay","Russell Bedford Uruguay","0","0","","","","bfoggiato@rb.uy","","0.00000000","99294087","","","","","","","","","admin","0","0","0","0","0","","","","","D. Villar","","","","","","","","","","","2023-09-05 18:35:19","admin","IMPORT","0","","2026-10-05 09:39:48","Montevideo"
"Alto Panorama Inversiones LIC","ACC3213","Alto Panorama Inversiones LIC","Alto Panorama Inversiones LIC","0","0","","","www.altopanorama.com","contacto@altopanorama.com","26053665","0.00000000","99281580","mstifano@altopanorama.com","98411381","","","","","","","admin","0","0","0","0","0","","","","","D. Villar","","","","","","","","","Montevideo","","2023-09-05 18:35:19","admin","IMPORT","0","","2026-10-05 09:39:49","Montevideo"
"Easy Trade Group","ACC3214","Easy Trade Group","Easy Trade Group","0","0","","","www.easytradegroup.com/","jmaltamirano@gmail.com","","0.00000000","","","","","","","","","","admin","0","0","0","0","0","","","","","D. Villar","","","","","","","","","","","2023-09-05 18:35:19","admin","IMPORT","0","","2026-10-05 09:39:49","Montevideo"
"Efecto Innovacion","ACC3215","Efecto Innovacion","Efecto Innovacion","0","0","","","www.efectoinnovacion.com","carolinab@efectoinnovacion.com","","0.00000000","94927778","","","","","","","","","admin","0","0","0","0","0","","","","","D. Villar","","","","","","","","","","","2023-09-05 18:35:19","admin","IMPORT","0","","2026-10-05 09:39:49","Montevideo"
"ROU Plast","ACC3216","ROU Plast","ROU Plast","0","0","","","www.rouplastplastificantes.quora.com/","alfredosordi@gmail.com","","0.00000000","95714777","","","","","","","","","admin","0","0","0","0","0","","","","","D. Villar","","","","","","","","","","","2023-09-05 18:35:19","admin","IMPORT","0","","2026-10-05 09:39:50","Maldonado"
"Perusia lex","ACC3217","Perusia lex","Perusia lex","0","0","","","","lorenoz.baciucco@gmail.com","","0.00000000","","","","","","","","","","admin","0","0","0","0","0","","","","","D. Villar","","","","","","","","","","","2023-09-05 18:35:19","admin","IMPORT","0","","2026-10-05 09:39:50","Montevideo"
"LDA Consultores","ACC3218","LDA Consultores","LDA Consultores","0","0","","","www.ldaconsultores.com","vdeangeli@ldaconsultores.com","","0.00000000","99647293","","099290531","","","","","","","admin","0","0","0","0","0","","","","","D. Villar","","","","","","","","","","","2023-09-05 18:35:19","admin","IMPORT","0","","2026-10-05 09:39:51","Canelones"
"Cinur Servicios Audiovisuale","ACC3219","Cinur Servicios Audiovisuale","Cinur Servicios Audiovisuale","0","0","","","www.cinur.uy","leigaidos@cinur.com.uy","24804500","0.00000000","94451370","cinur@cinur.com.uy","","","","","","","","admin","0","0","0","0","0","","","","","D. Villar","","","","","","","","","","","2023-09-05 18:35:20","admin","IMPORT","0","","2026-10-05 09:39:51","Montevideo"
"Bidegaray & Asociados","ACC3220","Bidegaray & Asociados","Bidegaray & Asociados","0","0","","","www.bidegaray.com","federico@bidegaray.com","","0.00000000","98609365","contacto@bidegaray.com","","","","","","","","admin","0","0","0","0","0","","","","","D. Villar","","","","","","","","","","","2023-09-05 18:35:20","admin","IMPORT","0","","2026-10-05 09:39:51","Montevideo"
"CENAFOSalud","ACC3221","CENAFOSalud","CENAFOSalud","0","0","","","www.cenafosalud.net","cenafosalud@gmail.com","29092767","0.00000000","95309402","","094860212","","","","","","","admin","0","0","0","0","0","","","","","D. Villar","","","","","","","","","","","2023-09-05 18:35:20","admin","IMPORT","0","","2026-10-05 09:39:52","Montevideo"
"Bagnbelt Trading","ACC3223","Bagnbelt Trading","Bagnbelt Trading","0","0","","","www.bagnbelt.com","agustinatemperan@gmail.com","","0.00000000","99362321","","99483563","","","","","","","admin","0","0","0","0","0","","","","","D. Villar","","","","","","","","","","","2023-09-05 18:35:20","admin","IMPORT","0","","2026-10-05 09:39:52","Montevideo"
"AON Agronline","ACC3224","AON Agronline","AON Agronline","0","0","","","www.agronline.uy","nicoroselli87@gmail.com","","0.00000000","99545599","info@agronline.com.uy","","","","","","","","admin","0","0","0","0","0","","","","","D. Villar","","","","","","","","","","","2023-09-05 18:35:20","admin","IMPORT","0","","2026-10-05 09:39:52","Montevideo"
"Ulban","ACC3228","Ulban SA","Ulban","214767530015","0","","","","franco150600@gmail.com","","0.00000000","98040696","","","","","","","","","admin","0","0","0","0","0","","","","","D. Villar","","","","","","","","","","","2023-09-05 18:35:20","admin","IMPORT","0","","2026-10-05 09:39:53","Tacuarembó"
"MS Producciones y Bienes Raices","ACC3229","MS Producciones y Bienes Raices","MS Producciones y Bienes Raices","0","0","","","","marianasagasti@gmail.com","","0.00000000","92555001","","","","","","","","","admin","0","0","0","0","0","","","","","D. Villar","","","","","","","","","","","2023-09-05 18:35:20","admin","IMPORT","0","","2026-10-05 09:39:53","Maldonado"
"Libertas","ACC3230","Libertas","Libertas","0","0","","","www.libertas.uy","santiagodppf@gmail.com","","0.00000000","99683381","","","","","","","","","admin","0","0","0","0","0","","","","","D. Villar","","","","","","","","","","","2023-09-05 18:35:20","admin","IMPORT","0","","2026-10-05 09:39:54","Montevideo"
"Ñacurutú Leathers","ACC3231","Ñacurutú Leathers","Ñacurutú Leathers","0","0","","","","andycam81@hotmail.com","","0.00000000","91384595","","","","","","","","","admin","0","0","0","0","0","","","","","D. Villar","","","","","","","","","","","2023-09-05 18:35:20","admin","IMPORT","0","","2026-10-05 09:39:54","Rivera"
"Binôme Vignobles","ACC3236","Binôme Vignobles","Binôme Vignobles","0","0","","","","jjefron@wanadoo.fr","","0.00000000","98281330","","","","","","","","","admin","0","0","0","0","0","","","","","D. Villar","","","","","","","","","","","2023-09-05 18:35:20","admin","IMPORT","0","","2026-10-05 09:39:54","Maldonado"
"Bungalows del Piemonte Los Lucianos","ACC3237","Bungalows del Piemonte Los Lucianos","Bungalows del Piemonte Los Lucianos","0","0","","","","reservaspiemonte@gmail.com","","0.00000000","99871570","","","","","","","","","admin","0","0","0","0","0","","","","","D. Villar","","","","","","","","","","","2023-09-05 18:35:20","admin","IMPORT","0","","2026-10-05 09:39:55","Rocha"
"The Economist","ACC3238","The Economist","The Economist","0","0","","","","davidsmith.un@gmail.com","","0.00000000","","","","","","","","","","admin","0","0","0","0","0","","","","","D. Villar","","","","","","","","","","","2023-09-05 18:35:20","admin","IMPORT","0","","2026-10-05 09:39:55","Montevideo"
"Porta ergo","ACC3242","Porta ergo","Porta ergo","0","0","","","www.cocoons.uy","hola@portaergo.com.uy","","0.00000000","91292345","","","","","","","","","admin","0","0","0","0","0","","","","","D. Villar","","","","","","","","","","","2023-09-05 18:35:20","admin","IMPORT","0","","2026-10-05 09:39:55","San José"
"LQA Funds","ACC3243","LQA Funds","LQA Funds","0","0","","","","gstorch@lqafunds.com","","0.00000000","91366544","","","","","","","","","admin","0","0","0","0","0","","","","","D. Villar","","","","","","","","","","","2023-09-05 18:35:20","admin","IMPORT","0","","2026-10-05 09:39:56","Montevideo"
"Chicurel Consultoría y Auditoria","ACC3244","Chicurel Consultoría y Auditoria","Chicurel Consultoría y Auditoria","0","0","","","www.chicurel.com","nelson@chicurel.com","29170809","0.00000000","99409372","","","","","","","","","admin","0","0","0","0","0","","","","","D. Villar","","","","","","","","","","","2023-09-05 18:35:20","admin","IMPORT","0","","2026-10-05 09:39:56","Montevideo"
"Gnd Sul","ACC3245","Gnd Sul","Gnd Sul","0","0","","","","marina.alves@gnd-br.com","","0.00000000","53991172813","antonio.jorge@gnd-br.com","99389100","","","","","","","admin","0","0","0","0","0","","","","","D. Villar","","","","","","","","","","","2023-09-05 18:35:20","admin","IMPORT","0","","2026-10-05 09:39:56","Montevideo"
"Lang Music Group","ACC3247","Lang Music Group","Lang Music Group","0","0","","","","nicolaslangwagen@hotmail.com","","0.00000000","99670803","federico@langmusicgroup.com","99108787","","","","","","","admin","0","0","0","0","0","","","","","D. Villar","","","","","","","","","","","2023-09-05 18:35:20","admin","IMPORT","0","","2026-10-05 09:39:57","Montevideo"
"Malu Kids","ACC3253","Malu Kids","Malu Kids","0","0","","","www.tiendamalukids.com","maluortiztonna@hotmail.com.ar","","0.00000000","98100021","","","","","","","","","admin","0","0","0","0","0","","","","","D. Villar","","","","","","","","","","","2023-09-05 18:36:11","admin","IMPORT","0","","2026-10-05 09:39:57","Artigas"
"Rice Life","ACC3254","Rice Life","Rice Life","0","0","","","","antoniolemos1972@gmail.com","","0.00000000","99452106","","","","","","","","","admin","0","0","0","0","0","","","","","D. Villar","","","","","","","","","","","2023-09-05 18:36:11","admin","IMPORT","0","","2026-10-05 09:39:58","Artigas"
"Bellezas de Artigas","ACC3255","Bellezas de Artigas","Bellezas de Artigas","0","0","","","","santanaalejandra138@gmail.com","","0.00000000","91499462","eral@adinet.com.uy","92306093","","","","","","","admin","0","0","0","0","0","","","","","D. Villar","","","","","","","","","","","2023-09-05 18:36:11","admin","IMPORT","0","","2026-10-05 09:39:58","Artigas"
"La popular","ACC3257","La popular","La popular","217089240011","0","","","lapopular.uy","magimenezviera@hotmail.com","","0.00000000","99895715","tinaosorio70@gmail.com","99469482","","","","","","","admin","0","0","0","0","1","Exsocio","","","",".","","","","","","","","","","","2023-09-05 18:36:11","vpopovich@cncs.com.uy","IMPORT","0","","2026-10-05 09:39:58","Paysandú"
"Otto Fernandez","ACC3260","Otto Fernandez","Otto Fernandez","0","0","","","www.ottofernandez.com.uy","florenciaf@ottofernandez.com.uy","47722818","0.00000000","99772000","","099773057","","","","","","","admin","0","0","0","0","0","","","","","D. Villar","","","","","","","","","","","2023-09-05 18:36:11","admin","IMPORT","0","","2026-10-05 09:39:59","Artigas"
"AGROTOTAL ARTIGAS","ACC3264","AGROTOTAL ARTIGAS SRL","AGROTOTAL ARTIGAS","10221940011","0","","","","rodosa26@hotmail.com","","0.00000000","99773115","","","","","","","","","admin","0","0","0","0","0","","","","","D. Villar","","","","","","","","","","","2023-09-05 18:36:11","admin","IMPORT","0","","2026-10-05 09:39:59","Artigas"
"Heladería Sudanfer","ACC3266","Sudanfer","Heladería Sudanfer","0","0","","","","marcemade@hotmail.com","","0.00000000","99770808","","","","","","","","","admin","0","0","0","0","0","","","","","D. Villar","","","","","","","","","","","2023-09-05 18:36:11","admin","IMPORT","0","","2026-10-05 09:40:00","Artigas"
"Apiario Candela","ACC3271","Apiario Candela","Apiario Candela","0","0","","","","apiariocandela@gmail.com","","0.00000000","97051128","","","","","","","","","admin","0","0","0","0","0","","","","","D. Villar","","","","","","","","","","","2023-09-05 18:36:11","admin","IMPORT","0","","2026-10-05 09:40:00","Artigas"
"Té & Tisanas - Bela Blends","ACC3276","Bela Blends","Té & Tisanas - Bela Blends","0","0","","","","paolansalas23@gmail.com","","0.00000000","98418317","","","","","","","","","admin","0","0","0","0","0","","","","","D. Villar","","","","","","","","","","","2023-09-05 18:36:11","admin","IMPORT","0","","2026-10-05 09:40:00","Durazno"
"Estancia Turística El Silencio","ACC3277","Estancia Turística El Silencio","Estancia Turística El Silencio","0","0","","","","estanciaesilencio@gmail.com","","0.00000000","99994766","","","","","Hoteles Restaurantes- Bares - Entretenimiento","","","","admin","0","0","0","0","0","","","","","D. Villar","","","","","","","","","","","2023-09-05 18:36:11","admin","IMPORT","0","","2026-10-05 09:40:01","Durazno"
"Q-Soluciones","ACC3280","Q-FRAP SRL","Q-Soluciones","0","0","","","www.q-soluciones.com","fabian.padula@gmail.com","43625717","0.00000000","99360861","info@q-soluciones.com","99635844","","","","","","","admin","0","0","0","0","0","","","","","D. Villar","","","","","","","","","","","2023-09-05 18:36:11","admin","IMPORT","0","","2026-10-05 09:40:01","Durazno"
"Mitaí- Confecciones Infantiles y afines","ACC3283","Mitaí- Confecciones Infantiles y afines","Mitaí- Confecciones Infantiles y afines","0","0","","","www.mitaistore.com","cruizdiazcamejo@hotmail.com","","0.00000000","98485162","hola@mitaistore.com","98605005","","","","","","","admin","0","0","0","0","0","","","","","D. Villar","","","","","","","","","","","2023-09-05 18:36:11","admin","IMPORT","0","","2026-10-05 09:40:02","Paysandú"
"Yptus. Bags & Luggage","ACC3285","Yptus. Bags & Luggage","Yptus. Bags & Luggage","0","0","","","","yptus.andrea@gmail.com","","0.00000000","99748030","","","","","","","","","admin","0","0","0","0","0","","","","","D. Villar","","","","","","","","","","","2023-09-05 18:36:11","admin","IMPORT","0","","2026-10-05 09:40:03","Paysandú"
"Sylvitek servicios forestales","ACC3290","Sylvitek servicios forestales","Sylvitek servicios forestales","0","0","","","","pablo.santini.consult@gmail.com","","0.00000000","99724811","","","","","","","","","admin","0","0","0","0","0","","","","","D. Villar","","","","","","","","","","","2023-09-05 18:36:11","admin","IMPORT","0","","2026-10-05 09:40:03","Paysandú"
"Pontevedra Alimentos","ACC3293","Pontevedra Alimentos","Pontevedra Alimentos","0","0","","","www.pontevedra.com.uy","alejandro.sarlo@gmail.com","47224385","0.00000000","97387640","","47229390","","","","","","","admin","0","0","0","0","0","","","","","D. Villar","","","","","","","","","","","2023-09-05 18:36:11","admin","IMPORT","0","","2026-10-05 09:40:04","Paysandú"
"Fibradan - Industria Textil","ACC3295","Fibradan - Industria Textil","Fibradan - Industria Textil","0","0","","","www.fibradan.com","fibradan2016@gmail.com","","0.00000000","99472538","contacto@fibradan.com","","","","","","","","admin","0","0","0","0","0","","","","","D. Villar","","","","","","","","","","","2023-09-05 18:36:11","admin","IMPORT","0","","2026-10-05 09:40:04","Paysandú"
"Excellentia","ACC3297","Excellentia","Excellentia","0","0","","","www.excellentia-ic.com.uy","info@excellentia-ic.com.uy","24874342","0.00000000","99983373","","","","","Servicios de Enseñanza","","","","admin","0","0","0","0","0","","","","","D. Villar","","","","","","","","","","","2023-09-05 18:36:11","admin","IMPORT","0","","2026-10-05 09:40:05","Paysandú"
"Estudio González & Martínez","ACC3301","Estudio González & Martínez","Estudio González & Martínez","0","0","","","","victorgonzalez@vera.com.uy","","0.00000000","92000380","","","","","","","","","admin","0","0","0","0","0","","","","","D. Villar","","","","","","","","","","","2023-09-05 18:36:11","admin","IMPORT","0","","2026-10-05 09:40:06","Rivera"
"Chuy Digital/ RAD","ACC3302","Chuy Digital/ RAD","Chuy Digital/ RAD","0","0","","","www.chuydigital.uy","info@chuydigital.uy","","0.00000000","97461766","","","","","","","","","admin","0","0","0","0","0","","","","","D. Villar","","","","","","","","","","","2023-09-05 18:36:11","admin","IMPORT","0","","2026-10-05 09:40:06","Rivera"
"Pizzeria Donde Tito","ACC3305","Pizzeria Donde Tito","Pizzeria Donde Tito","0","0","","","","jhannyg91@gmail.com","","0.00000000","94666357","","","","","","","","","admin","0","0","0","0","0","","","","","D. Villar","","","","","","","","","","","2023-09-05 18:36:11","admin","IMPORT","0","","2026-10-05 09:40:07","Rivera"
"Aserradero Nortimber","ACC3309","Aserradero Nortimber","Aserradero Nortimber","0","0","","","","joacocasanovas.l@gmail.com","","0.00000000","97822200","","","","","","","","","admin","0","0","0","0","0","","","","","D. Villar","","","","","","","","","","","2023-09-05 18:36:12","admin","IMPORT","0","","2026-10-05 09:40:07","Rivera"
"Minervine hnos","ACC3320","Minervine hnos","Minervine hnos","0","0","","","","atilio.minervine@gmail.com","","0.00000000","99733015","","","","","","","","","admin","0","0","0","0","0","","","","","D. Villar","","","","","","","","","","","2023-09-05 18:36:12","admin","IMPORT","0","","2026-10-05 09:40:07","Salto"
"Dulce de Leche Tuku tuku","ACC3321","Tuku tuku","Dulce de Leche Tuku tuku","0","0","","","","ftuberoso@gmail.com","","0.00000000","99790166","","","","","","","","","admin","0","0","0","0","0","","","","","D. Villar","","","","","","","","","","","2023-09-05 18:36:12","admin","IMPORT","0","","2026-10-05 09:40:08","Salto"
"Estudio Juridico Quintans & asoc","ACC3323","Estudio Juridico Quintans & asoc","Estudio Juridico Quintans & asoc","0","0","","","","abogadofabianquintana@hotmail.com","","0.00000000","","","","","","","","","","admin","0","0","0","0","0","","","","","D. Villar","","","","","","","","","","","2023-09-05 18:36:12","admin","IMPORT","0","","2026-10-05 09:40:08","Salto"
"CTM Salto Grande","ACC3326","CTM Salto Grande","CTM Salto Grande","0","0","","","www.saltogrande.org","chmblanc@hotmail.com","","0.00000000","98881631","","","","","Sector Público","","","","admin","0","0","0","0","0","","","","","D. Villar","","","","","","","","","","","2023-09-05 18:36:12","admin","IMPORT","0","","2026-10-05 09:40:09","Salto"
"Matrera","ACC3328","Matrera","Matrera","0","0","","","","alissilva07@hotmail.com","","0.00000000","98347805","marisilva1@gmail.com","99247862","","","","","","","admin","0","0","0","0","0","","","","","D. Villar","","","","","","","","","","","2023-09-05 18:36:12","admin","IMPORT","0","","2026-10-05 09:40:09","Salto"
"Importo Fácil","ACC3331","Importo Fácil","Importo Fácil","0","0","","","www.importofacil.com.uy","martin@importofacil.com.uy","4735 2425","0.00000000","97338900","","","","","","","","","admin","0","0","0","0","0","","","","","D. Villar","","","","","","","","","","","2023-09-05 18:36:12","admin","IMPORT","0","","2026-10-05 09:40:09","Salto"
"Nerea Clínica Estética","ACC3333","Nerea Clínica Estética","Nerea Clínica Estética","0","0","","","","nadiagalarraga4@gmail.com","","0.00000000","98445416","","","","","","","","","admin","0","0","0","0","0","","","","","D. Villar","","","","","","","","","","","2023-09-05 18:36:12","admin","IMPORT","0","","2026-10-05 09:40:10","Tacuarembó"
"Miel El Valle","ACC3335","Miel El Valle","Miel El Valle","0","0","","","","juanmiel@adinet.com.uy","","0.00000000","98595637","","","","","","","","","admin","0","0","0","0","0","","","","","D. Villar","","","","","","","","","","","2023-09-05 18:36:12","admin","IMPORT","0","","2026-10-05 09:40:10","Tacuarembó"
"Japteamwork","ACC3340","Japteamwork","Japteamwork","0","0","","","","leisangon08@hotmail.com","","0.00000000","95939145","","","","","","","","","admin","0","0","0","0","0","","","","","D. Villar","","","","","","","","","","","2023-09-05 18:36:12","admin","IMPORT","0","","2026-10-05 09:40:10","Tacuarembó"
"Junta Departamental de Tacuarembó","ACC3341","Junta Departamental de Tacuarembó","Junta Departamental de Tacuarembó","0","0","","","","zullyformoso@yahoo.com.ar","","0.00000000","99833686","","","","","Sector Público","","","","admin","0","0","0","0","0","","","","","D. Villar","","","","","","","","","","","2023-09-05 18:36:12","admin","IMPORT","0","","2026-10-05 09:40:11","Tacuarembó"
"Ecobriquet","ACC3342","Ecobriquet","Ecobriquet","0","0","","","","ecobriquet@gmail.com","","0.00000000","92900211","","","","","","","","","admin","0","0","0","0","0","","","","","D. Villar","","","","","","","","","","","2023-09-05 18:36:12","admin","IMPORT","0","","2026-10-05 09:40:11","Tacuarembó"
"Polo Educativo Tecnológico Tacuarembó","ACC3345","Polo Educativo Tecnológico Tacuarembó","Polo Educativo Tecnológico Tacuarembó","0","0","","","","marcos52508474@gmil.com","","0.00000000","92114456","","","","","","","","","admin","0","0","0","0","0","","","","","D. Villar","","","","","","","","","","","2023-09-05 18:36:12","admin","IMPORT","0","","2026-10-05 09:40:12","Tacuarembó"
"Escuela Técnica Superior Tacuarembó","ACC3347","Escuela Técnica Superior Tacuarembó","Escuela Técnica Superior Tacuarembó","0","0","","","","juanpintos2335@gmail.com","","0.00000000","98555980","","","","","","","","","admin","0","0","0","0","0","","","","","D. Villar","","","","","","","","","","","2023-09-05 18:36:12","admin","IMPORT","0","","2026-10-05 09:40:12","Tacuarembó"
"Apiario ""Los Rodríguez""","ACC3352","Apiario ""Los Rodríguez""","Apiario ""Los Rodríguez""","0","0","","","","santiago.rodriguez.helguera@gmail.com","","0.00000000","99576681","","","","","","","","","admin","0","0","0","0","0","","","","","D. Villar","","","","","","","","","","","2023-09-05 18:36:12","admin","IMPORT","0","","2026-10-05 09:40:12","Tacuarembó"
"GRUPO MARFURH SRL","ACC3354","GRUPO MARFURH SRL","GRUPO MARFURH SRL","0","0","","","","neberdls@gmail.com","","0.00000000","97461390","","","","","","","","","admin","0","0","0","0","0","","","","","D. Villar","","","","","","","","","","","2023-09-05 18:36:12","admin","IMPORT","0","","2026-10-05 09:40:13","Tacuarembó"
"Agencia de Desarrollo de Cerró Largo","ACC3359","Agencia de Desarrollo de Cerró Largo","Agencia de Desarrollo de Cerró Largo","0","0","","","","mouramarcela71@gmail.com","","0.00000000","99975099","","","","","","","","","admin","0","0","0","0","0","","","","","D. Villar","","","","","","","","","","","2023-09-05 18:36:12","admin","IMPORT","0","","2026-10-05 09:40:13","Cerro Largo"
"Ana Sofia Pedrozo Viajes","ACC3360","Ana Sofia Pedrozo Viajes","Ana Sofia Pedrozo Viajes","0","0","","","www.anasofiapedrozo.com/web/","cecilia@anasofiapedrozo.com","","0.00000000","99331428","","","","","","","","","admin","0","0","0","0","0","","","","","D. Villar","","","","","","","","","","","2023-09-05 18:36:12","admin","IMPORT","0","","2026-10-05 09:40:13","Cerro Largo"
"Alfajores Guenoa","ACC3363","Alfajores Guenoa","Alfajores Guenoa","0","0","","","","arturo.ashfield@gmail.com","","0.00000000","91642229","","","","","","","","","admin","0","0","0","0","0","","","","","D. Villar","","","","","","","","","","","2023-09-05 18:36:12","admin","IMPORT","0","","2026-10-05 09:40:14","Cerro Largo"
"SOCIEDAD DE AVICULTORES DE CERRO LARGO","ACC3364","SOCIEDAD DE AVICULTORES DE CERRO LARGO","SOCIEDAD DE AVICULTORES DE CERRO LARGO","0","0","","","","anagomez2308@gmail.com","","0.00000000","99957050","","","","","","","","","admin","0","0","0","0","0","","","","","D. Villar","","","","","","","","","","","2023-09-05 18:36:12","admin","IMPORT","0","","2026-10-05 09:40:14","Cerro Largo"
"Electrocenter","ACC3372","Electrocenter","Electrocenter","0","0","","","","electrocenterrm@gmail.com","","0.00000000","98235052","","","","","","","","","admin","0","0","0","0","0","","","","","D. Villar","","","","","","","","","","","2023-09-05 18:36:12","admin","IMPORT","0","","2026-10-05 09:40:14","Cerro Largo"
"Ingeniero Lena y Asociados","ACC3375","Ingeniero Lena y Asociados","Ingeniero Lena y Asociados","0","0","","","","eduardolena2016@gmail.com","","0.00000000","98806136","","","","","","","","","admin","0","0","0","0","0","","","","","D. Villar","","","","","","","","","","","2023-09-05 18:36:12","admin","IMPORT","0","","2026-10-05 09:40:15","Cerro Largo"
"Altamira","ACC3376","Altamira","Altamira","0","0","","","","infoaltamiraestudio@gmail.com","","0.00000000","99204060","","","","","","","","","admin","0","0","0","0","0","","","","","D. Villar","","","","","","","","","","","2023-09-05 18:36:12","admin","IMPORT","0","","2026-10-05 09:40:15","Cerro Largo"
"República Microfinanzas","ACC3379","República Microfinanzas C. Largo","República Microfinanzas","0","0","","","","adriana.matteo@republicamicrofinanzas.com.uy","","0.00000000","98426027","","","","","","","","","admin","0","0","0","0","0","","","","","D. Villar","","","","","","","","","","","2023-09-05 18:36:12","admin","IMPORT","0","","2026-10-05 09:40:16","Cerro Largo"
"Canal 12 de Melo","ACC3380","Canal 12 de Melo","Canal 12 de Melo","0","0","","","www.canal12melo.com","sebaele@hotmail.com","","0.00000000","91888534","","","","","","","","","admin","0","0","0","0","0","","","","","D. Villar","","","","","","","","","","","2023-09-05 18:36:12","admin","IMPORT","0","","2026-10-05 09:40:16","Cerro Largo"
"Mi Huerta Revivre","ACC3381","Mi Huerta Revivre","Mi Huerta Revivre","0","0","","","","marsol.centena1991@gmail.com","","0.00000000","98252484","","","","","","","","","admin","0","0","0","0","0","","","","","D. Villar","","","","","","","","","","","2023-09-05 18:36:12","admin","IMPORT","0","","2026-10-05 09:40:16","Cerro Largo"
"Intendencia Departamental de Cerro Largo","ACC3383","Intendencia Departamental de Cerro Largo","Intendencia Departamental de Cerro Largo","0","0","","","","fsosa7@me.com","","0.00000000","92615615","","","","","Sector Público","","","","admin","0","0","0","0","0","","","","","D. Villar","","","","","","","","","","","2023-09-05 18:36:12","admin","IMPORT","0","","2026-10-05 09:40:17","Cerro Largo"
"Convertida'Stilos (Centro estético capilar)","ACC3386","Convertida'Stilos (Centro estético capilar)","Convertida'Stilos (Centro estético capilar)","0","0","","","","JOSEFCLAU26@HOTMAIL.COM","","0.00000000","98151688","","","","","","","","","admin","0","0","0","0","0","","","","","D. Villar","","","","","","","","","","","2023-09-05 18:36:12","admin","IMPORT","0","","2026-10-05 09:40:17","Lavalleja"
"121 Marketing Digital","ACC3387","121 Marketing Digital","120 Marketing Digital","0","0","","","","manuela.collazo13@gmail.com","","0.00000000","98316269","","","","","","","","","admin","0","0","0","0","0","","","","","D. Villar","","","","","","","","","","","2023-09-05 18:36:12","admin","IMPORT","0","","2026-10-05 09:40:17","Lavalleja"
"Oro Verde","ACC3392","Oro Verde","Oro Verde","0","0","","","www.oroverde.uy","manereal@gmail.com","","0.00000000","98065264","","","","","","","","","admin","0","0","0","0","0","","","","","D. Villar","","","","","","","","","","","2023-09-05 18:36:13","admin","IMPORT","0","","2026-10-05 09:40:18","Lavalleja"
"Lucia Herrera Alta Costura","ACC3396","Lucia Herrera Alta Costura","Lucia Herrera alta costura","0","0","","","","luleherrera22@gmail.com","","0.00000000","99955434","","","","","","","","","admin","0","0","0","0","0","","","","","D. Villar","","","","","","","","","","","2023-09-05 18:36:13","admin","IMPORT","0","","2026-10-05 09:40:18","Lavalleja"
"Agroinsumos La Querencia","ACC3405","Agroinsumos La Querencia","Agroinsumos La Querencia","0","0","","","","agrolaquerencia@adinet.com.uy","44475139","0.00000000","99552124","","","","","","","","","admin","0","0","0","0","0","","","","","D. Villar","","","","","","","","","","","2023-09-05 18:36:13","admin","IMPORT","0","","2026-10-05 09:40:19","Lavalleja"
"Marmolería Verdún","ACC3406","Marmolería Verdún","Marmolería Verdún","0","0","","","","serrced@gmail.com","","0.00000000","99992581","","99845200","","","","","","","admin","0","0","0","0","0","","","","","D. Villar","","","","","","","","","","","2023-09-05 18:36:13","admin","IMPORT","0","","2026-10-05 09:40:19","Lavalleja"
"Jorge Barbosa SG","ACC3407","Jorge Barbosa SG","Jorge Barbosa SG","0","0","","","","Jd_bar@hotmail.com","","0.00000000","95035050","","","","","","","","","admin","0","0","0","0","0","","","","","D. Villar","","","","","","","","","","","2023-09-05 18:36:13","admin","IMPORT","0","","2026-10-05 09:40:19","Lavalleja"
"El destacamento - Casa de Campo","ACC3409","El destacamento - Casa de Campo","El destacamento - Casa de Campo","0","0","","","www.eldestacamento.com","rosacorrea64@hotmail.com","","0.00000000","99108300","","","","","","","","","admin","0","0","0","0","0","","","","","D. Villar","","","","","","","","","","","2023-09-05 18:36:13","admin","IMPORT","0","","2026-10-05 09:40:20","Lavalleja"
"Dorfman y Asociados","ACC3412","Dorfman y Asociados","Dorfman y Asociados","0","0","","","","francodasilvabeltrame@gmail.com","","0.00000000","91913915","jeydeleon197@gmail.com","99302040","","","","","","","admin","0","0","0","0","0","","","","","D. Villar","","","","","","","","","","","2023-09-05 18:36:13","admin","IMPORT","0","","2026-10-05 09:40:20","Lavalleja"
"Escritorio Balduini","ACC3413","Escritorio Balduini","Escritorio Balduini","0","0","","","","rematadorbalduini@gmail.com","","0.00000000","99404077","","","","","","","","","admin","0","0","0","0","0","","","","","D. Villar","","","","","","","","","","","2023-09-05 18:36:13","admin","IMPORT","0","","2026-10-05 09:40:20","Lavalleja"
"Valle y Sierra Propiedades","ACC3416","Valle y Sierra Propiedades","Valle y Sierra Propiedades","0","0","","","","f.dcabrera87@gmail.com","","0.00000000","95095964","","","","","","","","","admin","0","0","0","0","0","","","","","D. Villar","","","","","","","","","","","2023-09-05 18:36:13","admin","IMPORT","0","","2026-10-05 09:40:21","Lavalleja"
"La Pulperia Viglienzone","ACC3419","La Pulperia Viglienzone","La Pulperia Viglienzone","0","0","","","","gabriela@perezpinto.com.uy","","0.00000000","99237588","","","","","","","","","admin","0","0","0","0","0","","","","","D. Villar","","","","","","","","","","","2023-09-05 18:36:13","admin","IMPORT","0","","2026-10-05 09:40:21","Lavalleja"
"Colinas de Piedra - Turismo Rural","ACC3422","Colinas de Piedra - Turismo Rural","Colinas de Piedra - Turismo Rural","0","0","","","","alvarogarofali@gmail.com","","0.00000000","92101231","","","","","","","","","admin","0","0","0","0","0","","","","","D. Villar","","","","","","","","","","","2023-09-05 18:36:13","admin","IMPORT","0","","2026-10-05 09:40:21","Rocha"
"Gobierno Departamental de Rocha","ACC3423","Gobierno Departamental de Rocha","Gobierno Departamental de Rocha","0","0","","","","alvarogarofali@rocha.gub.uy","","0.00000000","98785206","","","","","Sector Público","","","","admin","0","0","0","0","0","","","","","D. Villar","","","","","","","","","","","2023-09-05 18:36:13","admin","IMPORT","0","","2026-10-05 09:40:22",""
"Este Chocolate","ACC3424","Este Chocolate","Este Chocolate","0","0","","","","gisecano@hotmail.com","","0.00000000","98643667","evanzunini12@hotmail.com","99114313","","","","","","","admin","0","0","0","0","0","","","","","D. Villar","","","","","","","","","","","2023-09-05 18:36:13","admin","IMPORT","0","","2026-10-05 09:40:22","Rocha"
"Almejas Palmares","ACC3426","Almejas Palmares","Almejas Palmares","0","0","","","","almejaspalmares@gmail.com","","0.00000000","91008910","","91631436","","","","","","","admin","0","0","0","0","0","","","","","D. Villar","","","","","","","","","","","2023-09-05 18:36:13","admin","IMPORT","0","","2026-10-05 09:40:23","Rocha"
"Los Mimbres Casa de Campo","ACC3427","Los Mimbres Casa de Campo","Los Mimbres Casa de Campo","0","0","","","www.losmimbrescasadecampo.com","losmimbrescasadecampo@gmail.com","","0.00000000","95540541","","99320559","","","","","","","admin","0","0","0","0","0","","","","","D. Villar","","","","","","","","","","","2023-09-05 18:36:13","admin","IMPORT","0","","2026-10-05 09:40:23","Rocha"
"La Faustina","ACC3428","La Faustina","La Faustina","0","0","","","www.lafaustina.uy","adrianabrun5176@gmail.com","","0.00000000","99320559","","","","","","","","","admin","0","0","0","0","0","","","","","D. Villar","","","","","","","","","","","2023-09-05 18:36:13","admin","IMPORT","0","","2026-10-05 09:40:23","Rocha"
"Villalba Construcciones","ACC3433","Villalba Construcciones","Villalba Construcciones","0","0","","","","jardinerouniversal@gmail.com","","0.00000000","96703747","","99802579","","","","","","","admin","0","0","0","0","0","","","","","D. Villar","","","","","","","","","","","2023-09-05 18:36:13","admin","IMPORT","0","","2026-10-05 09:40:24","Rocha"
"Susana Gómez Joyeria","ACC3442","Susana Gómez Joyeria","Susana Gómez Joyeria","0","0","","","","vidasu31@gmail.com","","0.00000000","98769910","","","","","","","","","admin","0","0","0","0","0","","","","","D. Villar","","","","","","","","","","","2023-09-05 18:36:13","admin","IMPORT","0","","2026-10-05 09:40:24","Rocha"
"IDR Unidad Artesanal","ACC3443","IDR Unidad Artesanal","IDR Unidad Artesanal","0","0","","","","yiselariki@hotmail.com","","0.00000000","99870545","","","","","","","","","admin","0","0","0","0","0","","","","","D. Villar","","","","","","","","","","","2023-09-05 18:36:13","admin","IMPORT","0","","2026-10-05 09:40:24","Rocha"
"Cabalgatas Cabo Polonio","ACC3444","Cabalgatas Cabo Polonio","Cabalgatas Cabo Polonio","0","0","","","","info@cabalgatascabopolonio.com","","0.00000000","92237020","","","","","","","","","admin","0","0","0","0","0","","","","","D. Villar","","","","","","","","","","","2023-09-05 18:36:13","admin","IMPORT","0","","2026-10-05 09:40:25","Rocha"
"Massia Producciones","ACC3448","Massia Producciones","Massia Producciones","0","0","","","https://massiaproducciones.blogspot.com/","marcelamassia@gmail.com","","0.00000000","98590972","","","","","","","","","admin","0","0","0","0","0","","","","","D. Villar","","","","","","","","","","","2023-09-05 18:36:13","admin","IMPORT","0","","2026-10-05 09:40:25","Rocha"
"Kenistech","ACC3449","Kenistech","Kenistech","0","0","","","","fmkz100@gmail.com","","0.00000000","99872697","","","","","","","","","admin","0","0","0","0","0","","","","","D. Villar","","","","","","","","","","","2023-09-05 18:36:13","admin","IMPORT","0","","2026-10-05 09:40:26","Rocha"
"Sureste Props","ACC3450","Sureste Props","Sureste Props","0","0","","","www.suresteprops.com","suresteprops@gmail.com","","0.00000000","99794042","","","","","","","","","admin","0","0","0","0","0","","","","","D. Villar","","","","","","","","","","","2023-09-05 18:36:13","admin","IMPORT","0","","2026-10-05 09:40:26","Rocha"
"GURPOMAGNADATA.COM","ACC3451","GURPOMAGNADATA.COM","GURPOMAGNADATA.COM","0","0","","","www.grupomagnadata.com","lmorales@grupomagnadata.com","","0.00000000","99776473","","","","","","","","","admin","0","0","0","0","0","","","","","D. Villar","","","","","","","","","","","2023-09-05 18:36:13","admin","IMPORT","0","","2026-10-05 09:40:26","Rocha"
"Alma de La Pedrera Villaggio & Spa","ACC3452","Alma de La Pedrera Villaggio & Spa","Alma de La Pedrera Villaggio & Spa","0","0","","","www.almadelapedrera.com","marianajuliapiazza@gmail.com","","0.00000000","92168068","","","","","","","","","admin","0","0","0","0","0","","","","","D. Villar","","","","","","","","","","","2023-09-05 18:36:13","admin","IMPORT","0","","2026-10-05 09:40:27","Rocha"
"La Serena Suites Aparthotel","ACC3454","La Serena Suites Aparthotel","La Serena Suites Aparthotel","0","0","","","www.laserenasuites.com/es/inicio/","info@laserenasuites.com","","0.00000000","95953819","","99958434","","","","","","","admin","0","0","0","0","0","","","","","D. Villar","","","","","","","","","","","2023-09-05 18:36:13","admin","IMPORT","0","","2026-10-05 09:40:27","Rocha"
"Lanas de Narvaez","ACC3456","Lanas de Narvaez","Lanas de Narvaez","0","0","","","","cecipaseyro@gmail.com","","0.00000000","98306697","","","","","","","","","admin","0","0","0","0","0","","","","","D. Villar","","","","","","","","","","","2023-09-05 18:36:13","admin","IMPORT","0","","2026-10-05 09:40:27","Rocha"
"La Maison","ACC3461","La Maison","La Maison","0","0","","","","magalicaillaud28@gmail.com","","0.00000000","99802579","","","","","","","","","admin","0","0","0","0","0","","","","","D. Villar","","","","","","","","","","","2023-09-05 18:36:13","admin","IMPORT","0","","2026-10-05 09:40:28","Rocha"
"CENTRO PYME ROCHA","ACC3462","CENTRO PYME ROCHA","CENTRO PYME ROCHA","0","0","","","","molivera@centros.uy","","0.00000000","99708865","","","","","","","","","admin","0","0","0","0","0","","","","","D. Villar","","","","","","","","","","","2023-09-05 18:36:13","admin","IMPORT","0","","2026-10-05 09:40:28","Rocha"
"Business France Argentina","ACC3464","Business France Argentina","Business France Argentina","0","0","","","","simon.commeignes@businessfrance.fr","","0.00000000","99230745","","","","","","","","","admin","0","0","0","0","0","","","","","D. Villar","","","","","","","","","","","2023-09-05 18:36:13","admin","IMPORT","0","","2026-10-05 09:40:28","Treinta y Tres"
"Intendencia Treinta y Tres","ACC3465","Intendencia Treinta y Tres","Intendencia Treinta y Tres","0","0","","","","fbarrera.pdp@gmail.com","","0.00000000","94878379","","","","","","","","","admin","0","0","0","0","0","","","","","D. Villar","","","","","","","","","","","2023-09-05 18:36:13","admin","IMPORT","0","","2026-10-05 09:40:29","Treinta y Tres"
"TodoContainers","ACC3467","TodoContainers","TodoContainers","0","0","","","","alejandro@todocontainers.com.uy","","0.00000000","97092703","","","","","","","","","admin","0","0","0","0","0","","","","","D. Villar","","","","","","","","","","","2023-09-05 18:36:13","admin","IMPORT","0","","2026-10-05 09:40:29","Treinta y Tres"
"Aventura Nativa","ACC3478","Aventura Nativa","Aventura Nativa","0","0","","","","aventuranativa33@gmail.com","","0.00000000","98832819","","","","","","","","","admin","0","0","0","0","0","","","","","D. Villar","","","","","","","","","","","2023-09-05 18:36:14","admin","IMPORT","0","","2026-10-05 09:40:29","Treinta y Tres"
"Lo de Teodora","ACC3479","Lo de Teodora","Lo de Teodora","0","0","","","","melalzugaray@hotmail.com","","0.00000000","91658552","","","","","","","","","admin","0","0","0","0","0","","","","","D. Villar","","","","","","","","","","","2023-09-05 18:36:14","admin","IMPORT","0","","2026-10-05 09:40:30","Treinta y Tres"
"IFD Treinta y Tres","ACC3480","IFD Treinta y Tres","IFD Treinta y Tres","0","0","","","www.https://ifdtreintaytres.cfe.edu.uy","mariaolivera3382@gmail.com","","0.00000000","99851071","","","","","","","","","admin","0","0","0","0","0","","","","","D. Villar","","","","","","","","","","","2023-09-05 18:36:14","admin","IMPORT","0","","2026-10-05 09:40:30","Treinta y Tres"
"Ridebrasil.com (consultorias)","ACC3481","Ridebrasil.com (consultorias)","ridebrasil.com (consultorias)","0","0","","","","rodrigo.turismo.unipampa@gmail.com","","0.00000000","95374561","","","","","","","","","admin","0","0","0","0","0","","","","","D. Villar","","","","","","","","","","","2023-09-05 18:36:14","admin","IMPORT","0","","2026-10-05 09:40:30","Treinta y Tres"
"The LandLord Company","ACC3485","The LandLord Company","The LandLord Company","0","0","","","https://the-landlord-company.negocio.site/","santiagozuluaga@thelandlordcompany.com","","0.00000000","99619676","","","","","","","","","admin","0","0","0","0","0","","","","","D. Villar","","","","","","","","","","","2023-09-05 18:36:14","admin","IMPORT","0","","2026-10-05 09:40:31","Treinta y Tres"
"GALOFER","ACC3488","GALOFER SA","GALOFER","0","0","","","https://www.coopar.com.uy/EmpresasVinculadas.aspx","wsanchez@arrozur.com.uy","","0.00000000","93793200","","","","","","","","","admin","0","0","0","0","0","","","","","D. Villar","","","","","","","","","","","2023-09-05 18:36:14","admin","IMPORT","0","","2026-10-05 09:40:31","Treinta y Tres"
"Granja NJ El Reencuentro","ACC3490","Granja NJ El Reencuentro","Granja NJ El Reencuentro","0","0","","","","dmacoata.marquez@gmail.com","","0.00000000","91428140","","","","","","","","","admin","0","0","0","0","0","","","","","D. Villar","","","","","","","","","","","2023-09-05 18:36:14","admin","IMPORT","0","","2026-10-05 09:40:32","Treinta y Tres"
"Consorcio Boskalis Dredging","ACC3493","Consorcio Boskalis Dredging","Consorcio Boskalis Dredging","0","0","","","","macarenatedesco@hotmail.com","","0.00000000","92006120","","","","","","","","","admin","0","0","0","0","0","","","","","D. Villar","","","","","","","","","","","2023-09-05 18:36:14","admin","IMPORT","0","","2026-10-05 09:40:32","Colonia"
"Solis Seguridad víal","ACC3494","Solis Seguridad víal","Solis Seguridad víal","0","0","","","","pablodaniel_75@hotmail.com","","0.00000000","92217613","","","","","","","","","admin","0","0","0","0","0","","","","","D. Villar","","","","","","","","","","","2023-09-05 18:36:14","admin","IMPORT","0","","2026-10-05 09:40:32","Colonia"
"Santorini pisos","ACC3495","Santorini pisos","Santorini pisos","0","0","","","www.santorinipisos.com","facundo_solveyra@hotmail.com","","0.00000000","94400739","fpuigferres@gmail.com","92828159","","","","","","","admin","0","0","0","0","0","","","","","D. Villar","","","","","","","","","","","2023-09-05 18:36:14","admin","IMPORT","0","","2026-10-05 09:40:33","Colonia"
"Emunah jaboneria artesanal","ACC3502","Emunah jaboneria artesanal","Emunah jaboneria artesanal","0","0","","","","vsilveiracol@hotmail.com","","0.00000000","98817644","","","","","","","","","admin","0","0","0","0","0","","","","","D. Villar","","","","","","","","","","","2023-09-05 18:37:05","admin","IMPORT","0","","2026-10-05 09:40:33","Colonia"
"Granja Los Rosales","ACC3505","Granja Los Rosales SAS","Granja Los Rosales","0","0","","","","guidod77@hotmail.com","","0.00000000","92359545","","","","","","","","","admin","0","0","0","0","0","","","","","D. Villar","","","","","","","","","","","2023-09-05 18:37:05","admin","IMPORT","0","","2026-10-05 09:40:33","Colonia"
"SALTO ABROAD","ACC3506","SALTO ABROAD","SALTO ABROAD","0","0","","","www.saltoabroad.com","lauradiazmerki@hotmail.com","","0.00000000","99551558","info@saltoabroad.com","","","","","","","","admin","0","0","0","0","0","","","","","D. Villar","","","","","","","","","","","2023-09-05 18:37:05","admin","IMPORT","0","","2026-10-05 09:40:34","Colonia"
"Instituto de Turismo y Hoteleria Tercer Milenio","ACC3507","Instituto de Turismo y Hoteleria Tercer Milenio","Instituto de Turismo y Hoteleria Tercer Milenio","0","0","","","www.tercermilenio.uy","walter@marchand.com.uy","","0.00000000","91522620","","","","","","","","","admin","0","0","0","0","0","","","","","D. Villar","","","","","","","","","","","2023-09-05 18:37:05","admin","IMPORT","0","","2026-10-05 09:40:34","Colonia"
"UTEC","ACC3508","UTEC","UTEC","0","0","","","www.utec.edu.uy/es","mariana.morales@utec.edu.uy","","0.00000000","99991911","","","","","","","","","admin","0","0","0","0","0","","","","","D. Villar","","","","","","","","","","","2023-09-05 18:37:05","admin","IMPORT","0","","2026-10-05 09:40:35","Colonia"
"Trigo Fuxion","ACC3510","Trigo Fuxion","Trigo Fuxion","0","0","","","","rebecabgi@gmail.com","","0.00000000","91860721","","","","","","","","","admin","0","0","0","0","0","","","","","D. Villar","","","","","","","","","","","2023-09-05 18:37:05","admin","IMPORT","0","","2026-10-05 09:40:35","Colonia"
"Yogärt","ACC3511","Yogärt","Yogärt","0","0","","","www.yogart.com.uy","gian.cerrone@estudiantes.utec.edu.uy","","0.00000000","91556677","","","","","","","","","admin","0","0","0","0","0","","","","","D. Villar","","","","","","","","","","","2023-09-05 18:37:05","admin","IMPORT","0","","2026-10-05 09:40:35","Colonia"
"Cooperativa Agraria Exportadora de Productores Apícolas","ACC3512","Cooperativa Agraria Exportadora de Productores Apícolas","Cooperativa Agraria Exportadora de Productores Apícolas","0","0","","","www.caepa.com.uy","anaarduingrill@gmail.com","","0.00000000","92465350","","","","","","","","","admin","0","0","0","0","0","","","","","D. Villar","","","","","","","","","","","2023-09-05 18:37:05","admin","IMPORT","0","","2026-10-05 09:40:36","Colonia"
"UDE","ACC3514","Universidad de la Empresa - Colonia","UDE","0","0","","","","votormin@icloud.com","","0.00000000","99368492","Lucialarrama@outlook.com","91078236","","","Servicios de Enseñanza","","","","admin","0","0","0","0","0","","","","","D. Villar","","","","","","","","","","","2023-09-05 18:37:05","admin","IMPORT","0","","2026-10-05 09:40:36","Colonia"
"Bodega Campotinto","ACC3515","Bodega Campotinto","Bodega Campotinto","0","0","","","www.campotinto.com","Vinos@campotinto.com","","0.00000000","99141087","","","","","","","","","admin","0","0","0","0","0","","","","","D. Villar","","","","","","","","","","","2023-09-05 18:37:05","admin","IMPORT","0","","2026-10-05 09:40:37","Colonia"
"willywilly","ACC3517","willywilly","willywilly","0","0","","","ww.willywillytoys.com/en/","willywillydidacticos@gmail.com","","0.00000000","97304364","","","","","","","","","admin","0","0","0","0","0","","","","","D. Villar","","","","","","","","","","","2023-09-05 18:37:05","admin","IMPORT","0","","2026-10-05 09:40:37","Colonia"
"Azanza construcciones","ACC3520","Azanza construcciones","Azanza construcciones","0","0","","","","francisco_azanza@hotmail.com","","0.00000000","91081462","","","","","","","","","admin","0","0","0","0","0","","","","","D. Villar","","","","","","","","","","","2023-09-05 18:37:05","admin","IMPORT","0","","2026-10-05 09:40:37","Colonia"
"Cooperativa Agraria de Productos Apicola","ACC3521","Cooperativa Agraria de Productos Apicola","Cooperativa Agraria de Productos Apícola","0","0","","","www.caepa.com.uy","ceciliachambonm@gmail.com","98909941","0.00000000","99714893","","","","","","","","","admin","0","0","0","0","0","","","","","D. Villar","","","","","","","","","","","2023-09-05 18:37:05","admin","IMPORT","0","","2026-10-05 09:40:38","Colonia"
"Platonica - Agua Tónica","ACC3522","Platonica - Agua Tónica","Platonica","0","0","","","","gobar015@gmail.com","","0.00000000","98817644","","","","","","","","","admin","0","0","0","0","0","","","","","D. Villar","","","","","","","","","","","2023-09-05 18:37:05","admin","IMPORT","0","","2026-10-05 09:40:38","Colonia"
"Esperanza Servicio de Compañía","ACC3523","Esperanza Servicio de Compañía","Esperanza Servicio de Compañía","0","0","","","www.esperanza.com.uy","juanmanuelebert@gmail.com","","0.00000000","98498024","","","","","","","","","admin","0","0","0","0","0","","","","","D. Villar","","","","","","","","","","","2023-09-05 18:37:05","admin","IMPORT","0","","2026-10-05 09:40:39","Colonia"
"CLUB NAUTICO DE FLORES","ACC3532","CLUB NAUTICO DE FLORES","CLUB NAUTICO DE FLORES","0","0","","","","fernandezfabia0@gmail.com","","0.00000000","99698374","","","","","","","","","admin","0","0","0","0","0","","","","","D. Villar","","","","","","","","","","","2023-09-05 18:37:05","admin","IMPORT","0","","2026-10-05 09:40:39","Flores"
"Sabia Uy","ACC3533","Sabia Uy","Sabia Uy","0","0","","","www.danaturaleza.uy","hola.sabiauy@gmail.com","","0.00000000","98227766","","98958507","","","","","","","admin","0","0","0","0","0","","","","","D. Villar","","","","","","","","","","","2023-09-05 18:37:05","admin","IMPORT","0","","2026-10-05 09:40:39","Flores"
"D8 Food and Beer house","ACC3534","D8 Food and Beer house","D8 Food and Beer house","0","0","","","","leonelmesa21@gmail.com","","0.00000000","98958507","","099786297","","","","","","","admin","0","0","0","0","0","","","","","D. Villar","","","","","","","","","","","2023-09-05 18:37:05","admin","IMPORT","0","","2026-10-05 09:40:40","Flores"
"Miel El Tano","ACC3535","Miel El Tano","Miel El Tano","0","0","","","https://www.ande.org.uy/emprendimientos/catalogo-de-emprendimientos/item/miel-el-tano.html","mieleltano1@gmail.com","","0.00000000","98860360","","93813060","","","","","","","admin","0","0","0","0","0","","","","","D. Villar","","","","","","","","","","","2023-09-05 18:37:05","admin","IMPORT","0","","2026-10-05 09:40:40","Flores"
"MARFLIR ART","ACC3542","MARFLIR ART","MARFLIR ART","0","0","","","","mariauxtarde@gmail.com","","0.00000000","98927963","","","","","","","","","admin","0","0","0","0","0","","","","","D. Villar","","","","","","","","","","","2023-09-05 18:37:05","admin","IMPORT","0","","2026-10-05 09:40:41","Flores"
"Moreira Motors","ACC3544","Moreira Motors","Moreira Motors","0","0","","","www.moreiraautomoviles.com.uy","almobrown@gmail.com","","0.00000000","97306020","","","","","","","","","admin","0","0","0","0","0","","","","","D. Villar","","","","","","","","","","","2023-09-05 18:37:05","admin","IMPORT","0","","2026-10-05 09:40:41","Flores"
"RBA Ambiental","ACC3545","RBA Ambiental","RBA Ambiental","0","0","","","","zecamposca@hotmail.com","","0.00000000","99623288","","","","","","","","","admin","0","0","0","0","0","","","","","D. Villar","","","","","","","","","","","2023-09-05 18:37:05","admin","IMPORT","0","","2026-10-05 09:40:41","Flores"
"Grutas del arte","ACC3546","Grutas del arte","Grutas del arte","0","0","","","","flavialezue@gmail.com","","0.00000000","95502784","","98481485","","","","","","","admin","0","0","0","0","0","","","","","D. Villar","","","","","","","","","","","2023-09-05 18:37:05","admin","IMPORT","0","","2026-10-05 09:40:42","Flores"
"Hotel Maxim","ACC3547","Hotel Maxim","Hotel Maxim","0","0","","","www.hotelmaxim.com.uy","gustavou2710@gmail.com","","0.00000000","98481485","","","","","","","","","admin","0","0","0","0","0","","","","","D. Villar","","","","","","","","","","","2023-09-05 18:37:05","admin","IMPORT","0","","2026-10-05 09:40:42","Flores"
"Tienda Martella","ACC3548","Tienda Martella","Tienda Martella","0","0","","","","lucasmartella93@gmail.com","","0.00000000","91320116","","","","","","","","","admin","0","0","0","0","0","","","","","D. Villar","","","","","","","","","","","2023-09-05 18:37:05","admin","IMPORT","0","","2026-10-05 09:40:43","Flores"
"Patope","ACC3551","Patope","Patope","0","0","","","","patope1976@gmail.com","","0.00000000","54 911 6 459-1669","","","","","","","","","admin","0","0","0","0","0","","","","","D. Villar","","","","","","","","","","","2023-09-05 18:37:05","admin","IMPORT","0","","2026-10-05 09:40:43","Flores"
"JC DULCES MOMENTOS","ACC3552","JC DULCES MOMENTOS","JC DULCES MOMENTOS","0","0","","","","gloriadeleonfrs@gmail.com","","0.00000000","92127746","","","","","","","","","admin","0","0","0","0","0","","","","","D. Villar","","","","","","","","","","","2023-09-05 18:37:05","admin","IMPORT","0","","2026-10-05 09:40:43","Flores"
"Procelina","ACC3556","Procelina","Procelina","0","0","","","","harguindeguy34@gmail.com","","0.00000000","92343721","","","","","","","","","admin","0","0","0","0","0","","","","","D. Villar","","","","","","","","","","","2023-09-05 18:37:06","admin","IMPORT","0","","2026-10-05 09:40:44","Flores"
"Purificadores de agua Manantiales del Norte","ACC3558","Purificadores de agua Manantiales del Norte","Purificadores de agua Manantiales del Norte.","0","0","","","","mdanigonzalezg968@gmail.com","","0.00000000","99503924","","","","","","","","","admin","0","0","0","0","0","","","","","D. Villar","","","","","","","","","","","2023-09-05 18:37:06","admin","IMPORT","0","","2026-10-05 09:40:44","Flores"
"Confecciónes Alisson","ACC3559","Confecciónes Alisson","Confecciónes Alisson","0","0","","","","alisson210270@gmail.com","","0.00000000","98739762","","","","","","","","","admin","0","0","0","0","0","","","","","D. Villar","","","","","","","","","","","2023-09-05 18:37:06","admin","IMPORT","0","","2026-10-05 09:40:45","Flores"
"Marroni Workspace","ACC3561","Marroni Workspace","Marroni Workspace","0","0","","","","guillermosecco@gmail.com","","0.00000000","99367006","","","","","","","","","admin","0","0","0","0","0","","","","","D. Villar","","","","","","","","","","","2023-09-05 18:37:06","admin","IMPORT","0","","2026-10-05 09:40:45","Río Negro"
"Zelausy","ACC3563","Zelausy","Zelausy","0","0","","","","zelausyagri@gmail.com","","0.00000000","92278814","","","","","","","","","admin","0","0","0","0","0","","","","","D. Villar","","","","","","","","","","","2023-09-05 18:37:06","admin","IMPORT","0","","2026-10-05 09:40:45","Río Negro"
"RMInmobiliaria","ACC3565","RMInmobiliaria","RMInmobiliaria","0","0","","","","rominamurana2@gmail.com","","0.00000000","93831617","","","","","","","","","admin","0","0","0","0","0","","","","","D. Villar","","","","","","","","","","","2023-09-05 18:37:06","admin","IMPORT","0","","2026-10-05 09:40:46","Río Negro"
"Intendencia de Río Negro","ACC3566","Intendencia de Río Negro","Intendencia de Río Negro","0","0","","","","victoriaperazacappai@gmail.com","","0.00000000","96600096","","","","","Sector Público","","","","admin","0","0","0","0","0","","","","","D. Villar","","","","","","","","","","","2023-09-05 18:37:06","admin","IMPORT","0","","2026-10-05 09:40:46","Río Negro"
"Nogales Global Business","ACC3569","Nogales Global Business","Nogales Global Business","0","0","","","","nogalesgb@gmail.com","","0.00000000","99649604","","","","","","","","","admin","0","0","0","0","0","","","","","D. Villar","","","","","","","","","","","2023-09-05 18:37:06","admin","IMPORT","0","","2026-10-05 09:40:47","Río Negro"
"Ohal","ACC3570","Ohal","Ohal","0","0","","","","marceci2016@outlook.com","","0.00000000","91048562","","","","","","","","","admin","0","0","0","0","0","","","","","D. Villar","","","","","","","","","","","2023-09-05 18:37:06","admin","IMPORT","0","","2026-10-05 09:40:47","Río Negro"
"Chisgarabis","ACC3571","Chisgarabis","Chisgarabis","0","0","","","","damian1479@hotmail.com","","0.00000000","91281448","","","","","","","","","admin","0","0","0","0","0","","","","","D. Villar","","","","","","","","","","","2023-09-05 18:37:06","admin","IMPORT","0","","2026-10-05 09:40:47","Río Negro"
"kolseller","ACC3574","kolseller","kolseller","0","0","","","","digitalnowsale@gmail.com","","0.00000000","99562787","","","","","","","","","admin","0","0","0","0","0","","","","","D. Villar","","","","","","","","","","","2023-09-05 18:37:06","admin","IMPORT","0","","2026-10-05 09:40:48","Río Negro"
"Chochona's","ACC3576","Chochona's","Chochona's","0","0","","","","flor_tiscornia_21@hotmail.com","","0.00000000","99425331","","","","","","","","","admin","0","0","0","0","0","","","","","D. Villar","","","","","","","","","","","2023-09-05 18:37:06","admin","IMPORT","0","","2026-10-05 09:40:48","Río Negro"
"Comunidad Sustentable de Fray Bentos","ACC3577","Comunidad Sustentable de Fray Bentos","Comunidad Sustentable de Fray Bentos","0","0","","","","comunidadsustentablefb@gmail.com","092795616","0.00000000","98689034","","","","","","","","","admin","0","0","0","0","0","","","","","D. Villar","","","","","","","","","","","2023-09-05 18:37:06","admin","IMPORT","0","","2026-10-05 09:40:48","Río Negro"
"Inmobiliaria Fray Bentos","ACC3578","Inmobiliaria Fray Bentos","Inmobiliaria Fray Bentos","0","0","","","","nelsonj-m@hotmail.com","","0.00000000","92795616","","","","","","","","","admin","0","0","0","0","0","","","","","D. Villar","","","","","","","","","","","2023-09-05 18:37:06","admin","IMPORT","0","","2026-10-05 09:40:49","Río Negro"
"Tiscornia Hnos","ACC3580","Tiscornia Hnos","Tiscornia Hnos","0","0","","","","tiscornianegocios@hotmail.com","","0.00000000","99458208","","91309544","","","","","","","admin","0","0","0","0","0","","","","","D. Villar","","","","","","","","Uruguay","","Río Negro","2023-09-05 18:37:06","admin","IMPORT","0","","2026-10-05 09:40:49","Río Negro"
"MEHITOR","ACC3581","MEHITOR","MEHITOR","0","0","","","www.mehitor.com","lorena_mehitor@hotmail.com","","0.00000000","99059586","","099560186","","","","","","","admin","0","0","0","0","0","","","","","D. Villar","","","","","","","","","","","2023-09-05 18:37:06","admin","IMPORT","0","","2026-10-05 09:40:49","Río Negro"
"Berti-ya","ACC3583","Berti-ya","Berti-ya","0","0","","","","mauriciobertinat@gmail.com","","0.00000000","91998635","","","","","","","","","admin","0","0","0","0","0","","","","","D. Villar","","","","","","","","","","","2023-09-05 18:37:06","admin","IMPORT","0","","2026-10-05 09:40:50","Río Negro"
"Los Tamberitos","ACC3584","Los Tamberitos","Los Tamberitos","0","0","","","www.lostamberitos.com","lostamberitos@gmail.com","","0.00000000","92203303","","","","","","","","","admin","0","0","0","0","0","","","","","D. Villar","","","","","","","","Uruguay","","Río Negro","2023-09-05 18:37:06","admin","IMPORT","0","","2026-10-05 09:40:50","Río Negro"
"Distribuidora Río Negro","ACC3585","Distribuidora Río Negro","Distribuidora Río Negro","0","0","","","","jenifer.champret@gmail.com","","0.00000000","99560094","","","","","","","","","admin","0","0","0","0","0","","","","","D. Villar","","","","","","","Uruguay","Uruguay","Río Negro","Río Negro","2023-09-05 18:37:06","admin","IMPORT","0","","2026-10-05 09:40:50","Río Negro"
"MSN Consultorias","ACC3587","MSN Consultorias","MSN Consultorias","0","0","","","www.msnconsultorias.com","msnconsultorias@gmail.com","","0.00000000","98317529","","","","","","","","","admin","0","0","0","0","0","","","","","D. Villar","","","","","","","","","","","2023-09-05 18:37:06","admin","IMPORT","0","","2026-10-05 09:40:51","Río Negro"
"385 group/ CASA fessta","ACC3588","385 group/ CASA fessta","384 group/ CASA fessta","0","0","","","www.casafessta.com.uy","Adrianabozzanocabral@gmail.com","","0.00000000","99074170","","","","","","","","","admin","0","0","0","0","0","","","","","D. Villar","","","","","","","","","","","2023-09-05 18:37:06","admin","IMPORT","0","","2026-10-05 09:40:51","San José"
"Intendencia de San José","ACC3589","Intendencia de San José","Intendencia de San José","0","0","","","","curan@sanjose.gub.uy","","0.00000000","95869835","","","","","Sector Público","","","","admin","0","0","0","0","0","","","","","D. Villar","","","","","","","Uruguay","Uruguay","San José","San José","2023-09-05 18:37:06","admin","IMPORT","0","","2026-10-05 09:40:52","San José"
"VROOK","ACC3591","VROOK","VROOK","0","0","","","www.vrook.com.uy","PAOLA.CABALLEROV@GMAIL.COM","","0.00000000","99105366","","099795424","","","","","","","admin","0","0","0","0","0","","","","","D. Villar","","","","","","","","","","","2023-09-05 18:37:06","admin","IMPORT","0","","2026-10-05 09:40:52","San José"
"Quesería El Ombú","ACC3593","EMBAX SA","Quesería El Ombú","216245930018","0","","","","queseriaelombu@gmail.com","","0.00000000","91519468","","","","","","","","","admin","0","0","0","0","0","","","","",".","","","","","","","Uruguay","Uruguay","Colonia","Colonia","2023-09-05 18:37:06","admin","IMPORT","0","","2026-10-05 09:40:52","San José"
"Okey Dron","ACC3594","Okey Dron","Okey Dron","0","0","","","","belen.camejo@hotmail.com","","0.00000000","91031054","","","","","","","","","admin","0","0","0","0","0","","","","","D. Villar","","","","","","","","","","","2023-09-05 18:37:06","admin","IMPORT","0","","2026-10-05 09:40:53","San José"
"ZHZ","ACC3595","ZHZ","ZHZ","0","0","","","","zoraudahz@hotmail.com","","0.00000000","92881121","","","","","","","","","admin","0","0","0","0","0","","","","","D. Villar","","","","","","","","","","","2023-09-05 18:37:06","admin","IMPORT","0","","2026-10-05 09:40:53","San José"
"Electricidad Maragata","ACC3597","Electricidad Maragata","Electricidad Maragata","0","0","","","","fabianhernanez86@gmail.com","","0.00000000","99284152","","","","","","","","","admin","0","0","0","0","0","","","","","D. Villar","","","","","","","","","","","2023-09-05 18:37:06","admin","IMPORT","0","","2026-10-05 09:40:54","San José"
"Della Terra","ACC3598","Della Terra","Della Terra","0","0","","","","paolamarichal10@gmail.com","","0.00000000","95151274","","","","","","","","","admin","0","0","0","0","0","","","","","D. Villar","","","","","","","","","","","2023-09-05 18:37:06","admin","IMPORT","0","","2026-10-05 09:40:54","San José"
"Todo vinilo","ACC3599","Todo vinilo","Todo vinilo","0","0","","","","luhanayahianara@gmail.com","","0.00000000","99022370","","","","","","","","","admin","0","0","0","0","0","","","","","D. Villar","","","","","","","","","","","2023-09-05 18:37:06","admin","IMPORT","0","","2026-10-05 09:40:55","San José"
"Optica Florida","ACC3603","Optica Florida","Optica Florida","0","0","","","","enzoelizalde@adinet.com.uy","","0.00000000","91029688","","99925748","","","","","","","admin","0","0","0","0","0","","","","","D. Villar","","","","","","","","","","","2023-09-05 18:37:06","admin","IMPORT","0","","2026-10-05 09:40:55","San José"
"Centro Pyme San José","ACC3604","Centro Pyme San José","Centro Pyme San José","0","0","","","","galesandri@centros.uy","","0.00000000","92931680","","","","","","","","","admin","0","0","0","0","0","","","","","D. Villar","","","","","","","","","","","2023-09-05 18:37:06","admin","IMPORT","0","","2026-10-05 09:40:55","San José"
"Avance Software","ACC3606","Avance Software","Avance Software","0","0","","","www.avancesoftware.com.uy","german@avancesoftware.com.uy","43441648","0.00000000","99392321","","","","","","","","","admin","0","0","0","0","0","","","","","D. Villar","","","","","","","","","","","2023-09-05 18:37:06","admin","IMPORT","0","","2026-10-05 09:40:56","San José"
"SoftTero","ACC3607","SoftTero","SoftTero","0","0","","","","diegocaraballo84@gmail.com","","0.00000000","98634456","","","","","","","","","admin","0","0","0","0","0","","","","","D. Villar","","","","","","","","","","","2023-09-05 18:37:06","admin","IMPORT","0","","2026-10-05 09:40:56","San José"
"Loo ba","ACC3613","Loo ba","Loo ba","0","0","","","","marianamillan1508@gmail.com","","0.00000000","99202325","","","","","","","","","admin","0","0","0","0","0","","","","","D. Villar","","","","","","","","","","","2023-09-05 18:37:06","admin","IMPORT","0","","2026-10-05 09:40:57","Soriano"
"Confecciones kero","ACC3616","Confecciones kero","Confecciones kero","0","0","","","","confeccioneskero@hotmail.com","","0.00000000","91339614","","","","","","","","","admin","0","0","0","0","0","","","","","D. Villar","","","","","","","","","","","2023-09-05 18:37:06","admin","IMPORT","0","","2026-10-05 09:40:57","Soriano"
"J17 Soluciones Integrales","ACC3618","J17 Soluciones Integrales","J17 Soluciones Integrales","0","0","","","","cristiangutierrezb83@gmail.com","","0.00000000","99175813","","","","","","","","","admin","0","0","0","0","0","","","","","D. Villar","","","","","","","","","","","2023-09-05 18:37:06","admin","IMPORT","0","","2026-10-05 09:40:57","Soriano"
"Sazón.uy","ACC3621","Sazón.uy","Sazón.uy","0","0","","","","veronicaduarte583@gmail.com","","0.00000000","91032426","","","","","","","","","admin","0","0","0","0","0","","","","","D. Villar","","","","","","","","","","","2023-09-05 18:37:06","admin","IMPORT","0","","2026-10-05 09:40:58","Soriano"
"Setadol SA","ACC3622","Setadol SA","Setadol SA","0","0","","","","kevinnebot2@gmail.com","","0.00000000","95207000","","","","","","","","","admin","0","0","0","0","0","","","","","D. Villar","","","","","","","","","","","2023-09-05 18:37:06","admin","IMPORT","0","","2026-10-05 09:40:58","Soriano"
"Posada de campo Casa Abierta","ACC3623","Posada de campo Casa Abierta","Posada de campo Casa Abierta","0","0","","","","elisa.casaabierta@gmail.com","","0.00000000","99345819","","","","","","","","","admin","0","0","0","0","0","","","","","D. Villar","","","","","","","","","","","2023-09-05 18:37:06","admin","IMPORT","0","","2026-10-05 09:40:59","Soriano"
"KUYAY","ACC3625","KUYAY","KUYAY","0","0","","","","patopatof@hotmail.com","","0.00000000","96111489","","","","","","","","","admin","0","0","0","0","0","","","","","D. Villar","","","","","","","","","","","2023-09-05 18:37:06","admin","IMPORT","0","","2026-10-05 09:40:59","Soriano"
"Acoradial Ltda","ACC3626","Acoradial Ltda","Acoradial Ltda","0","0","","","www.acoradial.com.uy","josefinamartines1710@gmail.com","45323372","0.00000000","96653859","","","","","","","","","admin","0","0","0","0","0","","","","","D. Villar","","","","","","","","","","","2023-09-05 18:37:06","admin","IMPORT","0","","2026-10-05 09:40:59","Soriano"
"Jazz a la calle","ACC3628","Jazz a la calle","Jazz a la calle","0","0","","","","macoco1@gmail.com","","0.00000000","99529427","","","","","","","","","admin","0","0","0","0","0","","","","","D. Villar","","","","","","","","","","","2023-09-05 18:37:06","admin","IMPORT","0","","2026-10-05 09:41:00","Soriano"
"Centro PYME Soriano","ACC3631","Centro PYME Soriano","Centro PYME Soriano","0","0","","","","agrasso@centros.uy","","0.00000000","98342649","","","","","","","","","admin","0","0","0","0","0","","","","","D. Villar","","","","","","","","","","","2023-09-05 18:37:06","admin","IMPORT","0","","2026-10-05 09:41:00","Soriano"
"Innova Papelería & Decó","ACC3632","Innova Papelería & Decó","Innova Papelería & Decó","0","0","","","","erikaschoffer11@gmail.com","","0.00000000","99354163","","","","","","","","","admin","0","0","0","0","0","","","","","D. Villar","","","","","","","","","","","2023-09-05 18:37:06","admin","IMPORT","0","","2026-10-05 09:41:01","Soriano"
"Todo Aventura Guernica","ACC3634","Todo Aventura Guernica","Todo Aventura Guernica","0","0","","","www.todoaventuraguernica.com","todoaventuraguernica@gmail.com","","0.00000000","91672746","msosa2003@vera.com.uy","099396036","","","","","","","admin","0","0","0","0","0","","","","","D. Villar","","","","","","","","","","","2023-09-05 18:37:06","admin","IMPORT","0","","2026-10-05 09:41:01","Soriano"
"Escuela Técnica Prevencionista en Seguridad Industrial","ACC3636","Escuela Técnica Prevencionista en Seguridad Industrial","Escuela Técnica Prevencionista en Seguridad Industrial","0","0","","","","Dabnerod@gmail.com","","0.00000000","95722280","","","","","","","","","admin","0","0","0","0","0","","","","","D. Villar","","","","","","","","","","","2023-09-05 18:37:06","admin","IMPORT","0","","2026-10-05 09:41:02","Canelones"
"Amate emprendedoras","ACC3637","Amate emprendedoras","Amate emprendedoras","0","0","","","","amateemprendedoras@gmail.com","","0.00000000","94526854","","","","","","","","","admin","0","0","0","0","0","","","","","D. Villar","","","","","","","","","","","2023-09-05 18:37:06","admin","IMPORT","0","","2026-10-05 09:41:02","Canelones"
"Bianchini Calzados","ACC3638","Bianchini Calzados","Bianchini Calzados","0","0","","","","gadrielbinchini1969@gmail.com","","0.00000000","99537386","","","","","","","","","admin","0","0","0","0","0","","","","","D. Villar","","","","","","","","","","","2023-09-05 18:37:06","admin","IMPORT","0","","2026-10-05 09:41:03","Canelones"
"Hilarion spa","ACC3639","Hilarion spa","Hilarion spa","0","0","","","www.hilarionspa.com.uy","gruposehisa@gmail.com","","0.00000000","98359126","","","","","","","","","admin","0","0","0","0","0","","","","","D. Villar","","","","","","","","","","","2023-09-05 18:37:06","admin","IMPORT","0","","2026-10-05 09:41:03","Canelones"
"Equiporentacar","ACC3640","Equiporentacar","Equiporentacar","0","0","","","www.equiporentacar.com.uy","latorremartin6@gmail.con","","0.00000000","91688247","","","","","","","","","admin","0","0","0","0","0","","","","","D. Villar","","","","","","","","","","","2023-09-05 18:37:06","admin","IMPORT","0","","2026-10-05 09:41:04","Canelones"
"BARRACA 5 ESQUINAS","ACC3641","BARRACA 5 ESQUINAS","BARRACA 5 ESQUINAS","0","0","","","www.barraca5esquinas.com.uy","estellairiarte@gmail.com","22922329","0.00000000","99631675","","","","","","","","","admin","0","0","0","0","0","","","","","D. Villar","","","","","","","","","","","2023-09-05 18:37:06","admin","IMPORT","0","","2026-10-05 09:41:04","Canelones"
"Radio Continental y Sucesos Servicios Inmobiliarios","ACC3642","Radio Continental y Sucesos Servicios Inmobiliarios","Radio Continental y Sucesos Servicios Inmobiliarios","0","0","","","","adaradiocontinental@gmail.com","","0.00000000","99748743","","","","","","","","","admin","0","0","0","0","0","","","","","D. Villar","","","","","","","","","","","2023-09-05 18:37:07","admin","IMPORT","0","","2026-10-05 09:41:05","Canelones"
"Abanikz","ACC3643","Abanikz","Abanikz","0","0","","","","morenopereyra@hotmail.com","","0.00000000","99368092","","","","","","","","","admin","0","0","0","0","0","","","","","D. Villar","","","","","","","","","","","2023-09-05 18:37:07","admin","IMPORT","0","","2026-10-05 09:41:05","Canelones"
"Kakavs","ACC3644","Kakavs","Kakavs","0","0","","","","caroliinaa123x@gmail.com","","0.00000000","95515939","","","","","","","","","admin","0","0","0","0","0","","","","","D. Villar","","","","","","","","","","","2023-09-05 18:37:07","admin","IMPORT","0","","2026-10-05 09:41:05","Canelones"
"Tomai","ACC3645","Tomai Ltda","Tomai","0","0","","","www.tomai.com.uy","jestolr@hotmail.com","","0.00000000","99423064","","","","","","","","","admin","0","0","0","0","0","","","","","D. Villar","","","","","","","","","","","2023-09-05 18:37:07","admin","IMPORT","0","","2026-10-05 09:41:06","Canelones"
"Carpinteria S&S","ACC3646","Carpinteria S&S","Carpinteria S&S","0","0","","","","carpinteriass@hotmail.com","","0.00000000","94491379","","","","","","","","","admin","0","0","0","0","0","","","","","D. Villar","","","","","","","","","","","2023-09-05 18:37:07","admin","IMPORT","0","","2026-10-05 09:41:06","Canelones"
"Tafirel","ACC3647","Tafirel","Tafirel","0","0","","","www.tafirel.com","ingjuanbonilla@gmail.com","","0.00000000","95572829","","","","","","","","","admin","0","0","0","0","0","","","","","D. Villar","","","","","","","","","","","2023-09-05 18:37:07","admin","IMPORT","0","","2026-10-05 09:41:06","Canelones"
"Ágora Cultura Uruguay, influencer","ACC3651","Ágora Cultura Uruguay, influencer","Ágora Cultura Uruguay, influencer","0","0","","","","estre2@yahoo.com.ar","","0.00000000","92449273","","","","","","","","","admin","0","0","0","0","0","","","","","D. Villar","","","","","","","","","","","2023-09-05 18:37:07","admin","IMPORT","0","","2026-10-05 09:41:07","Canelones"
"Etoile","ACC3652","Etoile","Etoile","0","0","","","","etoiletaller@gmail.com","","0.00000000","96980543","","","","","","","","","admin","0","0","0","0","0","","","","","D. Villar","","","","","","","","","","","2023-09-05 18:41:09","admin","IMPORT","0","","2026-10-05 09:41:07","Canelones"
"ESA CONSULTORIA","ACC3653","ESA CONSULTORIA","ESA CONSULTORIA","0","0","","","","danielsalvavidas@hotmail.com","","0.00000000","98172330","","","","","","","","","admin","0","0","0","0","0","","","","","D. Villar","","","","","","","","","","","2023-09-05 18:41:09","admin","IMPORT","0","","2026-10-05 09:41:08","Canelones"
"AFRUPI , Confederación Granjera del Uruguay","ACC3654","AFRUPI , Confederación Granjera del Uruguay","AFRUPI , Confederación Granjera del Uruguay","0","0","","","","rolandoerick@gmail.com","","0.00000000","94090459","","","","","","","","","admin","0","0","0","0","0","","","","","D. Villar","","","","","","","","","","","2023-09-05 18:41:09","admin","IMPORT","0","","2026-10-05 09:41:08","Canelones"
"Clementine indumentaria femenina","ACC3657","Clementine indumentaria femenina","Clementine indumentaria femenina","0","0","","","","clementineindfemenina@gmail.com","","0.00000000","98095350","","","","","","","","","admin","0","0","0","0","0","","","","","D. Villar","","","","","","","","","","","2023-09-05 18:41:09","admin","IMPORT","0","","2026-10-05 09:41:08","Canelones"
"Licores del Sur","ACC3658","Licores del Sur","Licores del Sur","0","0","","","www.licoresdelsur.com.uy","mabumary@yahoo.es","","0.00000000","99391729","","","","","","","","","admin","0","0","0","0","0","","","","","D. Villar","","","","","","","","","","","2023-09-05 18:41:09","admin","IMPORT","0","","2026-10-05 09:41:09","Canelones"
"Edusil","ACC3659","Edusil","Edusil","0","0","","","","dalakerimpo@hotmail.com","","0.00000000","95788480","","","","","","","","","admin","0","0","0","0","0","","","","","D. Villar","","","","","","","","","","","2023-09-05 18:41:09","admin","IMPORT","0","","2026-10-05 09:41:09","Canelones"
"AFR CONSTRUCCIONES","ACC3660","AFR CONSTRUCCIONES","AFR CONSTRUCCIONES","0","0","","","","andresalmundo@gmail.com","","0.00000000","98016121","","","","","","","","","admin","0","0","0","0","0","","","","","D. Villar","","","","","","","","","","","2023-09-05 18:41:09","admin","IMPORT","0","","2026-10-05 09:41:10","Canelones"
"Sabores caseros","ACC3661","Sabores caseros","Sabores caseros","0","0","","","","diego.melito.27@gmail.com","","0.00000000","91486322","","","","","","","","","admin","0","0","0","0","0","","","","","D. Villar","","","","","","","","","","","2023-09-05 18:41:09","admin","IMPORT","0","","2026-10-05 09:41:10","Canelones"
"Manos Mágicas","ACC3662","Manos Mágicas","Manos Mágicas","0","0","","","","marcelofjj2000@gmail.com","","0.00000000","97177953","","","","","","","","","admin","0","0","0","0","0","","","","","D. Villar","","","","","","","","","","","2023-09-05 18:41:09","admin","IMPORT","0","","2026-10-05 09:41:11","Canelones"
"DECO.DAMAJUANAS","ACC3663","DECO.DAMAJUANAS","DECO.DAMAJUANAS","0","0","","","","bgarcia@jorgemartinez.com.uy","","0.00000000","98530031","","","","","","","","","admin","0","0","0","0","0","","","","","D. Villar","","","","","","","","","","","2023-09-05 18:41:09","admin","IMPORT","0","","2026-10-05 09:41:11","Canelones"
"Aries Artesanías de Cuero","ACC3664","Aries Artesanías de Cuero","Aries Artesanías de Cuero","0","0","","","","ariescueros@hotmail.es","","0.00000000","91657740","","","","","","","","","admin","0","0","0","0","0","","","","","D. Villar","","","","","","","","","","","2023-09-05 18:41:09","admin","IMPORT","0","","2026-10-05 09:41:11","Canelones"
"Redtec","ACC3667","Redtec","Redtec","0","0","","","www.redtecinformatica.com","redtecinformatica@gmail.com","","0.00000000","99372649","","","","","","","","","admin","0","0","0","0","0","","","","","D. Villar","","","","","","","","","","","2023-09-05 18:41:09","admin","IMPORT","0","","2026-10-05 09:41:12","Canelones"
"TGM","ACC3668","TGM","TGM","0","0","","","","zuprot@gmail.com","","0.00000000","98754018","","","","","","","","","admin","0","0","0","0","0","","","","","D. Villar","","","","","","","","","","","2023-09-05 18:41:09","admin","IMPORT","0","","2026-10-05 09:41:12","Canelones"
"Calzados veloz","ACC3669","Calzados veloz","Calzados veloz","0","0","","","","calzadosveloz@gmail.com","","0.00000000","99605822","","","","","","","","","admin","0","0","0","0","0","","","","","D. Villar","","","","","","","","","","","2023-09-05 18:41:09","admin","IMPORT","0","","2026-10-05 09:41:13","Canelones"
"A&B TODO CONSTRUCCIONES","ACC3670","A&B TODO CONSTRUCCIO","A&B TODO CONSTRUCCIONES","0","0","","","","todoconstruccionesoficial@outlook.com","","0.00000000","91092654","","","","","","","","","admin","0","0","0","0","0","","","","","D. Villar","","","","","","","","","","","2023-09-05 18:41:09","admin","IMPORT","0","","2026-10-05 09:41:13","Canelones"
"Miel Las Violetas","ACC3672","Miel Las Violetas","Miel Las Violetas","0","0","","","","miellasvioletas@gmail.com","","0.00000000","94725566","","","","","","","","","admin","0","0","0","0","0","","","","","D. Villar","","","","","","","","","","","2023-09-05 18:41:09","admin","IMPORT","0","","2026-10-05 09:41:13","Canelones"
"MB Vitrofusión BachoGlass","ACC3673","MB Vitrofusión BachoGlass","MB Vitrofusión BachoGlass","0","0","","","","mariabachoinv@gmail.com","","0.00000000","95032977","","","","","","","","","admin","0","0","0","0","0","","","","","D. Villar","","","","","","","","","","","2023-09-05 18:41:09","admin","IMPORT","0","","2026-10-05 09:41:14","Canelones"
"Alquimia cristales","ACC3675","Alquimia cristales","Alquimia cristales","0","0","","","","danipass21@hotmail.com","","0.00000000","94546356","","","","","","","","","admin","0","0","0","0","0","","","","","D. Villar","","","","","","","","","","","2023-09-05 18:41:09","admin","IMPORT","0","","2026-10-05 09:41:14","Canelones"
"Canelones Nido","ACC3676","Canelones Nido","Canelones Nido","0","0","","","","benitezgisse@gmail.com","","0.00000000","99258446","","","","","","","","","admin","0","0","0","0","0","","","","","D. Villar","","","","","","","","","","","2023-09-05 18:41:09","admin","IMPORT","0","","2026-10-05 09:41:14","Canelones"
"Guidai","ACC3677","Guidai","Guidai","0","0","","","","zulma500@gmail.com","","0.00000000","94951778","","","","","","","","","admin","0","0","0","0","0","","","","","D. Villar","","","","","","","","","","","2023-09-05 18:41:09","admin","IMPORT","0","","2026-10-05 09:41:15","Canelones"
"MATEfusion(formo parte del colectivo Nido)","ACC3678","MATEfusion(formo parte del colectivo Nido)","MATEfusion(formo parte del colectivo Nido)","0","0","","","","aracelin@vera.com.uy","","0.00000000","96781062","","","","","","","","","admin","0","0","0","0","0","","","","","D. Villar","","","","","","","","","","","2023-09-05 18:41:09","admin","IMPORT","0","","2026-10-05 09:41:15","Canelones"
"Mercado costero. Canelones Nido","ACC3679","Mercado costero. Canelones Nido","Mercado costero. Canelones Nido","0","0","","","","beasi.toscanini@gmail.com","","0.00000000","98227331","","","","","","","","","admin","0","0","0","0","0","","","","","D. Villar","","","","","","","","","","","2023-09-05 18:41:09","admin","IMPORT","0","","2026-10-05 09:41:16","Canelones"
"Aries Artesanías en Cuero","ACC3680","Aries Artesanías en Cuero","Aries Artesanías en Cuero","0","0","","","","ariescueros@hotmail.es","","0.00000000","91657740","","","","","","","","","admin","0","0","0","0","0","","","","","D. Villar","","","","","","","","","","","2023-09-05 18:41:09","admin","IMPORT","0","","2026-10-05 09:41:16","Canelones"
"Orolana Uruguay","ACC3681","Orolana Uruguay","Orolana Uruguay","0","0","","","","orolanauruguay@gmail.com","","0.00000000","95266845","","","","","","","","","admin","0","0","0","0","0","","","","","D. Villar","","","","","","","","","","","2023-09-05 18:41:09","admin","IMPORT","0","","2026-10-05 09:41:16","Canelones"
"Marabunta","ACC3682","Marabunta","Marabunta","0","0","","","","oscarquintana699@gmail.com","","0.00000000","99516393","","","","","","","","","admin","0","0","0","0","0","","","","","D. Villar","","","","","","","","","","","2023-09-05 18:41:09","admin","IMPORT","0","","2026-10-05 09:41:17","Canelones"
"Adrylen Artesanías","ACC3683","Adrylen Artesanías","Adrylen Artesanías","0","0","","","","adrianaalen@hotmail.com","","0.00000000","97318206","","","","","","","","","admin","0","0","0","0","0","","","","","D. Villar","","","","","","","","","","","2023-09-05 18:41:09","admin","IMPORT","0","","2026-10-05 09:41:17","Canelones"
"Artibus","ACC3684","Artibus","Artibus","0","0","","","","samudiobalbuena@gmail.com","","0.00000000","95390876","","","","","","","","","admin","0","0","0","0","0","","","","","D. Villar","","","","","","","","","","","2023-09-05 18:41:09","admin","IMPORT","0","","2026-10-05 09:41:17","Canelones"
"Zuker Uruguay","ACC3685","Zuker Uruguay","Zuker Uruguay","0","0","","","www.zuker.uy","zuker.uy@gmail.com","","0.00000000","99442967","","","","","","","","","admin","0","0","0","0","0","","","","","D. Villar","","","","","","","","","","","2023-09-05 18:41:09","admin","IMPORT","0","","2026-10-05 09:41:18","Canelones"
"Dulce Matilde","ACC3686","Dulce Matilde","Dulce Matilde","0","0","","","","productos.dulcematilde@gmail.com","","0.00000000","99547266","","","","","","","","","admin","0","0","0","0","0","","","","","D. Villar","","","","","","","","","","","2023-09-05 18:41:09","admin","IMPORT","0","","2026-10-05 09:41:18","Canelones"
"Optivision Optica y Audiologia","ACC3689","Optivision Optica y Audiologia","Optivision Optica y Audiologia","0","0","","","","optivisioncosta@gmail.com","","0.00000000","96100055","","","","","","","","","admin","0","0","0","0","0","","","","","D. Villar","","","","","","","","","","","2023-09-05 18:41:09","admin","IMPORT","0","","2026-10-05 09:41:19","Canelones"
"Silveira & Mestre Abogados","ACC3692","Silveira & Mestre Abogados","Silveira & Mestre Abogados","0","0","","","","leandro@silveiramestre.com.uy","","0.00000000","98457655","","","","","","","","","admin","0","0","0","0","0","","","","","D. Villar","","","","","","","","","","","2023-09-05 18:41:09","admin","IMPORT","0","","2026-10-05 09:41:19","Canelones"
"RC Construcciones","ACC3694","RC Construcciones","RC Construcciones","0","0","","","","marcelorivasconstrucciones@gmail.com","","0.00000000","91249784","","","","","","","","","admin","0","0","0","0","0","","","","","D. Villar","","","","","","","","","","","2023-09-05 18:41:09","admin","IMPORT","0","","2026-10-05 09:41:19","Canelones"
"Don Pedro","ACC3695","Don Pedro","Don Pedro","0","0","","","","neferoba@gmail.com","","0.00000000","99654397","","","","","","","","","admin","0","0","0","0","0","","","","","D. Villar","","","","","","","","","","","2023-09-05 18:41:09","admin","IMPORT","0","","2026-10-05 09:41:20","Canelones"
"Eshop","ACC3696","Eshop","Eshop","0","0","","","","owvargas@gmail.com","","0.00000000","99749626","","","","","","","","","admin","0","0","0","0","0","","","","","D. Villar","","","","","","","","","","","2023-09-05 18:41:09","admin","IMPORT","0","","2026-10-05 09:41:20","Canelones"
"Joy Market","ACC3697","Joy Market","Joy Market","0","0","","","","pablojosera@gmail.com","","0.00000000","99221368","","","","","","","","","admin","0","0","0","0","0","","","","","D. Villar","","","","","","","","","","","2023-09-05 18:41:09","admin","IMPORT","0","","2026-10-05 09:41:20","Canelones"
"Roblus","ACC3699","Roblus","Roblus","0","0","","","","pablobluro82@gmail.com","","0.00000000","99099981","","","","","","","","","admin","0","0","0","0","0","","","","","D. Villar","","","","","","","","","","","2023-09-05 18:41:09","admin","IMPORT","0","","2026-10-05 09:41:21","Canelones"
"Brote Orgánico","ACC3701","Brote Orgánico","Brote Orgánico","0","0","","","","marianalg555@gmail.com","","0.00000000","96827744","","","","","","","","","admin","0","0","0","0","0","","","","","D. Villar","","","","","","","","","","","2023-09-05 18:41:09","admin","IMPORT","0","","2026-10-05 09:41:21","Canelones"
"Empanadas Don Pedro","ACC3702","Empanadas Don Pedro","Empanadas Don Pedro","0","0","","","www.donpedro.com.uy","donpedrosolymar@gmail.com","26963386","0.00000000","99239353","","","","","","","","","admin","0","0","0","0","0","","","","","D. Villar","","","","","","","","","","","2023-09-05 18:41:09","admin","IMPORT","0","","2026-10-05 09:41:22","Canelones"
"Municipio La Floresta","ACC3708","Municipio La Floresta","Municipio La Floresta","0","0","","","","ligiafran@gmail.com","","0.00000000","99141042","","","","","","","","","admin","0","0","0","0","0","","","","","D. Villar","","","","","","","","","","","2023-09-05 18:41:09","admin","IMPORT","0","","2026-10-05 09:41:22","Canelones"
"Granja totoral","ACC3710","Granja totoral","Granja totoral","0","0","","","","granjatotoral@adinet.com.uy","","0.00000000","91654386","","","","","","","","","admin","0","0","0","0","0","","","","","D. Villar","","","","","","","","","","","2023-09-05 18:41:09","admin","IMPORT","0","","2026-10-05 09:41:22","Canelones"
"Espacio Estudia Oasis","ACC3711","Espacio Estudia Oasis","Espacio Estudia Oasis","0","0","","","","espacioestudiaoasis@gmail.com","","0.00000000","95721432","","","","","","","","","admin","0","0","0","0","0","","","","","D. Villar","","","","","","","","","","","2023-09-05 18:41:09","admin","IMPORT","0","","2026-10-05 09:41:23","Canelones"
"Alfombras Estancia Mendoza","ACC3712","Alfombras Estancia Mendoza","Alfombras Estancia Mendoza","0","0","","","www.estanciamendoza.com.uy","danielacrespistrauch@gmail.com","","0.00000000","99231132","","","","","","","","","admin","0","0","0","0","0","","","","","D. Villar","","","","","","","","","","","2023-09-05 18:41:09","admin","IMPORT","0","","2026-10-05 09:41:23","Florida"
"Sociedad de Productores de Leche de Florida","ACC3713","Sociedad de Productores de Leche de Florida","Sociedad de Productores de Leche de Florida","0","0","","","","aprandini.splf@gmail.com","","0.00000000","99519459","","","","","","","","","admin","0","0","0","0","0","","","","","D. Villar","","","","","","","","","","","2023-09-05 18:41:09","admin","IMPORT","0","","2026-10-05 09:41:24","Florida"
"Sustentarte","ACC3715","Sustentarte","Sustentarte","0","0","","","","agospasetti98@gmail.com","","0.00000000","99770335","","","","","","","","","admin","0","0","0","0","0","","","","","D. Villar","","","","","","","","","","","2023-09-05 18:41:10","admin","IMPORT","0","","2026-10-05 09:41:24","Florida"
"Intendencia Departamental de Florida","ACC3716","Intendencia Departamental de Florida","Intendencia Departamental de Florida","0","0","","","","janosor34@gmail.com","43525161","0.00000000","92123600","","","","","Sector Público","","","","admin","0","0","0","0","0","","","","","D. Villar","","","","","","","","","","","2023-09-05 18:41:10","admin","IMPORT","0","","2026-10-05 09:41:24","Florida"
"ESCRIBANIA E INMOBILIARIA BENTANCOR","ACC3723","ESCRIBANIA E INMOBILIARIA BENTANCOR","ESCRIBANIA E INMOBILIARIA BENTANCOR","0","0","","","","estudiobentancor@gmail.com","","0.00000000","91737372","","","","","Other","","","","admin","0","0","0","0","0","","","","","D. Villar","","","","","","","","","","","2023-09-05 18:41:10","admin","IMPORT","0","","2026-10-05 09:41:25","Florida"
"Asociación Rural de Florida","ACC3742","Asociación Rural de Florida","Asociación Rural de Florida","0","0","","Gremiales/Asociación","","reybonino@adinet.com.uy","","0.00000000","99355040","","","","","Servicios Profesionales- Técnicos Especializados -Certificaciones","","","","admin","0","0","0","0","0","","","","","D. Villar","","","","","","","","","","","2023-09-05 18:41:10","admin","IMPORT","0","","2026-10-05 09:41:25","Florida"
"Fierro Fertil","ACC3743","Fierro Fertil SRL","Fierro Fertil","20378560012","0","","","","fierrofertil@gmail.com","","0.00000000","99350277","","","","","","Pequeña (5 a 19)","","","admin","0","0","0","0","0","","","","","D. Villar","","","","","","","","","","","2023-09-05 18:41:10","admin","IMPORT","0","","2026-10-05 09:41:26","Florida"
"Agencia de Desarrollo Económico de Florida","ACC3745","Agencia de Desarrollo Económico de Florida","Agencia de Desarrollo Económico de Florida","0","0","","","","gabriela.luengo@gmail.com","","0.00000000","99262211","","","","","","","","","admin","0","0","0","0","0","","","","","D. Villar","","","","","","","","","","","2023-09-05 18:41:10","admin","IMPORT","0","","2026-10-05 09:41:26","Florida"
"Ozono Digital","ACC3746","Ozono Digital","Ozono Digital","0","0","","","","matiastrucido1234@gmail.com","","0.00000000","98311204","","","","","","","","","admin","0","0","0","0","0","","","","","D. Villar","","","","","","","","","","","2023-09-05 18:41:10","admin","IMPORT","0","","2026-10-05 09:41:26","Florida"
"Chacra de los Padres, Olio D’ Oro","ACC3752","Chacra de los Padres, Olio D’ Oro","Chacra de los Padres, Olio D’ Oro","0","0","","","","milidonnaraballo@gmail.com","","0.00000000","95111935","","","","","","","","","admin","0","0","0","0","0","","","","","D. Villar","","","","","","","","","","","2023-09-05 18:41:10","admin","IMPORT","0","","2026-10-05 09:41:27","Maldonado"
"Método Martinelli","ACC3754","Método Martinelli","Método Martinelli","0","0","","","","majuuhernandez@icloud.com","","0.00000000","92611174","","","","","","","","","admin","0","0","0","0","0","","","","","D. Villar","","","","","","","","","","","2023-09-05 18:41:10","admin","IMPORT","0","","2026-10-05 09:41:27","Maldonado"
"Look Brava","ACC3758","Look Brava","Look Brava","0","0","","","","kevinmta14@hotmail.con","","0.00000000","92202641","","","","","","","","","admin","0","0","0","0","0","","","","","D. Villar","","","","","","","","","","","2023-09-05 18:41:10","admin","IMPORT","0","","2026-10-05 09:41:28","Maldonado"
"Maldonado emprendedor","ACC3761","Maldonado emprendedor","Maldonado emprendedor","0","0","","","","anainessanchez@gmail.com","","0.00000000","94008018","","","","","","","","","admin","0","0","0","0","0","","","","","D. Villar","","","","","","","","","","","2023-09-05 18:41:10","admin","IMPORT","0","","2026-10-05 09:41:28","Maldonado"
"Ona Laer artwear","ACC3762","Ona Laer artwear","Ona Laer artwear","0","0","","","","onalaer@gmail.com","","0.00000000","91517440","","","","","","","","","admin","0","0","0","0","0","","","","","D. Villar","","","","","","","","","","","2023-09-05 18:41:10","admin","IMPORT","0","","2026-10-05 09:41:28","Maldonado"
"Will Negocios Inmobiliarios","ACC3763","Will Negocios Inmobiliarios","Will Negocios Inmobiliarios","0","0","","","","wilmanoguez@gmail.com","","0.00000000","99667278","","","","","","","","","admin","0","0","0","0","0","","","","","D. Villar","","","","","","","","","","","2023-09-05 18:41:10","admin","IMPORT","0","","2026-10-05 09:41:29","Maldonado"
"Softdor","ACC3764","Softdor","Softdor","0","0","","","","acifuentes@softdor.com","42243111","0.00000000","99002680","","","","","","","","","admin","0","0","0","0","0","","","","","D. Villar","","","","","","","","","","","2023-09-05 18:41:10","admin","IMPORT","0","","2026-10-05 09:41:29","Maldonado"
"Avanaza estudio contable","ACC3765","Avanaza estudio contable","Avanaza estudio contable","0","0","","","","juanpabloparadanoguez@hotmail.com","","0.00000000","98819225","","","","","","","","","admin","0","0","0","0","0","","","","","D. Villar","","","","","","","","","","","2023-09-05 18:41:10","admin","IMPORT","0","","2026-10-05 09:41:29","Maldonado"
"Intendencia de Maldonado","ACC3766","Intendencia de Maldonado","Intendencia de Maldonado","0","0","","","www.maldonado.gub.uy","vtamon@maldonado.gub.uy","","0.00000000","99167874","","","","","Sector Público","","","","admin","0","0","0","0","0","","","","","D. Villar","","","","","","","","","Maldonado","Maldonado","2023-09-05 18:41:10","admin","IMPORT","0","","2026-10-05 09:41:30","Maldonado"
"LOMBARDI & ASOC.","ACC3767","LOMBARDI & ASOC.","LOMBARDI & ASOC.","0","0","","","","patricia.lombardi@lombardi-asoc.com","","0.00000000","94466881","","","","","","","","","admin","0","0","0","0","0","","","","","D. Villar","","","","","","","","","","","2023-09-05 18:41:10","admin","IMPORT","0","","2026-10-05 09:41:30","Maldonado"
"Mariposas del alma","ACC3768","Mariposas del alma","Mariposas del alma","0","0","","","","mariajbarcos@hotmail.com","","0.00000000","99868682","","","","","","","","","admin","0","0","0","0","0","","","","","D. Villar","","","","","","","","","","","2023-09-05 18:41:10","admin","IMPORT","0","","2026-10-05 09:41:30","Maldonado"
"Nettin","ACC3769","Nettin","Nettin","0","0","","","","Martinveiga36@gmail.com","","0.00000000","99125007","","","","","","","","","admin","0","0","0","0","0","","","","","D. Villar","","","","","","","","","","","2023-09-05 18:41:10","admin","IMPORT","0","","2026-10-05 09:41:31","Maldonado"
"Ab Diseños","ACC3770","Ab Diseños","Ab Diseños","0","0","","","","Arianadisenos17@gmail.com","","0.00000000","98724610","","","","","","","","","admin","0","0","0","0","0","","","","","D. Villar","","","","","","","","","","","2023-09-05 18:41:10","admin","IMPORT","0","","2026-10-05 09:41:31","Maldonado"
"Creativa","ACC3771","Creativa","Creativa","0","0","","","","sfernandez@creativaeventos.com.uy","","0.00000000","91861393","","","","","","","","","admin","0","0","0","0","0","","","","","D. Villar","","","","","","","","","","","2023-09-05 18:41:10","admin","IMPORT","0","","2026-10-05 09:41:32","Maldonado"
"Inmboliaria Black Real Estate","ACC3772","Inmboliaria Black Real Estate","Inmboliaria Black Real Estate","0","0","","","","georgina.batista26@gmail.com","","0.00000000","98563935","","","","","","","","","admin","0","0","0","0","0","","","","","D. Villar","","","","","","","","","","","2023-09-05 18:41:10","admin","IMPORT","0","","2026-10-05 09:41:32","Maldonado"
"Otra Piel","ACC3773","Otra Piel","Otra Piel","0","0","","","","yes@otrapieldesign.com","","0.00000000","92022044","","","","","","","","","admin","0","0","0","0","0","","","","","D. Villar","","","","","","","","","","","2023-09-05 18:41:10","admin","IMPORT","0","","2026-10-05 09:41:32","Maldonado"
"Inmobiliaria Corso","ACC3778","Inmobiliaria Corso","Inmobiliaria Corso","0","0","","","","anarosacorsoro@gmail.com","","0.00000000","98364960","","","","","","","","","admin","0","0","0","0","0","","","","","D. Villar","","","","","","","","","","","2023-09-05 18:41:10","admin","IMPORT","0","","2026-10-05 09:41:33","Maldonado"
"Blueprop","ACC3780","Blueprop","Blueprop","0","0","","","www.blueprop.com.uy","danielsaponari@gmail.com","","0.00000000","94542055","","","","","","","","","admin","0","0","0","0","0","","","","","D. Villar","","","","","","","","","","","2023-09-05 18:41:10","admin","IMPORT","0","","2026-10-05 09:41:33","Maldonado"
"Corporación Gastronómica","ACC3782","Corporación Gastronómica","Corporación Gastronómica","0","0","","","","sebastian@mobydick.com.uy","","0.00000000","96444152","","","","","","","","","admin","0","0","0","0","0","","","","","D. Villar","","","","","","","","","","","2023-09-05 18:41:10","admin","IMPORT","0","","2026-10-05 09:41:33","Maldonado"
"Iniciativas Sostenible","ACC3783","Iniciativas Sostenible","Iniciativas Sostenible","0","0","","","","marketonline.maldonado@gmail.com","","0.00000000","99765110","","","","","","","","","admin","0","0","0","0","0","","","","","D. Villar","","","","","","","","","","","2023-09-05 18:41:10","admin","IMPORT","0","","2026-10-05 09:41:34","Maldonado"
"Paletas Oddy","ACC3784","Paletas Oddy","Paletas Oddy","0","0","","","","luanarios997@gmail.com","","0.00000000","91333349","","","","","","","","","admin","0","0","0","0","0","","","","","D. Villar","","","","","","","","","","","2023-09-05 18:41:10","admin","IMPORT","0","","2026-10-05 09:41:34","Maldonado"
"Zoo Development","ACC3785","Zoo Development","Zoo development","0","0","","","","pabloramosport725@gmail.com","","0.00000000","99693669","","","","","","","","","admin","0","0","0","0","0","","","","","D. Villar","","","","","","","","","","","2023-09-05 18:41:10","admin","IMPORT","0","","2026-10-05 09:41:34","Maldonado"
"Autoservicio Fede y Santi","ACC3791","Autoservicio Fede y Santi","Autoservicio Fede y Santi","0","0","","","","sylviapereztab@gmail.com","","0.00000000","95356437","","","","","","","","","admin","0","0","0","0","0","","","","","D. Villar","","","","","","","","","","","2023-09-05 18:41:10","admin","IMPORT","0","","2026-10-05 09:41:35","Maldonado"
"MARE","ACC3792","MARE Sustentable","MARE","0","0","","","www.maresustentable.uy","info@maresustentable.uy","","0.00000000","99622335","","","","","","","","","admin","0","0","0","0","0","","","","","D. Villar","","","","","","","","","","","2023-09-05 18:41:10","admin","IMPORT","0","","2026-10-05 09:41:35","Maldonado"
"Anni creaciones","ACC3793","Anni creaciones","Anni creaciones","0","0","","","","enaliaggonzalez@gmail.com","","0.00000000","94873295","","","","","","","","","admin","0","0","0","0","0","","","","","D. Villar","","","","","","","","","","","2023-09-05 18:41:10","admin","IMPORT","0","","2026-10-05 09:41:36","Maldonado"
"The Tea House","ACC3794","The Tea House","The Tea House","0","0","","","","theteahousepunta@gmail.com","","0.00000000","97030313","","","","","","","","","admin","0","0","0","0","0","","","","","D. Villar","","","","","","","","","","","2023-09-05 18:41:10","admin","IMPORT","0","","2026-10-05 09:41:36","Maldonado"
"Meneghin Construcciones","ACC3795","Meneghin Construcciones","Meneghin Construcciones","0","0","","","","cmcpuntadeleste@gmail.com","","0.00000000","95867691","","","","","","","","","admin","0","0","0","0","0","","","","","D. Villar","","","","","","","","","","","2023-09-05 18:41:10","admin","IMPORT","0","","2026-10-05 09:41:36","Maldonado"
"La Lenteria","ACC3796","La Lenteria","La Lenteria","0","0","","","www.lalenteria.com.uy","adrigimeno@gmail.com","","0.00000000","99582214","","","","","","","","","admin","0","0","0","0","0","","","","","D. Villar","","","","","","","","","","","2023-09-05 18:41:10","admin","IMPORT","0","","2026-10-05 09:41:37","Maldonado"
"Habilitaciones Gluten Free","ACC3800","Habilitaciones Gluten Free","Habilitaciones Gluten Free","0","0","","","","habilitacionesglutenfree@gmail.com","","0.00000000","99754905","","","","","","","","","admin","0","0","0","0","0","","","","","D. Villar","","","","","","","","","","","2023-09-05 18:41:11","admin","IMPORT","0","","2026-10-05 09:41:37","Maldonado"
"Saltos Encordados Uruguay","ACC3808","TOYOS STUART LUCIA Y PAGUAS ALVAREZ SEBASTIAN","Saltos Encordados Uruguay","100818080015","0","","","","sebastianx30@gmail.com","","0.00000000","99933994","","","","","","","","","admin","0","0","0","0","0","","","","","D. Villar","","","","","","","","","","","2023-09-05 18:41:11","admin","IMPORT","0","","2026-10-05 09:41:38","Maldonado"
"Vitanza","ACC3809","Vitanza","Vitanza","0","0","","","","b.cibils@gmail.com","","0.00000000","92464848","","","","","","","","","admin","0","0","0","0","0","","","","","D. Villar","","","","","","","","","","","2023-09-05 18:41:11","admin","IMPORT","0","","2026-10-05 09:41:38","Maldonado"
"Iniciativas Sostenibles","ACC3825","Iniciativas Sostenibles","Iniciativas Sostenibles","0","0","","","","","","0.00000000","","","","","","","","","","admin","0","0","0","0","0","","","","","","","","","","","","","","","","2023-09-06 13:41:31","admin","WEBSERVICE","0","","2026-10-05 09:41:38",""
"Asociación Uruguaya de Pymes Lácteas","ACC3826","Asociación Uruguaya de Pymes Lácteas","AUPIL","0","0","","Gremiales/Asociación","","","","0.00000000","","","","","","","","","","admin","0","0","0","0","0","","","","","","","","","","","","","","","","2023-09-19 18:29:12","mcalvo@cncs.com.uy","CRM","0","","2026-10-05 09:41:39",""
"Fabiana Torton","ACC3829","Fabiana Torton","Fabiana Torton","218490200015","0","","Empresas Socias Directas","","Toranzof@nexaconsultora.com.ar","094182991","590.00000000","","","","","","Servicios Profesionales- Técnicos Especializados -Certificaciones","Micro (1 a 4)","","19. Servicios profesionales, técnicos, especializados y aquellos no incluidos en otros grupos","admin","0","0","0","0","1","","218490200015","TS02","SOLIC-BAJA","Se contacta a empresa que le interesa asociarse por tema de servicios de la CCSUY y Congreso del CEF- Se envío propuesta y se afilió. La titular se contacto para ver temas referentes a los servicios y genera una reunión presencial para la próxima semana. Viernes 29/09","","","","","","","","","","","2023-09-20 18:46:10","ncladera@cncs.com.uy","CRM","0","","2026-10-05 09:41:39","Montevideo"
"CCI DE PIRIÁPOLIS","ACC3830","CENTRO COMERCIAL E INDUSTRIAL DE PIRIÁPOLIS","CeCIP","100494500014","0","","Centro Comercial","","","","0.00000000","099198917","","","","","","","","","admin","0","0","0","0","0","","100494500014","TS03","VIG","","","","","","","","","Uruguay","Maldonado","Maldonado","2023-09-20 18:55:49","nbutin@cncs.com.uy","CRM","0","","2026-10-05 09:41:40","Maldonado"
"CAKES","ACC3831","CAKES SRL","CAKES","211287820015","0","","Empresas Socias Directas","www.cakes.com.uy","cakes@montevideo.com.uy","27075477","0.00000000","099102981","JUANPABLOPEREIRA@YAHOO.COM","","","","Procesamiento y conservación de alimentos - bebidas y tabaco","Pequeña (5 a 19)","","12. Hoteles, restoranes y bares","admin","0","0","0","0","1","","211287820015","TS02","VIG","Empresa de alimentos dedicada a la elaboración de productos dulces frescos y congelados. Trabaja con marcas propias y le elabora algunos productos a Conaprole","JOSE ELLAURI 1067","","Montevideo","","","","Uruguay","","Montevideo","Montevideo","2023-09-20 19:00:59","ncladera@cncs.com.uy","CRM","0","","2026-10-05 09:41:40","Montevideo"
"AE DE TARARIRAS","ACC3832","ASOCIACIÓN EMPRESARIAL DE TARARIRAS","AE DE TARARIRAS","0","0","","Centro Comercial","","albertogiusi15@gmail.com","","0.00000000","098860285","","","","","","","","","admin","0","0","0","0","0","","","TS03","VIG","","","","","","","","","","Colonia","Colonia","2023-09-20 19:02:24","nbutin@cncs.com.uy","CRM","0","","2026-10-05 09:41:40","Colonia"
"CCI DE JUAN LACAZE","ACC3833","CENTRO COMERCIAL E INDUSTRIAL DE JUAN LACAZE","CCiJL","040250300019","0","","Centro Comercial","","centrocomercialjl2015@gmail.com","","0.00000000","091372050","","","","","","","","","admin","0","0","0","0","0","","040250300019","TS03","VIG","","","","","","","","","","Colonia","Colonia","2023-09-20 19:06:16","nbutin@cncs.com.uy","CRM","0","","2026-10-05 09:41:41",""
"MARTILUN","ACC3834","MARTILUN SA","MARTILUN","218153270018","0","","Empresas Socias Directas","","juaan.azambuja@gmail.com","094339497","0.00000000","099102981","JUANPABLOPEREIRA@YAHOO.COM","","","","Other","Pequeña (5 a 19)","","1. Procesamiento y conservación de alimentos, bebidas y tabaco","admin","0","0","0","0","0","","218153270018","TS02","VIG","Empresa dedicada a la elaboración de productos congelados y frescos para el mercado local.","TOMAS TORIBIO 1428","","Montevideo","","","","Uruguay","","Montevideo","Montevideo","2023-09-20 19:07:52","ncladera@cncs.com.uy","CRM","0","","2026-10-05 09:41:41","Montevideo"
"CCI DE COLONIA SUIZA- NUEVA HELVECIA","ACC3835","CENTRO COMERCIAL E INDUSTRIAL DE COLONIA SUIZA","CCI DE COLONIA SUIZA- NUEVA HELVECIA","040261470018","0","","Centro Comercial","www.ccicoloniasuiza.uy","ccomnh@gmail.com","4554 6529","0.00000000","092380785","","","","","","","","","admin","0","0","0","0","0","","040261470018","TS03","VIG","","","","","","","","","","Colonia","Colonia","2023-09-20 19:14:06","nbutin@cncs.com.uy","CRM","0","","2026-10-05 09:41:42","Colonia"
"CCICV","ACC3836","Centro Comercial e Industrial de Colonia Valdense","CCICV","0","0","","Centro Comercial","","","","0.00000000","","","","","","","","","","admin","0","0","0","0","0","","","","","","","","","","","","","","","","2023-09-20 19:16:47","nbutin@cncs.com.uy","CRM","0","","2026-10-05 09:41:42",""
"AS E CONCHILLAS Y SU ZONA","ACC3837","Asociación Empresarial de Conchillas y su Zona","ASECOZ","40480590019","0","","Centro Comercial","","asociacionchonchillas@gmail.com","","0.00000000","091007551","","","","","","","","","admin","0","0","0","0","0","","040480590019","TS03","VIG","","","","","","","","","","Colonia","Colonia","2023-09-20 19:41:19","nbutin@cncs.com.uy","CRM","0","","2026-10-05 09:41:42","Colonia"
"SEMM","ACC3838","ALCARAZ SA","SEMM","211337530015","0","","Prospecto","","","","0.00000000","096437296","","","","","Tecnología-Telecomunicaciones- actividades conexas","","","15.Servicios de salud y anexos","admin","0","0","0","0","0","","","","","Servicio de Emergencia Medico Móvil","","","","","","","","","","","2023-09-20 20:04:00","ncladera@cncs.com.uy","CRM","0","","2026-10-05 09:41:43","Montevideo"
"Axel Agustin Pereyra Machado","ACC3839","Axel Agustin Pereyra Machado","Datos de Escuela Arte y Diseño","150547220017","0","","Empresas Socias Directas","www.escuelaayd.com","info@escuelaayd.com","093732166","0.00000000","095673884","axel_pereyra_21@hotmail.com","095673884","","","Servicios de Enseñanza","","","","admin","0","0","0","0","1","","150547220017","TS02","SOLIC-BAJA","Escuela de Arte y Diseño. Dedicada a la educación y comercialización de sus capacitaciones.","","","","","","","","","","","2023-09-20 20:08:48","ncladera@cncs.com.uy","CRM","0","","2026-10-05 09:41:43","Maldonado"
"SOLIDAR SA","ACC3840","SOLIDAR SA","JD&A SAS","0","0","","Prospecto","https://certificaciones.greatplacetowork.com.uy/solidar","solidar@solidar.com.uy","096454440","0.00000000","","","","","","","","","","admin","0","0","0","0","0","","","","","Gustavo Guinobono es quien envío la solicitud de información. Empresa de ambulancias dedicada al traslado de pacientes con y sin acompañantes.","","","","","","","","","","","2023-09-20 20:16:12","ncladera@cncs.com.uy","CRM","0","","2026-10-05 09:41:44",""
"Cámara Binacional Ecuador - Uruguay","ACC3841","Cámara Binacional Ecuador - Uruguay","Cámara Binacional Ecuador - Uruguay","0","0","","Prospecto","","","","0.00000000","","","","","","","","","","admin","0","0","0","0","0","","","","","Se evalúa la opción de crear la Cámara Binacional Ecuador Uruguay con el finde poder trabajar en conjunto con varias empresas de Ecuador y de la mano con Comercio Exterior.","","","","","","","","","","","2023-09-20 20:20:38","ncladera@cncs.com.uy","CRM","0","","2026-10-05 09:41:44",""
"Imperplast","ACC3842","Imperplast SRL","Imperplast","210725380012","0","","Empresas Socias Directas","www.imperplast.com.uy","drial@imperplast.com.uy","22005260","0.00000000","094292459","scedrani@imperplast.com.uy","094292459","","","Bazar-Ferretería-Pinturería","","","","admin","0","1","0","0","1","","210725380012","TS02","VIG","Empresa familiar dedicada a la comercialización de membranas","San Martín 3481","","Montevideo","","","","Uruguay","","Montevideo","Montevideo","2023-09-21 14:16:45","ncladera@cncs.com.uy","CRM","0","","2026-10-05 09:41:44","Montevideo"
"Eurocámara Uruguay","ACC3843","Eurocámara Uruguay","Eurocámara Uruguay","0","0","","Gremiales/Asociación","","vivarromerocarlos@gmail.com","","0.00000000","","","","","","","Micro (1 a 4)","","","admin","0","0","0","0","0","","","","","","","","","","","","","","","","2023-09-21 18:37:00","nbutin@cncs.com.uy","CRM","0","","2026-10-05 09:41:45",""
"Jorge Pereyra","ACC3844","Jorge Pereyra","Jorge Pereyra","0","0","","","","","","0.00000000","","","","","","","","","","admin","0","0","0","0","0","","","","","","","","","","","","","","","","2023-09-22 19:15:19","nbutin@cncs.com.uy","CRM","0","","2026-10-05 09:41:45",""
"Agua Nativa","ACC3845","MILOTUR SA","Nativa","213970000019","0","","Prospecto","","","26261100","0.00000000","","","","","","Other","","","","admin","0","0","0","0","0","","213970000019","","","Nos contactamos con Guillermo Chonichesky, por tema de Gremial del Agua. Se invita como expositor para conformar un living entre las empresas que embotellan agua dentro del ciclo de Recursos Naturales que da inicio la CCSUy","","","","","","","Uruguay","Uruguay","Maldonado","Maldonado","2023-09-22 19:22:25","ncladera@cncs.com.uy","CRM","0","","2026-10-05 09:41:45",""
"Agua Esencial","ACC3846","CEAR SA","Esencial","213821960010","0","","Prospecto","www.aguaesencial.com","","44346203","0.00000000","","","","","","","","","","admin","0","0","0","0","0","","","","","Nos contactamos hace unos meses con Agua Esencial para ver tema de una posible gremial del Agua. Se realizaron gestiones internas con diferentes agentes por temas económicos de la situación con la no potabilización del agua.  También nos contactamos para darles participación dentro del evento del ciclo de los recursos naturales. Aceptaron participar del evento este próximo 27/09 dentro del living en donde exponen las empresas que comercializan el agua.","","","","","","","","","","","2023-09-22 19:31:15","ncladera@cncs.com.uy","CRM","0","","2026-10-05 09:41:46",""
"Olmos","ACC3847","Olmos","Olmos","0","0","","Prospecto","","","","0.00000000","","","","","","","","","","admin","0","0","0","0","0","","","","","Nos reunimos conjuntamente con el despachante FACAL & CIA y la empresa OLMOS, Certificados de Origen con el fin de dar a conocer nuestros servicios y  comentar el apoyo de la CCSUy en las instancias de exportación de los productos y otros servicios de estudios económicos asociados","","","","","","","","","","","2023-09-22 19:34:43","ncladera@cncs.com.uy","CRM","0","","2026-10-05 09:41:46",""
"facal & Cia","ACC3848","facalycia","Facal","210213950014","0","","Prospecto","https://www.fyc-uy.com/","","2604 8609","0.00000000","","","094562689","","","","","","","admin","0","0","0","0","0","","210213950014","","","Despachantes, trabajan con OLMOS","","","","","","","","","","","2023-09-25 16:09:24","ncladera@cncs.com.uy","CRM","0","","2026-10-05 09:41:47",""
"CAMBADU","ACC3849","CAMBADU","CAMBADU","0","0","","Gremiales/Asociación","","","","0.00000000","","","","","","","","","","admin","0","0","0","0","0","","","","","","","","","","","","","","","","2023-09-25 20:48:35","nbutin@cncs.com.uy","CRM","0","","2026-10-05 09:41:47",""
"Asociación de Feriantes del Uruguay","ACC3850","Asociación de Feriantes del Uruguay","Asociación de Feriantes del Uruguay","0","0","","Gremiales/Asociación","","","","0.00000000","","","","","","","","","","admin","0","0","0","0","0","","","","","","","","","","","","","","","","2023-09-25 20:49:43","nbutin@cncs.com.uy","CRM","0","","2026-10-05 09:41:47",""
"Maguinor Maderas","ACC3851","Maguinor SA","Maguinor Maderas","212691040016","0","","Empresas Socias Directas","www.maguinormaderas.com.uy","agustin.hughes@maguinormaderas.com.uy","","0.00000000","095065135","","","","","Industria de la Madera-Celulosa- Papel","","","","admin","0","0","0","0","0","","212691040016","TS02","VIG","","","","","","","","","","Montevideo","Montevideo","2023-09-28 20:04:29","lviana@cncs.com.uy","CRM","0","","2026-10-05 09:41:48","Montevideo"
"BlueCross & BlueShield","ACC3852","Swiss Medical Uruguay SA","BlueCross & BlueShield","212659800019","0","","Empresas Socias Directas","www1.bcbsu.com.uy","jmengot@bcbsu.com.uy","","0.00000000","098424282","","","","","Intermediación Financiera- Seguros- inversión","","","","admin","0","0","0","0","0","","212659800019","TS02","VIG","","","","","","","","","","Montevideo","Montevideo","2023-09-28 20:07:31","lviana@cncs.com.uy","CRM","0","","2026-10-05 09:41:48","Montevideo"
"Dooing Digital","ACC3853","Dooing Digital SRL","Dooing Digital","217663180012","0","","Empresas Socias Directas","","rzengin@perceptiva.tech","","0.00000000","092435399","","","","","Tecnología-Telecomunicaciones- actividades conexas","","","","admin","0","0","0","0","0","","217663180012","TS02","BAJ","","","","","","","","","","Montevideo","Montevideo","2023-09-28 20:10:27","lviana@cncs.com.uy","CRM","0","","2026-10-05 09:41:49","Montevideo"
"Perceptiva","ACC3854","Perceptiva SRL","Perceptiva","217663180012","0","","Empresas Socias Directas","","rzengin@perceptiva.tech","","0.00000000","092435399","","","","","Tecnología-Telecomunicaciones- actividades conexas","","","","admin","0","0","0","0","0","","217663180012","TS02","BAJ","","","","","","","","","","Montevideo","Montevideo","2023-09-28 20:12:18","lviana@cncs.com.uy","CRM","0","","2026-10-05 09:41:49","Montevideo"
"LEARNINC","ACC3855","Mercedes Remedi Correa - Marco Sebastián Moscardi","LEARNINC","215382530013","0","","Empresas Socias Directas","www.learninc.app","marco.moscardi@learninc.app","","0.00000000","095852722","","","","","Servicios de Enseñanza","","","","admin","0","0","0","0","0","","215382530013","TS02","SOLIC-BAJA","","","","","","","","","","Montevideo","Montevideo","2023-09-28 20:14:30","lviana@cncs.com.uy","CRM","0","","2026-10-05 09:41:50","Montevideo"
"Anabela Aldaz","ACC3856","Anabela Aldaz","Anabela Aldaz","3339884-2","0","","Empresas Socias Directas","","anabelaaldaz68@gmail.com","","0.00000000","094442048","","","","","Servicios Profesionales- Técnicos Especializados -Certificaciones","","","","admin","0","0","0","0","0","","33398842","TS02","VIG","","","","","","","","","","Montevideo","Montevideo","2023-09-29 17:44:23","lviana@cncs.com.uy","CRM","0","","2026-10-05 09:41:50","Montevideo"
"Carlos Matyszczyk","ACC3857","Carlos Matyszczyk","Carlos Matyszczyk","1333678-7","0","","Empresas Socias Directas","","cmatyszczyk@gmail.com","","0.00000000","","","","","","Other","","","","admin","0","0","0","0","0","","13336787","TS02","VIG","","","","","","","","","","Montevideo","Montevideo","2023-09-29 17:47:13","lviana@cncs.com.uy","CRM","0","","2026-10-05 09:41:50","Montevideo"
"Eureka Learning","ACC3858","Eureka Institute SAS","Eureka Learning","219390440012","0","","Empresas Socias Directas","","jorgepieureka@gmail.com","","0.00000000","","jon.eureka@gmail.com","","","","Servicios de Enseñanza","","","","admin","0","0","0","0","0","","219390440012","TS02","VIG","","","","","","","","","","Montevideo","Montevideo","2023-09-29 17:50:11","ncladera@cncs.com.uy","CRM","0","","2026-10-05 09:41:51","Montevideo"
"Electro Service","ACC3859","Electro Service MYE SAS","Electro Service","219459550016","0","","Empresas Socias Directas","","rdeleon@surix.com.uy","","0.00000000","099200210","","","","","Tecnología-Telecomunicaciones- actividades conexas","","","","admin","0","0","0","0","0","","219459550016","TS02","VIG","","","","","","","","","","Montevideo","Montevideo","2023-09-29 17:54:47","ncladera@cncs.com.uy","CRM","0","","2026-10-05 09:41:51","Montevideo"
"Hack Academy","ACC3860","Hack Academy SAS","Hack Academy","217957250018","0","","Empresas Socias Directas","www.ha.dev","hola@ha.dev","","0.00000000","","marcus@ha.dev","","","","Servicios de Enseñanza","","","","admin","0","0","0","0","0","","217957250018","TS02","SOLIC-BAJA","","","","","","","","","","Montevideo","Montevideo","2023-09-29 17:57:21","ncladera@cncs.com.uy","CRM","0","","2026-10-05 09:41:52","Montevideo"
"Nexa Consultora","ACC3861","Fabiana Toranzo","Nexa Consultora","218490200015","0","","Empresas Socias Directas","","toranzof@nexaconsultora.com.ar","","0.00000000","094182991","","","","","Servicios Profesionales- Técnicos Especializados -Certificaciones","","","","admin","0","0","0","0","0","","218490200015","TS02","SOLIC-BAJA","","","","","","","","","","","","2023-09-29 17:59:26","lviana@cncs.com.uy","CRM","0","","2026-10-05 09:41:52","Montevideo"
"Bebesit","ACC3864","Yomani SA","Bebesit","213405470015","0","","Empresas Socias Directas","www.bebesit.com.uy","matias@yomani.com.uy","","0.00000000","23594747","","","","","Bazar-Ferretería-Pinturería","","","","admin","0","0","0","0","0","","213405470015","TS02","VIG","","","","","","","","","","Montevideo","Montevideo","2023-09-29 18:08:58","lviana@cncs.com.uy","CRM","0","","2026-10-05 09:41:52","Montevideo"
"Match Your Business","ACC3865","Mercado Negocios SAS","Match Your Business","219036700014","0","","Empresas Socias Directas","www.matchyourbiz.com/es/home","eloisa.ogando@matchyourbiz.com","097228628","0.00000000","095003300","","","","","Tecnología-Telecomunicaciones- actividades conexas","","","","admin","0","0","0","0","0","","219036700014","TS02","SOLIC-BAJA","","","","","","","","","","Montevideo","Montevideo","2023-10-04 17:35:58","lviana@cncs.com.uy","CRM","0","","2026-10-05 09:41:53","Montevideo"
"LPGC Laboratorio de Calibración","ACC3866","Metrología e Instrumentación LPGC SAS","LPGC Laboratorio de Calibración","218879730019","0","","Empresas Socias Directas","www.lpgcalibraciones.com.uy/index.php","pedrogatti@lpgcalibraciones.com.uy","29025743","0.00000000","099572981","info@lpgcalibraciones.com.uy","","","","Servicios Profesionales- Técnicos Especializados -Certificaciones","","","","admin","0","0","0","0","0","","218879730019","TS02","VIG","","","","","","","","","","Montevideo","Montevideo","2023-10-04 17:39:50","ncladera@cncs.com.uy","CRM","0","","2026-10-05 09:41:53","Montevideo"
"Círculo Informático","ACC3867","Evertil SA","Círculo Informático","217456730017","0","","Empresas Socias Directas","www.circuloinformatico.edu.uy","mregenparquebatlle@hotmail.com","29047350","0.00000000","094441349","","","","","Servicios de Enseñanza","","","","admin","0","0","0","0","0","","217456730017","TS02","SOLIC-BAJA","","","","","","","","","","Montevideo","Montevideo","2023-10-04 17:44:20","ncladera@cncs.com.uy","CRM","0","","2026-10-05 09:41:54","Montevideo"
"Captar Relaciones Laborales","ACC3868","HELLEN RUTH ALVAREZ DENES","Captar Relaciones Laborales","150547790018","0","","Empresas Socias Directas","","captarelacioneslaborales@gmail.com","","0.00000000","097774466","","096262734","","","Servicios Profesionales- Técnicos Especializados -Certificaciones","","","","admin","0","0","0","0","0","","150547790018","TS02","SOLIC-BAJA","","","","","","","","","","Canelones","Canelones","2023-10-04 17:48:19","lviana@cncs.com.uy","CRM","0","","2026-10-05 09:41:54","Canelones"
"LINCE","ACC3869","Lince SRL","LINCE","02124300019","0","","Empresas Socias Directas","www.lincesrl.com.uy","mlmarquisio@lincesrl.com.uy","","0.00000000","094626169","","","","2002-04-01","Vigilancia-Limpieza","","","","admin","0","0","0","0","0","","","","","","","","","","","","","","","","2023-10-10 19:50:51","lviana@cncs.com.uy","CRM","0","","2026-10-05 09:41:54",""
"CCI DE BELLA UNION","ACC3870","CENTRO COMERCIAL E INDUSTRIAL DE BELLA UNION","CENTRO COMERCIAL E INDUSTRIAL DE BELLA UNION","0","0","","Centro Comercial","","","","0.00000000","","","","","","","","","","admin","0","0","0","0","0","","","","","","","","","","","","","","","","2023-10-11 16:18:08","nbutin@cncs.com.uy","CRM","0","","2026-10-05 09:41:55",""
"CCI DE SARANDÍ GRANDE","ACC3871","CENTRO COMERCIAL E INDUSTRIAL DE SARANDÍ GRANDE","CENTRO COMERCIAL E INDUSTRIAL DE SARANDÍ GRANDE","0","0","","Centro Comercial","","","","0.00000000","","","","","","","","","","admin","0","0","0","0","0","","","","","","","","","","","","","","","","2023-10-12 13:49:36","nbutin@cncs.com.uy","CRM","0","","2026-10-05 09:41:55",""
"U COMERCIANTES DE MALDONADO","ACC3872","UNIÓN DE COMERCIANTES DE MALDONADO","UNIÓN DE COMERCIANTES DE MALDONADO","0","0","","Centro Comercial","","","","0.00000000","","","","","","","","","","admin","0","0","0","0","0","","","","","","","","","","","","","","","","2023-10-12 14:54:22","nbutin@cncs.com.uy","CRM","0","","2026-10-05 09:41:55",""
"GlobalUY","ACC3874","GlobalUY SAS","GlobalUY","217747270012","0","","Empresas Socias Directas","www.globaluy.com","dmalvar@globaluy.com","27058100","0.00000000","099154165","Info@globaluy.com","","","","Tecnología-Telecomunicaciones- actividades conexas","","","","admin","0","0","0","0","0","","217747270012","TS02","VIG","","","","","","","","","","Montevideo","Montevideo","2023-10-24 12:26:29","lviana@cncs.com.uy","CRM","0","","2026-10-05 09:41:56","Montevideo"
"Algebra","ACC3876","Algebra","Algebra","0","0","","","","","","0.00000000","","","","","","","","","","admin","0","0","0","0","0","","","","","","","","","","","","","","","","2023-10-24 15:48:44","nbutin@cncs.com.uy","CRM","0","","2026-10-05 09:41:56",""
"Confitería 25 de Mayo","ACC3877","25 de Mayo SRL","Confitería 25 de Mayo","211383360011","0","","Empresas Socias Directas","","rtemez@confiteria25demayo.com","","0.00000000","094249793","","","","","Procesamiento y conservación de alimentos - bebidas y tabaco","","","","admin","0","0","0","0","1","Socio","211383360011","","VIG",".","","","","","","","","","Montevideo","Montevideo","2023-10-30 13:36:21","vpopovich@cncs.com.uy","CRM","0","","2026-10-05 09:41:57","Montevideo"
"Cotraydi","ACC3879","Cotraydi","Cotraydi","0","0","","","","","095138354","0.00000000","095138354","","","","","","","","","admin","0","0","0","0","0","","","","","","","","","","","","","","","","2023-11-03 19:16:07","mcalvo@cncs.com.uy","CRM","0","","2026-10-05 09:41:57",""
"Nicolás García Badani","ACC3880","Nicolás García Badani","Nicolás García Badani","0","0","","Prospecto","","","","0.00000000","","","","","","","","","","admin","0","0","0","0","0","","","","","","","","","","","","","","","","2023-11-17 19:15:25","nbutin@cncs.com.uy","CRM","0","","2026-10-05 09:41:58",""
"Asociación de Free Shops de Chuy","ACC3881","Asociación de Free Shops de Chuy","Asociación de Free Shops de Chuy","0","0","","","","","","0.00000000","","","","","","","","","","admin","0","0","0","0","0","","","","","","","","","","","","","","","","2023-11-21 17:43:20","nbutin@cncs.com.uy","CRM","0","","2026-10-05 09:41:58",""
"Ralph Dietrich Schmidt","ACC3882","SCHMIDT SCHIERLOH RALPH DIETRICH","Ralph Dietrich Schmidt","218009880017","0","","Empresas Socias Directas","","ralph.schmidtliermann@gmail.com","","0.00000000","099640595","","","","","Ganadería - Agricultura y Actividades Conexas","Micro (1 a 4)","","","admin","0","0","0","0","0","","218009880017","TS02","SOLIC-BAJA","","","","","","","","","","Montevideo","Montevideo","2023-11-21 20:01:49","lviana@cncs.com.uy","CRM","0","","2026-10-05 09:41:58","Montevideo"
"Virginia Chinetti","ACC3883","CHINETTI IRAZABAL VIRGINIA","Virginia Chinetti","215987460014","0","","Empresas Socias Directas","","virginia.chinetti@gmail.com","","0.00000000","092221977","","","","","","Micro (1 a 4)","","","admin","0","0","0","0","1","Socio","215987460014","","","","","","","","","","","","Montevideo","Montevideo","2023-11-22 18:07:02","lviana@cncs.com.uy","CRM","0","","2026-10-05 09:41:59","Montevideo"
"SomnoCentro","ACC3884","SomnoCentro SAS","SomnoCentro","218716350012","0","","Empresas Socias Directas","www.somnocentro.uy","corell2011@gmail.com","094981236","0.00000000","s 094981236","","","","","","","","","admin","0","0","0","0","0","","218716350012","TS02","SOLIC-BAJA","","","","","","","","","","Montevideo","Montevideo","2023-11-29 18:51:37","nbutin@cncs.com.uy","CRM","0","","2026-10-05 09:41:59","Montevideo"
"CEDU","ACC3885","CAMARA DE ECONOMIA DIGITAL DEL URUGUAY","CEDU","0","0","","Gremiales/Asociación","","","","0.00000000","","","","","","","","","","admin","0","0","0","0","0","","","","","","","","","","","","","","","","2023-12-07 15:46:13","nbutin@cncs.com.uy","CRM","0","","2026-10-05 09:42:00",""
"SAU","ACC3886","SOCIEDAD APICOLA URUGUAYA","SOCIEDAD APICOLA URUGUAYA","0","0","","Gremiales/Asociación","","","","0.00000000","","","","","","","","","","admin","0","0","0","0","0","","","","","","","","","","","","","","","","2023-12-07 15:46:48","nbutin@cncs.com.uy","CRM","0","","2026-10-05 09:42:00",""
"INEFOP","ACC3887","Instituto Nacional de Empleo y Formación Profesional","INEFOP","0","0","","","www.inefop.uy","","","0.00000000","","","","","","","","","","admin","0","0","0","0","0","","","","","","","","","","","","","","","","2023-12-07 18:45:18","fjuarez@cncs.com.uy","CRM","0","","2026-10-05 09:42:00",""
"DNA","ACC3888","Dirección Nacional de Aduanas","DNA","0","0","","","","","","0.00000000","","","","","","","","","","admin","0","0","0","0","0","","","","","","","","","","","","","","","","2023-12-07 18:47:26","nbutin@cncs.com.uy","CRM","0","","2026-10-05 09:42:01",""
"Flipando","ACC3889","Flipando","Flipando.ai","0","0","","Prospecto","https://www.flipando.ai/espanol","","","0.00000000","","","","","","","","","","admin","0","0","0","0","0","","","","","","","","","","","","","","","","2023-12-07 18:51:37","fcarlone","CRM","0","","2026-10-05 09:42:01",""
"UCU","ACC3890","Universidad Católica del Uruguay","UCU","0","0","","","","","","0.00000000","","","","","","","","","","admin","0","0","0","0","0","","","","","","","","","","","","","","","","2023-12-07 18:52:56","fcarlone","CRM","0","","2026-10-05 09:42:02",""
"UEU","ACC3891","Unión de Exportadores del Uruguay","UEU","0","0","","","","","","0.00000000","","","","","","","","","","admin","0","0","0","0","0","","","","","","","","","","","","","","","","2023-12-07 18:54:20","lbajac","CRM","0","","2026-10-05 09:42:02",""
"UCUBS","ACC3892","Universidad catolica del uruguay business school","UCUBS","0","0","","","","","","0.00000000","","","","","","","","","","admin","0","0","0","0","0","","","","","","","","","","","","","","","","2023-12-07 18:56:28","fcarlone","CRM","0","","2026-10-05 09:42:03",""
"AGESIC","ACC3893","AGENCIA DE GOBIERNO ELECTRÓNICO Y SOCIEDAD DE LA INFORMACIÓN Y DEL CONOCIMIENTO","AGESIC","0","0","","","https://www.gub.uy/agencia-gobierno-electronico-sociedad-informacion-conocimiento/","","","0.00000000","","","","","","","","","","admin","0","0","0","0","0","","","","","","","","","","","","","","","","2023-12-07 18:59:13","lbajac","CRM","0","","2026-10-05 09:42:03",""
"ALBA MARTÍNEZ","ACC3894","ALBA MARTÍNEZ CONSULTORÍA EMPRESARIAL","ALBA MARTÍNEZ","0","0","","","","","","0.00000000","","","","","","","","","","admin","0","0","0","0","0","","","","","","","","","","","","","","","","2023-12-07 19:02:57","lbajac","CRM","0","","2026-10-05 09:42:03",""
"MMA","ACC3895","MARTÍNEZ, MARTINEZ & ASOCIADOS","MMA","0","0","","","","","","0.00000000","","","","","","","","","","admin","0","0","0","0","0","","","","","","","","","","","","","","","","2023-12-07 19:06:29","lbajac","CRM","0","","2026-10-05 09:42:04",""
"ECOVIS","ACC3896","ECOVIS","ECOVIS","0","0","","","","","","0.00000000","","","","","","","","","","admin","0","0","0","0","0","","","","","","","","","","","","","","","","2023-12-07 19:07:14","lbajac","CRM","0","","2026-10-05 09:42:04",""
"C-LEVEL","ACC3897","C-LEVEL","C-LEVEL","0","0","","","","","","0.00000000","","","","","","","","","","admin","0","0","0","0","0","","","","","","","","","","","","","","","","2023-12-07 19:08:33","lbajac","CRM","0","","2026-10-05 09:42:04",""
"STUDIO 4D","ACC3898","STUDIO 4D","STUDIO 4D","0","0","","","","","","0.00000000","","","","","","","","","","admin","0","0","0","0","0","","","","","","","","","","","","","","","","2023-12-07 19:09:30","lbajac","CRM","0","","2026-10-05 09:42:05",""
"ESTUDIO PEREZ DEL CASTILLO","ACC3899","ESTUDIO PEREZ DEL CASTILLO","ESTUDIO PEREZ DEL CASTILLO","217021440015","0","","","","","","0.00000000","","","","","","Servicios Profesionales- Técnicos Especializados -Certificaciones","","","","admin","0","0","0","0","0","","217021440015","TS02","BAJ","","","","","","","","","","","","2023-12-07 19:11:25","lbajac","CRM","0","","2026-10-05 09:42:05",""
"ORT","ACC3900","UNIVERSIDAD ORT URUGUAY","ORT","0","0","","","https://www.ort.edu.uy/","","","0.00000000","","","","","","","","","","admin","0","0","0","0","0","","","","","","","","","","","","","","","","2023-12-07 19:20:33","lbajac","CRM","0","","2026-10-05 09:42:06",""
"MICROSOFT","ACC3901","MICROSOFT DE URUGUAY SA","MICROSOFT","0","0","","","https://www.microsoft.com/es-uy","","","0.00000000","","","","","","","","","","admin","0","0","0","0","0","","","","","","","","","","","","","","","","2023-12-07 19:22:50","lbajac","CRM","0","","2026-10-05 09:42:06",""
"QUINTA DISCIPLINA","ACC3902","QUINTA DISCIPLINA CONSULTORES","QUINTA DISCIPLINA","0","0","","","https://www.qdc.com.uy/","","","0.00000000","","","","","","","","","","admin","0","0","0","0","0","","","","","","","","","","","","","","","","2023-12-07 19:25:53","lbajac","CRM","0","","2026-10-05 09:42:07",""
"ALL IN ONE","ACC3903","ALL IN ONE DISTRIBUIDORA DE BEBIDAS","ALL IN ONE","0","0","","","https://www.distribuidorabebidas.com.uy/","","","0.00000000","","","","","","","","","","admin","0","0","0","0","0","","","","","","","","","","","","","","","","2023-12-07 19:28:21","lbajac","CRM","0","","2026-10-05 09:42:07",""
"PORTO SERVICIOS","ACC3904","PORTO SERVICIOS","PORTO SERVICIOS","0","0","","","https://www.portoservicios.com.uy/","","","0.00000000","","","","","","","","","","admin","0","0","0","0","0","","","","","","","","","","","","","","","","2023-12-07 19:30:04","lbajac","CRM","0","","2026-10-05 09:42:07",""
"LA TAHONA","ACC3905","LA TAHONA","LA TAHONA","0","0","","","https://latahona.com.uy/","","","0.00000000","","","","","","","","","","admin","0","0","0","0","0","","","","","","","","","","","","","","","","2023-12-07 19:34:02","fcarlone","CRM","0","","2026-10-05 09:42:08",""
"PILAY Uruguay - AFISA","ACC3906","Pilay Uruguay Administradora de Fondos de Inversión SA","PILAY Uruguay - AFISA","215500530018","0","","Empresas Socias Directas","www.pilayuruguay.com.uy","","","0.00000000","","","","","","","","","","admin","0","0","0","0","0","","215500530018","TS02","CANJ","","","","","","","","","","Montevideo","Montevideo","2023-12-07 19:35:46","fcarlone","CRM","0","","2026-10-05 09:42:08","Montevideo"
"GRAMON BAGÓ","ACC3907","GRAMON BAGÓ","GRAMON BAGÓ","0","0","","Prospecto","https://www.gramonbago.com.uy/","","","0.00000000","","","","","","","","","","admin","0","0","0","0","0","","","","","","","","","","","","","","","","2023-12-07 19:37:29","lbajac","CRM","0","","2026-10-05 09:42:08",""
"NETGATE","ACC3908","NETGATE","NETGATE","0","0","","Prospecto","https://netgate.com.uy/","","","0.00000000","","","","","","","","","","admin","0","0","0","0","0","","","","","","","","","","","","","","","","2023-12-07 19:38:51","nbutin@cncs.com.uy","CRM","0","","2026-10-05 09:42:09",""
"LA ARTICULADORA","ACC3909","LA ARTICULADORA","LA ARTICULADORA","0","0","","","https://laarticuladora.com/","","","0.00000000","","","","","","","","","","admin","0","0","0","0","0","","","","","JUAN ABEL","","","","","","","","","","","2023-12-07 19:43:45","fcarlone","CRM","0","","2026-10-05 09:42:09",""
"Zagonel SA","ACC3910","Zagonel SA","Zagonel SA","0","0","","","","","","0.00000000","","","","","","","","","","admin","0","0","0","0","0","","","","","","","","","","","","","","","","2023-12-19 20:16:37","nbutin@cncs.com.uy","CRM","0","","2026-10-05 09:42:10",""
"Trondial SA","ACC3911","Trondial SA","Fini/ Nativo","214644170010","0","","","","duga@trondial.uy","","0.00000000","","","","","","","","","","admin","0","0","0","0","0","","","","","","","","","","","","","","","","2023-12-26 15:29:39","nbutin@cncs.com.uy","CRM","0","","2026-10-05 09:42:10",""
"Genexa","ACC3912","Genexa","Genexa","0","0","","","","","","0.00000000","","","","","","","","","","admin","0","0","0","0","0","","","","","","","","","","","","","","","","2023-12-28 15:01:40","nbutin@cncs.com.uy","CRM","0","","2026-10-05 09:42:10",""
"Star Register","ACC3913","Star Certifications SAS","Star Register","219629310010","0","","Empresas Socias Directas","www.staregister.org","gustavo.sosa@staregister.com","","0.00000000","094830506","","","","","Servicios Profesionales- Técnicos Especializados -Certificaciones","","","","admin","0","0","0","0","0","","219629310010","TS02","VIG","Gustavo Sosa","","","","","","","","","Montevideo","Montevideo","2024-01-03 18:11:49","nbutin@cncs.com.uy","CRM","0","","2026-10-05 09:42:11","Montevideo"
"DJI Uruguay","ACC3914","Baynal SA","DJI Uruguay","214986450017","0","","Empresas Socias Directas","www.djistore.com.uy","miguel@baynal.com.uy","27111186","0.00000000","099659062","","","","","","","","","admin","0","1","0","0","0","","214986450017","TS02","VIG","","","","","","","","","","Montevideo","Montevideo","2024-01-24 14:35:50","lviana@cncs.com.uy","CRM","0","","2026-10-05 09:42:11","Montevideo"
"Anubis Mar Suárez Sarmiento","ACC3915","Anubis Mar Suárez Sarmiento","Anubis Mar Suárez Sarmiento","218688590018","0","","Empresas Socias Directas","","anubissuarez@gmail.com","","0.00000000","092768225","","","","","","","","","admin","0","0","0","0","0","","218688590018","TS02","SOLIC-BAJA","","","","","","","","","","Montevideo","Montevideo","2024-02-20 13:52:13","lviana@cncs.com.uy","CRM","0","","2026-10-05 09:42:12","Montevideo"
"AFS","ACC3916","AFS","AFS","0","0","","","","","","0.00000000","","","","","","","","","","admin","0","0","0","0","0","","","","","","","","","","","","","","","","2024-02-27 16:22:13","nbutin@cncs.com.uy","CRM","0","","2026-10-05 09:42:12",""
"Zureo Software","ACC3917","Mega SA","Zureo Software","212899880017","0","","Empresas Socias Directas","https://web.zureo.com/home","","","0.00000000","","comercial@zureo.com","","","","","","","","admin","0","0","0","0","0","","212899880017","TS02","CANJ","","","","","","","","","","Montevideo","Montevideo","2024-02-27 20:25:56","nbutin@cncs.com.uy","CRM","0","","2026-10-05 09:42:12","Montevideo"
"Acceso Fácil","ACC3918","Acceso Fácil","Acceso Fácil","0","0","","","","","","0.00000000","","","","","","","","","","admin","0","0","0","0","0","","","","","","","","","","","","","","","","2024-02-29 13:49:49","nbutin@cncs.com.uy","CRM","0","","2026-10-05 09:42:13",""
"AMINA","ACC3919","Asociación de Mineros de Artigas","AMINA","0","0","","Centro Comercial","","","","0.00000000","","","","","","","","","","admin","0","0","0","0","0","","","","","","","","","","","","","","","","2024-02-29 13:52:02","nbutin@cncs.com.uy","CRM","0","","2026-10-05 09:42:13",""
"Florencia María Ferreira Coronel","ACC3920","Florencia María Ferreira Coronel","Florencia María Ferreira Coronel","030230530011","0","","Empresas Socias Directas","","craflorenciaferreira@vera.com.uy","","0.00000000","096102318","","","","","","","","","admin","0","0","0","0","0","","030230530011","TS02","VIG","","","","","","","","","","Cerro Largo","Cerro Largo","2024-03-12 19:26:11","nbutin@cncs.com.uy","CRM","0","","2026-10-05 09:42:13","Cerro Largo"
"Albanell Bensich - El Yunque","ACC3921","","El Yunque","0","0","","","","cheloal@hotmail.com","","0.00000000","","","","","","","","","","admin","0","0","0","0","1","","","","","","","","","","","","","","","","2024-03-14 18:01:31","vpopovich@cncs.com.uy","IMPORT","0","","2026-10-05 09:42:14",""
"Aruya","ACC3922","","Fredy Mayer","0","0","","","","094025748 fredy.mayer@aruyauruguay.com","","0.00000000","","","","","","","","","","admin","0","0","0","0","0","","","","","","","","","","","","","","","","2024-03-14 18:01:31","vpopovich@cncs.com.uy","IMPORT","0","","2026-10-05 09:42:14",""
"Autoservice Villa","ACC3923","","Alejandro y Mariana Rodríguez","0","0","","","","93415605","","0.00000000","","","","","","","","","","admin","0","0","0","0","0","","","","","","","","","","","","","","","","2024-03-14 18:01:31","vpopovich@cncs.com.uy","IMPORT","0","","2026-10-05 09:42:14",""
"Berrutti","ACC3925","","Ma Paz Berrutti","0","0","","","","mpberrutti@hotmail.com","","0.00000000","","","","","","","","","","admin","0","0","0","0","0","","","","","","","","","","","","","","","","2024-03-14 18:01:31","vpopovich@cncs.com.uy","IMPORT","0","","2026-10-05 09:42:15",""
"Buenas Migas","ACC3927","MAJUSO LTDA","Margarita Soria","110241350011","0","","","","96307746","","0.00000000","","","","","","","","","","admin","0","0","0","0","0","","110241350011","","","","","","","","","","","","","","2024-03-14 18:01:31","vpopovich@cncs.com.uy","IMPORT","0","","2026-10-05 09:42:15",""
"Centro de Competitividad Empresarial Las Piedras","ACC3930","","Alejandro Pizzolon","0","0","","","","99742482","","0.00000000","","","","","","","","","","admin","0","0","0","0","0","","","","","","","","","","","","","","","","2024-03-14 18:01:32","vpopovich@cncs.com.uy","IMPORT","0","","2026-10-05 09:42:16",""
"Colegio Ciudad Vieja","ACC3932","TOBLES SA","Colegio Ciudad Vieja","211531800014","0","","","www.colegiociudadvieja.edu.uy","ines.segredo@gmail.com","","0.00000000","095960206","","","","","","","","","admin","0","0","0","0","1","","","","",".","","","","","","","","","","","2024-03-14 18:01:32","vpopovich@cncs.com.uy","IMPORT","0","","2026-10-05 09:42:16",""
"El Tacurú","ACC3936","","Luis Mario Fros","0","0","","","","sistagro@adinet.com.uy","","0.00000000","","","","","","","","","","admin","0","0","0","0","0","","","","","","","","","","","","","","","","2024-03-14 18:01:32","vpopovich@cncs.com.uy","IMPORT","0","","2026-10-05 09:42:16",""
"Equipamiento Láser","ACC3937","EQUIPAMIENTO LASER SRL","Daniel Choroszucha","212364450017","0","","","www.equipamientolaser.com.uy","97690790","","0.00000000","","","","","","","","","","admin","0","0","0","0","0","","","","","","","","","","","","","","Montevideo","Montevideo","2024-03-14 18:01:32","vpopovich@cncs.com.uy","IMPORT","0","","2026-10-05 09:42:17","Montevideo"
"Godenal SA","ACC3939","Godenal SA","Daniel Duran","214578470015","0","","","","godenalsa@adinet.com.uy","","0.00000000","","","","","","","","","","admin","0","0","0","0","0","","","","","","","","","","","","","","","","2024-03-14 18:01:32","vpopovich@cncs.com.uy","IMPORT","0","","2026-10-05 09:42:17",""
"La Cruz","ACC3940","MARIZCURRENA MARTINICORENA MARTHA ETEHL","Patricia Abid","210367680017","0","","","","patriciaadib@hotmail.com","","0.00000000","","","","","","","","","","admin","0","0","0","0","0","","","","","","","","","","","","","","","","2024-03-14 18:01:32","vpopovich@cncs.com.uy","IMPORT","0","","2026-10-05 09:42:17",""
"Pedro Merla","ACC3942","PEDRO MERLA SA","Alina Merla","210285850016","0","","","","095174260 / alinam@pedromerla.com","","0.00000000","","","","","","","","","","admin","0","0","0","0","0","","","","","","","","","","","","","","","","2024-03-14 18:01:32","vpopovich@cncs.com.uy","IMPORT","0","","2026-10-05 09:42:18",""
"Refugio","ACC3944","SANTA SABINA SA","Refugio","215150230010","0","","","","nicoecheverria@hotmail.com","","0.00000000","99663385","","","","","","","","","admin","0","0","0","0","0","","","","",".","","","","","","","","","","","2024-03-14 18:01:32","vpopovich@cncs.com.uy","IMPORT","0","","2026-10-05 09:42:18",""
"Sensaciones","ACC3946","","Carolina","0","0","","","","sensacionesdelbuensabor@gmail.com","","0.00000000","","","","","","","","","","admin","0","0","0","0","0","","","","","","","","","","","","","","","","2024-03-14 18:01:32","vpopovich@cncs.com.uy","IMPORT","0","","2026-10-05 09:42:19",""
"Proyecto Inversiones","ACC3949","Proyectos Ingeniería SA","Proyecto Inversiones","214205050010","0","","Empresas Socias Directas","","info@proyectos.com.uy","","0.00000000","095022334","","","","","","","","","admin","0","0","0","0","0","","214205050010","TS02","SOLIC-BAJA","","","","","","","","","","Montevideo","Montevideo","2024-03-19 18:21:02","ncladera@cncs.com.uy","CRM","0","","2026-10-05 09:42:19","Montevideo"
"Jorge Javier Magnelli","ACC3950","Jorge Javier Magnelli","NOMADE","219494010014","0","","Empresas Socias Directas","","nomademvd@gmail.com","","0.00000000","094532080","","","","","","","","","admin","0","0","0","0","0","","219494010014","TS02","SOLIC-BAJA","","","","","","","","","","Montevideo","Montevideo","2024-04-01 19:01:37","ncladera@cncs.com.uy","CRM","0","","2026-10-05 09:42:20","Montevideo"
"Grupo DL Plus","ACC3951","Grupo DL SAS","Grupo DL Plus","215446950018","0","Accounts::::ADITACI","Empresas Socias Directas","","diaz.lue@hotmail.com","","0.00000000","099028625","","","","","","","","","admin","0","0","0","0","0","","215446950018","TS02","VIG","","","","","","","","","","Montevideo","Montevideo","2024-04-09 14:18:34","ncladera@cncs.com.uy","CRM","0","","2026-10-05 09:42:20","Montevideo"
"Distribuidora Soriano","ACC3952","Distribuidora Soriano Ltda","Distribuidora Soriano","180073000013","0","Accounts::::ADITACI","Empresas Socias Directas","","fjcolucci@hotmail.com","","0.00000000","099684768","","","","","","","","","admin","0","0","0","0","0","","180073000013","TS02","VIG","","","","","","","","","","Soriano","Soriano","2024-04-09 14:25:10","nbutin@cncs.com.uy","CRM","0","","2026-10-05 09:42:20","Soriano"
"Juliano SRL","ACC3953","Juliano SRL","Juliano SRL","210183860012","0","Accounts::::ADITACI","Empresas Socias Directas","","julianovtas@gmail.com","","0.00000000","","","","","","","","","","admin","0","0","0","0","0","","210183860012","TS02","VIG","","","","","","","","","","Montevideo","Montevideo","2024-04-09 14:27:57","ncladera@cncs.com.uy","CRM","0","","2026-10-05 09:42:21","Montevideo"
"Box SRL","ACC3954","Box SRL","Box SRL","213902550017","0","Accounts::::ADITACI","Empresas Socias Directas","","boxsrl@hotmail.com","","0.00000000","099612990","","","","","","","","","admin","0","0","0","0","0","","213902550017","TS02","VIG","","","","","","","","","","Montevideo","Montevideo","2024-04-09 14:31:41","ncladera@cncs.com.uy","CRM","0","","2026-10-05 09:42:21","Montevideo"
"Alvarez y Gamarra SC","ACC3955","Alvarez y Gamarra SC","Alvarez y Gamarra SC","211030490012","0","Accounts::::ADITACI","Empresas Socias Directas","","tisansi@hotmail.com","","0.00000000","094410460","","","","","","","","","admin","0","0","0","0","0","","211030490012","TS02","VIG","","","","","","","","","","Montevideo","Montevideo","2024-04-09 14:33:37","ncladera@cncs.com.uy","CRM","0","","2026-10-05 09:42:22","Montevideo"
"Silva´s SRL","ACC3956","Silva´s SRL","Silvas SRL","210614200016","0","","Empresas Socias Directas","","josilvanevada@gmail.com","","0.00000000","094456299","","","","","","","","","admin","0","0","0","0","0","","210614200016","TS02","VIG","","","","","","","","","","Maldonado","Maldonado","2024-04-09 14:37:08","nbutin@cncs.com.uy","CRM","0","","2026-10-05 09:42:22","Maldonado"
"Salto Representaciones SRL","ACC3957","Salto Representaciones SRL","Salto Representaciones SRL","160137020015","0","Accounts::::ADITACI","Empresas Socias Directas","","saltorep@hotmail.com","","0.00000000","098725263","","","","","","","","","admin","0","0","0","0","0","","160137020015","TS02","VIG",".","","","","","","","","","Salto","Salto","2024-04-09 14:40:23","nbutin@cncs.com.uy","CRM","0","","2026-10-05 09:42:22","Salto"
"Canica SRL","ACC3958","Canica SRL","Canica SRL","211997730011","0","Accounts::::ADITACI","Empresas Socias Directas","","gmarquez@canicasrl.com","","0.00000000","094448209","","","","","","","","","admin","0","0","0","0","0","","211997730011","TS02","VIG",".","","","","","","","","","Canelones","Canelones","2024-04-09 14:42:24","ncladera@cncs.com.uy","CRM","0","","2026-10-05 09:42:23","Canelones"
"Divino","ACC3959","Divino SA","Divino","210001310011","0","","Empresas Socias Directas","","","","0.00000000","","","","","","","","","","admin","0","0","0","0","0","","210001310011","TS02","CANJ","","","","","","","","","","","","2024-04-10 19:06:46","fcarlone","CRM","0","","2026-10-05 09:42:23",""
"TANTE EVA","ACC3960","DE LOS SANTOS ALVAREZ MARIA LUISA Y SCHÖPF ZECH EDUARDO CONRAD","TANTE EVA","040508100010","0","","Empresas Socias Directas","","eduschopf@yahoo.com.ar","","0.00000000","099651707","","","","","","","","","admin","0","0","0","0","0","","040508100010","TS02","VIG",".","","","","","","","","","Colonia","Colonia","2024-04-16 14:15:45","nbutin@cncs.com.uy","CRM","0","","2026-10-05 09:42:24","Colonia"
"Saavedra Bacigaluz Francisco","ACC3961","Saavedra Bacigaluz Francisco","Saavedra Bacigaluz Francisco","214048650016","0","","Empresas Socias Directas","www.otec.com.uy","facturacion@otec.com.uy","","0.00000000","096239316","","","","","","","","","admin","0","0","0","0","0","","214048650016","TS02","VIG",".","","","","","","","","","Montevideo","Montevideo","2024-04-16 14:18:55","ncladera@cncs.com.uy","CRM","0","","2026-10-05 09:42:24","Montevideo"
"SABORES BET-EL","ACC3962","RODRIGUEZ FREITAS MARY LORENA","SABORES BET-EL","100674120015","0","","Empresas Socias Directas","www.saboresbetel.com","lorenafreitasbalneareo23@gmail.com","","0.00000000","095302424","","","","","","","","","admin","0","0","0","0","0","","100674120015","TS02","CANJ",".","","","","","","","","","Maldonado","Maldonado","2024-04-16 14:21:35","nbutin@cncs.com.uy","CRM","0","","2026-10-05 09:42:24","Maldonado"
"Centro Comercial e Industrial de Pan de Azúcar","ACC3963","Centro Comercial e Industrial de Pan de Azúcar","Centro Comercial e Industrial de Pan de Azúcar","0","0","","Centro Comercial","","","","0.00000000","","","","","","","","","","admin","0","0","0","0","0","","","","","","","","","","","","","","","","2024-04-25 18:53:03","nbutin@cncs.com.uy","CRM","0","","2026-10-05 09:42:25",""
"Farmacia Canaro","ACC3965","CANARO SRL","Farmacia Canaro","218590580014","0","","Empresas Socias Directas","","opticacanaro@gmail.com","","0.00000000","098308696","","","","","","","","","admin","0","0","0","0","0","","218590580014","TS02","SOLIC-BAJA",".","","","","","","","","","Montevideo","Montevideo","2024-04-29 18:28:44","ncladera@cncs.com.uy","CRM","0","","2026-10-05 09:42:25","Montevideo"
"Centro La Teja","ACC3967","Centro La Teja SRL","Centro La Teja","218269530016","0","","Empresas Socias Directas","","centrolateja@gmail.com","23041800","0.00000000","099695150","","","","","","","","","admin","0","0","0","0","0","","218269530016","TS02","VIG",".","","","","","","","","","Montevideo","Montevideo","2024-05-08 18:15:53","ncladera@cncs.com.uy","CRM","0","","2026-10-05 09:42:26","Montevideo"
"Similis SA","ACC3968","Similis SA","Similis SA","217444530018","0","","Empresas Socias Directas","","facundovignone09@outlook.com","","0.00000000","099352485","","099685926","","","","","","","admin","0","0","0","0","1","Socio","217444530018","","VIG","","","","","","","","","","Montevideo","Montevideo","2024-05-08 19:42:12","vpopovich@cncs.com.uy","CRM","0","","2026-10-05 09:42:26","Montevideo"
"TOTALFLEX","ACC3969","Rolecor SA","TOTALFLEX","216574660010","0","","Empresas Socias Directas","www.totalflex.com.uy","constanza@totalflex.com.uy","","0.00000000","095278770","","","","","","","","","admin","0","0","0","0","1","Socio","216574660010","","VIG",".","","","","","","","","","Montevideo","Montevideo","2024-05-08 19:44:30","vpopovich@cncs.com.uy","CRM","0","","2026-10-05 09:42:26","Montevideo"
"MI CASA","ACC3970","MI CASA SA","MI CASA","211372510017","0","","Empresas Socias Directas","www.micasaonline.uy","","22095416","0.00000000","094698343","","","","","","","","","admin","0","0","0","0","0","","211372510017","TS02","VIG","","","","","","","","","","Montevideo","Montevideo","2024-05-09 13:15:29","ncladera@cncs.com.uy","CRM","0","","2026-10-05 09:42:27","Montevideo"
"UHY Gubba & Asociados","ACC3971","UHY Gubba & Asociados SAS","UHY Gubba & Asociados","219528330016","0","","Empresas Socias Directas","www.uhygubba.uy","sgubba@uhygubba.uy","29155807","0.00000000","098374193","","","","","Servicios Profesionales- Técnicos Especializados -Certificaciones","","","","admin","0","0","0","0","1","Socio","219528330016","TS02","VIG",".","","","","","","","","","Montevideo","Montevideo","2024-05-09 17:52:31","vpopovich@cncs.com.uy","CRM","0","","2026-10-05 09:42:27","Montevideo"
"Laboratorio Electrón","ACC3972","Electrón SA","Laboratorio Electrón","210458920010","0","","","www.electron.com.uy","","","0.00000000","","","","","","","","","","admin","0","0","0","0","0","","210458920010","","",".","","","","","","","","","Canelones","Canelones","2024-05-15 18:17:38","nbutin@cncs.com.uy","CRM","0","","2026-10-05 09:42:28","Canelones"
"x a la n","ACC3973","x a la n","x a la n","0","0","","","","","","0.00000000","","","","","","","","","","admin","0","0","0","0","0","","","","","","","","","","","","","","","","2024-05-20 13:26:21","nbutin@cncs.com.uy","CRM","0","","2026-10-05 09:42:28",""
"Altos del Arapey","ACC3974","Altos del Arapey","Altos del Arapey","0","0","","","","","","0.00000000","","","","","","","","","","admin","0","0","0","0","0","","","","","","","","","","","","","","","","2024-05-20 13:28:41","nbutin@cncs.com.uy","CRM","0","","2026-10-05 09:42:28",""
"Asociación Uruguaya de Compliance","ACC3975","Asociación Uruguaya de Compliance","Asociación Uruguaya de Compliance","218620450016","0","","Gremiales/Asociación","www.compliance.uy","info@compliance.com.uy","","0.00000000","093870228","","","","","","","","","admin","0","0","0","0","0","","218620450016","TS03","VIG",".","","","","","","","","","Montevideo","Montevideo","2024-05-22 14:44:45","nbutin@cncs.com.uy","CRM","0","","2026-10-05 09:42:29","Montevideo"
"Cáceres Rochon Edgar Santiago","ACC3976","Cáceres Rochon Edgar Santiago","Cáceres Rochon Edgar Santiago","200209890013","0","","Empresas Socias Directas","","santiagocaceres154@hotmail.com","","0.00000000","099856313","","","","","","","","","admin","0","0","0","0","0","","200209890013","TS02","SOLIC-BAJA",".","","","","","","","","","Rocha","Rocha","2024-06-03 18:35:45","nbutin@cncs.com.uy","CRM","0","","2026-10-05 09:42:29","Rocha"
"Centro Comercial e Industrial de Bella Unión","ACC3977","Centro Comercial e Industrial de Bella Unión","Centro Comercial e Industrial de Bella Unión","0","0","","Centro Comercial","","","","0.00000000","","","","","","","","","","admin","0","0","0","0","0","","","","","","","","","","","","","","","","2024-06-03 20:05:24","nbutin@cncs.com.uy","CRM","0","","2026-10-05 09:42:29",""
"RP MAM SAS","ACC3978","RP MAM SAS","RP MAM SAS","219158990017","0","","Empresas Socias Directas","","rgutierrez@cambiovelso.com.uy","","0.00000000","091447444","","","","","","","","","admin","0","0","0","0","0","","219158990017","TS02","VIG",".","","","","","","","","","Montevideo","Montevideo","2024-06-05 14:04:13","ncladera@cncs.com.uy","CRM","0","","2026-10-05 09:42:30","Montevideo"
"RP Prado SAS","ACC3979","RP Prado SAS","RP Prado SAS","218712010012","0","","Empresas Socias Directas","","rgutierrez@cambiovelso.com.uy","","0.00000000","091447444","","","","","","","","","admin","0","0","0","0","0","","218712010012","TS02","VIG",".","","","","","","","","","Montevideo","Montevideo","2024-06-05 14:05:33","ncladera@cncs.com.uy","CRM","0","","2026-10-05 09:42:30","Montevideo"
"Culdesac SRL","ACC3980","Culdesac SRL","Culdesac SRL","120303530015","0","","Empresas Socias Directas","","administracion@cdsingenieros.com","47256895","0.00000000","","","","","","","","","","admin","0","0","0","0","0","","120303530015","TS02","SOLIC-BAJA",".","","","","","","","","","Paysandú","Paysandú","2024-06-05 14:07:31","nbutin@cncs.com.uy","CRM","0","","2026-10-05 09:42:31","Paysandú"
"Velso SA","ACC3981","Velso SA","Velso SA","211600360014","0","","Empresas Socias Directas","","rgutierrez@cambiovelso.com.uy","","0.00000000","0914474444","","","","","","","","","admin","0","0","0","0","0","","211600360014","TS02","VIG",".","","","","","","","","","Montevideo","Montevideo","2024-06-05 14:08:42","ncladera@cncs.com.uy","CRM","0","","2026-10-05 09:42:31","Montevideo"
"RP Colon SAS","ACC3982","RP Colon SAS","RP Colon SAS","218711930010","0","","Empresas Socias Directas","","rgutierrez@cambiovelso.com.uy","","0.00000000","0914474444","","","","","","","","","admin","0","0","0","0","0","","218711930010","TS02","VIG",".","","","","","","","","","Montevideo","Montevideo","2024-06-05 14:09:51","ncladera@cncs.com.uy","CRM","0","","2026-10-05 09:42:31","Montevideo"
"MARQ SAS","ACC3983","MARQ SAS","MARQ SAS","219506100018","0","Accounts::::CUSAI","Empresas Socias Directas","","carla@marq.com.uy","","0.00000000","098908696","","","","","","","","","admin","0","0","0","0","0","","219506100018","TS02","VIG",".","","","","","","","","","Montevideo","Montevideo","2024-06-07 14:22:49","ncladera@cncs.com.uy","CRM","0","","2026-10-05 09:42:32","Montevideo"
"TATA LUIS SAS","ACC3984","TATA LUIS SAS","TATA LUIS SAS","218707730010","0","Accounts::::Integra Residenciales","Empresas Socias Directas","","residencialtataluis@gmail.com","","0.00000000","094330198","","","","","","","","","admin","0","0","0","0","0","","218707730010","TS02","VIG",".","","","","","","","","","Montevideo","Montevideo","2024-06-07 14:26:38","ncladera@cncs.com.uy","CRM","0","","2026-10-05 09:42:32","Montevideo"
"Zona Oeste SRL","ACC3985","Zona Oeste SRL","Zona Oeste SRL","219338470011","0","","Empresas Socias Directas","","","","0.00000000","094572521","hectorfernandez@adinet.com.uy","","","","","","","","admin","0","0","0","0","0","","219338470011","TS02","VIG",".","","","","","","","","","Montevideo","Montevideo","2024-06-11 17:54:11","ncladera@cncs.com.uy","CRM","0","","2026-10-05 09:42:33","Montevideo"
"Ximena SRL","ACC3986","Ximena SRL","Ximena SRL","150160400018","0","Accounts::::ADITACI","Empresas Socias Directas","","ximena-srl@adinet.com.uy","","0.00000000","099870245","","","","","","","","","admin","0","0","0","0","0","","150160400018","TS02","VIG",".","","","","","","","","","Montevideo","Montevideo","2024-06-11 17:59:37","ncladera@cncs.com.uy","CRM","0","","2026-10-05 09:42:33","Montevideo"
"Steneri SAS","ACC3987","Steneri SAS","Steneri SAS","218804510011","0","Accounts::::ADITACI","Empresas Socias Directas","","carlossteneribotaro@gmail.com","","0.00000000","099180800","","","","","","","","","admin","0","0","0","0","0","","218804510011","TS02","VIG",".","","","","","","","","","Montevideo","Montevideo","2024-06-11 18:02:10","ncladera@cncs.com.uy","CRM","0","","2026-10-05 09:42:33","Montevideo"
"Lasso Hnos SRL","ACC3988","Lasso Hnos SRL","Lasso Hnos SRL","213081310018","0","Accounts::::ADITACI","Empresas Socias Directas","","nandolasso@hotmail.com","","0.00000000","099911500","","","","","","","","","admin","0","0","0","0","0","","213081310018","TS02","VIG",".","","","","","","","","","Montevideo","Montevideo","2024-06-11 18:09:52","ncladera@cncs.com.uy","CRM","0","","2026-10-05 09:42:34","Montevideo"
"Human PHI","ACC3989","Galmor SRL","Human PHI","212308490017","0","","Empresas Socias Directas","www.humanphi.com","comercial@humanphi.com","","0.00000000","099082015","","","","","","","","","admin","0","0","0","0","0","","212308490017","TS02","VIG",".","","","","","","","","","Montevideo","Montevideo","2024-06-12 19:26:00","ncladera@cncs.com.uy","CRM","0","","2026-10-05 09:42:34","Montevideo"
"Sacramento Distribuciones","ACC4022","Sacramento Distribuciones SRL","Sacramento Distribuciones","217843120018","0","Accounts::::ADITACI","Empresas Socias Directas","www.sacramentosrl.com","diego@sacramentosrl.com","","0.00000000","099642997","","","","","","","","","admin","0","0","0","0","0","","217843120018","TS02","VIG",".","","","","","","","","","Colonia","Colonia","2024-06-27 13:24:47","nbutin@cncs.com.uy","CRM","0","","2026-10-05 09:42:35","Colonia"
"Garmar Ltda","ACC4023","Garmar Ltda","Garmar Ltda","211535340018","0","Accounts::::ADITACI","Empresas Socias Directas","","garmarnevada@icloud.com","","0.00000000","098890537","","","","","","","","","admin","0","0","0","0","0","","211535340018","TS02","VIG",".","","","","","","","","","Montevideo","Montevideo","2024-06-27 13:32:56","ncladera@cncs.com.uy","CRM","0","","2026-10-05 09:42:35","Montevideo"
"F de la Fuente y CIA Ltda","ACC4024","F de la Fuente y CIA Ltda","F de la Fuente y CIA Ltda","180059260011","0","Accounts::::ADITACI","Empresas Socias Directas","","administracion@delaefe.com.uy","","0.00000000","098710244","","","","","","","","","admin","0","0","0","0","0","","180059260011","TS02","VIG",".","","","","","","","","","Soriano","Soriano","2024-06-27 13:38:05","nbutin@cncs.com.uy","CRM","0","","2026-10-05 09:42:35","Soriano"
"SERVICOM Ltda","ACC4025","SERVICOM Ltda","SERVICOM Ltda","180109420017","0","","Empresas Socias Directas","","","","0.00000000","","","","","","","","","","admin","0","0","0","0","1","Exsocio","180109420017","","BAJ",".","","","","","","","","","Soriano","Soriano","2024-07-11 15:00:50","vpopovich@cncs.com.uy","CRM","0","","2026-10-05 09:42:36","Soriano"
"DEL ARBOL SAS","ACC4026","DEL ARBOL SAS","DEL ARBOL SAS","170364110012","0","","","","delarbolsas@gmail.com","","0.00000000","099898743","","","","","","","","","admin","0","0","0","0","1","","","","",".","","","","","","","","","","","2024-07-11 15:04:36","vpopovich@cncs.com.uy","CRM","0","","2026-10-05 09:42:36","San José"
"De la fuente","ACC4032","","","0","0","","","","","","0.00000000","","","","","","","","","","admin","0","0","0","0","0","","","","","","","","","","","","","","","","2024-07-11 15:45:18","vpopovich@cncs.com.uy","CRM","0","","2026-10-05 09:42:37",""
"Agencia de Qunielas 3","ACC4035","","","0","0","","","","","","0.00000000","","","","","","","","","","admin","0","0","0","0","0","","","","","","","","","","","","","","","","2024-07-11 17:21:06","vpopovich@cncs.com.uy","CRM","0","","2026-10-05 09:42:37",""
"Agencia de Quinielas 15","ACC4036","PASO MARTINEZ ALVARO FERNANDO, PASO JAUNSOLO VALENTINA Y OTROS","Agencia de Quinielas 15","110299280016","0","","Empresas Socias Directas","","valepaso@gmail.com","","0.00000000","0 99197762","","","","","","","","","admin","0","0","0","0","1","","110299280016","TS02","VIG","","","","","","","","","","Canelones","Canelones","2024-07-11 17:23:31","vpopovich@cncs.com.uy","CRM","0","","2026-10-05 09:42:37","Canelones"
"Agencia de Quinielas 9","ACC4037","BORDAD GONZALEZ GABRIELA MARINA, BORDAD GONZALEZ SILVIA LILIAN","Agencia de Quinielas 9","110300030014","0","","","","Carolinaalbarenga@hotmail.com","","0.00000000","0 99235648","","","","","","","","","admin","0","0","0","0","1","","","","",".","","","","","","","","","","","2024-07-11 17:25:25","vpopovich@cncs.com.uy","CRM","0","","2026-10-05 09:42:38","Canelones"
"Agencia de Quinielas 5","ACC4038","LANZA FIGUEREDO GUSTAVO, LANZA FIGUEREDO DIEGO Y OTROS","Agencia de Quinielas 5","20187190016","0","","","","polinahao61@gmail.com","","0.00000000","0 99115033","","","","","","","","","admin","0","0","0","0","1","","","","",".","","","","","","","","","","","2024-07-11 17:27:04","vpopovich@cncs.com.uy","CRM","0","","2026-10-05 09:42:38","Canelones"
"Agencia de Quinielas 21","ACC4039","ABADIE SILVEIRA VALENTINA SERRANA","Agencia de Quinielas 21","150562330014","0","","","","matiasimoreira88@gmail.com","","0.00000000","0 98383400","","","","","","","","","admin","0","0","0","0","1","","","","",".","","","","","","","","","","","2024-07-11 17:29:19","vpopovich@cncs.com.uy","CRM","0","","2026-10-05 09:42:38","Canelones"
"Codigo Marketing","ACC4040","BARRIOS ANDREA FABIANA","Codigo Marketing","150516800011","0","","","www.codigomarketing.net","andrea@codigomarketing.net","","0.00000000","0 92 800 105","","","","","","","","","admin","0","0","0","0","1","","","","",".","","","","","","","","","Maldonado","Maldonado","2024-07-11 17:33:01","vpopovich@cncs.com.uy","CRM","0","","2026-10-05 09:42:39","Maldonado"
"Carnicería 18","ACC4042","UMPIERREZ OROÑO DANIEL","Carnicería 18","170175450010","0","","","","","","0.00000000","","","","","","","","","","admin","0","0","0","0","0","","","","",".","","","","","","","","","San José","San José","2024-07-11 17:42:19","vpopovich@cncs.com.uy","CRM","0","","2026-10-05 09:42:39","San José"
"Bodega Rovere","ACC4043","LA GEOVANA LTDA","Bodega Rovere","170082230010","0","","","","labcasao@gmail.com","","0.00000000","099522537","","","","","","","","","admin","0","0","0","0","0","","","","",".","","","","","","","","","San José","San José","2024-07-11 17:43:20","vpopovich@cncs.com.uy","CRM","0","","2026-10-05 09:42:40","San José"
"Del Este Automotores","ACC4044","TECNOCAR SA","Del Este Automotores","213198610011","0","","","","","","0.00000000","","","","","","","","","","admin","0","0","0","0","0","","","","",".","","","","","","","","","","","2024-07-11 17:45:43","vpopovich@cncs.com.uy","CRM","0","","2026-10-05 09:42:40",""
"Bordenave","ACC4045","BORDENAVE BEASLEY SA","Bordenave","218256420012","0","Accounts::::CENTRO COMERCIAL E INDUSTRIAL DE SALTO","Empresas Socias Directas","","veronica.bordenave@gmail.com","","0.00000000","099255801","","","","","Procesamiento y conservación de alimentos - bebidas y tabaco","Mediana (20 a 99)","","1. Procesamiento y conservación de alimentos, bebidas y tabaco","admin","0","1","0","0","1","","218256420012","TS02","VIG",".","","","","","","","","","Salto","Salto","2024-07-11 17:48:03","nbutin@cncs.com.uy","CRM","0","","2026-10-05 09:42:40","Salto"
"Calufe","ACC4046","Similis SA","Calufe","217444530018","0","","Empresas Socias Directas","","facundovignone@yahoo.com","","0.00000000","099352485","","","","","","","","","admin","0","0","0","0","1","Socio","217444530018","","VIG",".","","","","","","","","","","","2024-07-11 17:54:30","vpopovich@cncs.com.uy","CRM","0","","2026-10-05 09:42:41",""
"Unicenter (Verylond SA)","ACC4049","Verylond SA","Unicenter","213633740017","0","","Empresas Socias Directas","","gerardogcardona@gmail.com","","0.00000000","094773653","","","","","","","","","admin","0","0","0","0","1","Socio","213633740017","TS02","VIG","","","","","","","","","","Montevideo","Montevideo","2024-07-11 18:11:52","vpopovich@cncs.com.uy","CRM","0","","2026-10-05 09:42:41","Montevideo"
"Hotel Playa Brava","ACC4051","HOTEL PLAYA BRAVA Sociedad Colectiva","Hotel Playa Brava","100000510013","0","","","www.hotelplayabrava.com.uy","","","0.00000000","0 92661288","","","","","","","","","admin","0","0","0","0","0","","","","",".","","","","","","","","","","","2024-07-11 18:16:51","vpopovich@cncs.com.uy","CRM","0","","2026-10-05 09:42:41",""
"Automotora Liliana CAstro","ACC4052","Automotora Liliana CAstro","Automotora Liliana CAstro","0","0","","","","","47334377","0.00000000","0 99738672","","","","","","","","","admin","0","0","0","0","0","","","","","","","","","","","","","","Salto","Salto","2024-07-11 18:17:46","vpopovich@cncs.com.uy","CRM","0","","2026-10-05 09:42:42","Salto"
"Cooperativa de Trabajo Molino Florida","ACC4054","Cooperativa de Trabajo Molino Florida","Cooperativa de Trabajo Molino Florida","070261310012","0","","Empresas Socias Directas","www.molinoflorida.com.uy","molinoflorida1295@gmail.com","43522013","0.00000000","091346368","","43522033","","","","","","","admin","0","0","0","0","0","","070261310012","TS02","VIG",".","","","","","","","","","Florida","Florida","2024-07-17 18:05:46","nbutin@cncs.com.uy","CRM","0","","2026-10-05 09:42:42","Florida"
"Patricio Comunicaciones","ACC4055","Proelium SRL","Patricio Comunicaciones","217516310019","0","Accounts::::IAB URUGUAY","Empresas Socias Directas","www.patricio.com.uy","seba@patricio.com.uy","","0.00000000","099697941","info@patricio.com.uy","","","","","","","","admin","0","0","0","0","0","","217516310019","TS02","SOLIC-BAJA",".","","","","","","","","","Montevideo","Montevideo","2024-07-17 18:12:38","ncladera@cncs.com.uy","CRM","0","","2026-10-05 09:42:43","Montevideo"
"Garimport","ACC4056","Garimport SA","Garimport","211279020013","0","","Empresas Socias Directas","www.garimport.com","deigogalante@garimport.com","22095620","0.00000000","099777244","ventas@garimport.com","","","","","","","","admin","0","0","0","0","0","","211279020013","TS02","VIG",".","","","","","","","","","Montevideo","Montevideo","2024-07-17 18:26:53","ncladera@cncs.com.uy","CRM","0","","2026-10-05 09:42:43","Montevideo"
"Mayorista Km 65","ACC4057","Mayorista Km 65 SAS","Mayorista Km 65","219207600019","0","","Empresas Socias Directas","","ignaciomendez754@gmail.com","","0.00000000","091376722","","","","","","","","","admin","0","0","0","0","0","","219207600019","TS02","VIG",".","","","","","","","","","Canelones","Canelones","2024-07-17 18:30:40","ncladera@cncs.com.uy","CRM","0","","2026-10-05 09:42:44","Canelones"
"Vernil SRL","ACC4058","Vernil SRL","Vernil SRL","210954500016","0","Accounts::::ADITACI","Empresas Socias Directas","www.vernilsrl.com.uy","vernilsrl.eumpierrez@gmail.com","","0.00000000","098968612","info@vernilsrl.com.uy","","","","","","","","admin","0","0","0","0","0","","210954500016","TS02","VIG",".","","","","","","","","","Montevideo","Montevideo","2024-07-24 13:59:37","ncladera@cncs.com.uy","CRM","0","","2026-10-05 09:42:44","Montevideo"
"Gonzato y Mariño SRL","ACC4059","Gonzato y Mariño SRL","Gonzato y Mariño SRL","215119680018","0","","Empresas Socias Directas","","fmarino1413@gmail.com","","0.00000000","","","","","","","","","","admin","0","0","0","0","0","","215119680018","TS02","VIG",".","","","","","","","","","Montevideo","Montevideo","2024-07-24 14:04:18","ncladera@cncs.com.uy","CRM","0","","2026-10-05 09:42:44","Montevideo"
"JORGE ERNESTO PEREYRA SALINAS","ACC4060","JORGE ERNESTO PEREYRA SALINAS","JORGE ERNESTO PEREYRA SALINAS","040150300017","0","","Empresas Socias Directas","","inforou@gmail.com","","0.00000000","098314960","","","","","","","","","admin","0","0","0","0","0","","040150300017","TS02","SOLIC-BAJA",".","","","","","","","","","Colonia","Colonia","2024-07-24 15:04:01","nbutin@cncs.com.uy","CRM","0","","2026-10-05 09:42:45","Colonia"
"UNA STUDIO","ACC4061","TEDESCHI URRESTARAZU LUCIA, DE LA VEGA FERNANDEZ ANA CELICIA Y OTROS","UNA STUDIO","217632590014","0","","Empresas Socias Directas","www.una-studio.com","luciana@una-studio.com","","0.00000000","099146856","","","","","","","","","admin","0","0","0","0","0","","217632590014","TS02","VIG",".","","","","","","","","","Montevideo","Montevideo","2024-07-24 15:06:45","ncladera@cncs.com.uy","CRM","0","","2026-10-05 09:42:45","Montevideo"
"DIMAL SRL","ACC4062","DIMAL SRL","DIMAL SRL","150149270014","0","","Empresas Socias Directas","","m.adrian.mato@gmail.com","","0.00000000","094114455","","","","","","","","","admin","0","0","0","0","0","","150149270014","TS02","VIG",".","","","","","","","","","Rocha","Rocha","2024-07-25 19:57:49","nbutin@cncs.com.uy","CRM","0","","2026-10-05 09:42:46","Rocha"
"AMERICO MATO SRL","ACC4063","AMERICO MATO SRL","AMERICO MATO SRL","151052960014","0","Accounts::::ADITACI","Empresas Socias Directas","","","","0.00000000","096102099","dannymato1512@hotmail.com","","","","","","","","admin","0","0","0","0","0","","151052960014","TS02","VIG",".","","","","","","","","","Rocha","Rocha","2024-07-25 19:59:18","nbutin@cncs.com.uy","CRM","0","","2026-10-05 09:42:46","Rocha"
"MARKET","ACC4064","Cualderon SA","MARKET","216264000012","0","","Empresas Socias Directas","","daniel.fsh@market.com","","0.00000000","094418193","","","","","","","","","admin","0","0","0","0","0","","216264000012","TS02","VIG",".","","","","","","","","","Montevideo","Montevideo","2024-07-30 13:13:35","ncladera@cncs.com.uy","CRM","0","","2026-10-05 09:42:46","Montevideo"
"Marcelo John García Iriarte","ACC4065","Marcelo John García Iriarte","Marcelo John García Iriarte","218745260018","0","","Empresas Socias Directas","","mgelectricidad.uy@gmail.com","","0.00000000","098905002","","","","","","","","","admin","0","0","0","0","0","","218745260018","TS02","SOLIC-BAJA",".","","","","","","","","","Montevideo","Montevideo","2024-08-06 18:54:59","ncladera@cncs.com.uy","CRM","0","","2026-10-05 09:42:47","Montevideo"
"Brito Martinez Natalia Karina y Martinez González María Cecilia","ACC4066","Brito Martinez Natalia Karina y Martinez González María Cecilia","Brito Martinez Natalia Karina y Martinez González María Cecilia","219448410013","0","","Empresas Socias Directas","","nbrito@estudiomyb.com.uy","","0.00000000","092667917","","","","","","","","","admin","0","0","0","0","0","","219448410013","TS02","VIG",".","","","","","","","","","Montevideo","Montevideo","2024-08-08 14:55:04","ncladera@cncs.com.uy","CRM","0","","2026-10-05 09:42:47","Montevideo"
"Nelson Horacio Padula González","ACC4067","Nelson Horacio Padula González","Nelson Horacio Padula González","040546900010","0","","Empresas Socias Directas","","faurora@adinet.com.uy","","0.00000000","096208727","","","","","","","","","admin","0","0","0","0","0","","040546900010","TS02","VIG","","","","","","","","","","Colonia","Colonia","2024-08-09 18:07:05","nbutin@cncs.com.uy","CRM","0","","2026-10-05 09:42:48","Colonia"
"LACRUZ SAS","ACC4068","LACRUZ SAS","LACRUZ SAS","110443970010","0","Accounts::::ADITACI","Empresas Socias Directas","","carimey79@hotmail.com","","0.00000000","099390566","","","","","","","","","admin","0","0","0","0","0","","110443970010","TS02","VIG",".","","","","Pando","","","","","Canelones","Canelones","2024-09-04 15:13:08","ncladera@cncs.com.uy","CRM","0","","2026-10-05 09:42:48","Canelones"
"Districen SAS","ACC4069","Districen SAS","Districen SAS","190321380012","0","Accounts::::ADITACI","Empresas Socias Directas","","gonzalo@nevasan.com","","0.00000000","099032420","","","","","","","","","admin","0","0","0","0","0","","190321380012","TS02","VIG",".","","","","","","","","","Tacuarembó","Tacuarembó","2024-09-17 15:37:39","nbutin@cncs.com.uy","CRM","0","","2026-10-05 09:42:49","Tacuarembó"
"Sorribas y Pallares SRL","ACC4070","Sorribas y Pallares SRL","Sorribas y Pallares SRL","030086660014","0","Accounts::::ADITACI","Empresas Socias Directas","","sorribasrafael@gmail.com","","0.00000000","099933357","","","","","","","","","admin","0","0","0","0","0","","030086660014","TS02","VIG",".","","","","","","","","","Cerro Largo","Cerro Largo","2024-09-17 15:44:25","nbutin@cncs.com.uy","CRM","0","","2026-10-05 09:42:49","Cerro Largo"
"Nevasan SRL","ACC4071","Nevasan SRL","Nevasan SRL","170255230017","0","Accounts::::ADITACI","Empresas Socias Directas","","gonzalo@nevasan.com","","0.00000000","099032420","","","","","","","","","admin","0","0","0","0","0","","170255230017","TS02","VIG",".","","","","","","","","","San José","San José","2024-09-17 15:47:57","nbutin@cncs.com.uy","CRM","0","","2026-10-05 09:42:49","San José"
"SEFINOR SA","ACC4072","SEFINOR SA","SEFINOR SA","215152420011","0","","Empresas Socias Directas","","patoabeal@sefinor.com.uy","","0.00000000","099299206","","","","","","","","","admin","0","0","0","0","0","","215152420011","TS02","VIG",".","","","","","","","","","Montevideo","Montevideo","2024-09-23 18:34:20","ncladera@cncs.com.uy","CRM","0","","2026-10-05 09:42:50","Montevideo"
"Ruiz Correa Ltda","ACC4073","Ruiz Correa Ltda","Ruiz Correa Ltda","218199260015","0","","Empresas Socias Directas","","contacto@rucoli.com.uy","","0.00000000","099069703","","","","","","","","","admin","0","0","0","0","0","","218199260015","TS02","SOLIC-BAJA","","","","","","","","","","Montevideo","Montevideo","2024-10-14 18:07:10","ncladera@cncs.com.uy","CRM","0","","2026-10-05 09:42:50","Montevideo"
"Mesgo SRL","ACC4074","Mesgo SRL","Mesgo SRL","070106950011","0","Accounts::::ADITACI","Empresas Socias Directas","","mesgosrl@gmail.com","","0.00000000","095418688","","","","","Logística –Transporte – Distribuidora - Almacenamiento","","","","admin","0","0","0","0","0","","070106950011","TS02","VIG",".","","","","","","","","","Florida","Florida","2024-10-14 18:11:28","nbutin@cncs.com.uy","CRM","0","","2026-10-05 09:42:51",""
"Frutura Uruguay","ACC4075","Frutura Uruguay SA BIC","Frutura Uruguay","219039670019","0","","","www.fruturauruguay.com","","","0.00000000","","","","","","Viñedos - Cítricos - Fruticultura - Horticultura - floricultura","","","","admin","0","0","0","0","0","","","","",".","","","","","","","","","Salto","Salto","2024-10-23 13:50:31","nbutin@cncs.com.uy","CRM","0","","2026-10-05 09:42:51",""
"Refinería de Óleos del Uruguay","ACC4076","Refinería de Óleos del Uruguay","Mantex","218214310014","0","","","","","43345509","0.00000000","","","","","","","","","","admin","0","0","0","0","0","","","","",".","","","","","","","","","","","2024-10-30 19:13:37","nbutin@cncs.com.uy","CRM","0","","2026-10-05 09:42:51",""
"Estilo","ACC4077","Estilo SRL","Estilo","215529660017","0","","Empresas Socias Directas","www.estilosrl.com","rodolfo.sosa@estilosrl.com","","0.00000000","096299825","","","","","","","","","admin","0","0","0","0","0","","215529660017","TS02","VIG","","","","","","","","","","Maldonado","Maldonado","2024-11-01 15:41:24","nbutin@cncs.com.uy","CRM","0","","2026-10-05 09:42:52","Maldonado"
"Shopping Salto","ACC4078","Midery SA","Shopping Salto","216188250017","0","","","","","47336200","0.00000000","","","","","","Supermercados- Centro Comerciales- Retail","","","","admin","0","0","0","0","0","","216188250017","TS02","BAJ","","","","","","","","","","Salto","Salto","2024-11-04 20:14:40","nbutin@cncs.com.uy","CRM","0","","2026-10-05 09:42:52",""
"Shopping Paysandú","ACC4079","RETWIR SA","Shopping Paysandú","216997260016","0","","","","","","0.00000000","","","","","","Supermercados- Centro Comerciales- Retail","","","","admin","0","0","0","0","0","","216997260016","","",".","","","","","","","","","Paysandú","Paysandú","2024-11-04 20:17:48","nbutin@cncs.com.uy","CRM","0","","2026-10-05 09:42:53",""
"Domínguez y Otero SRL","ACC4080","Domínguez y Otero SRL","Domínguez y Otero SRL","211108500010","0","Accounts::::ADITACI","Empresas Socias Directas","","sged25@gmail.com","","0.00000000","099299685","","","","","","","","","admin","0","0","0","0","0","","211108500010","TS02","VIG",".","","","","","","","","","Montevideo","Montevideo","2024-11-06 15:05:17","ncladera@cncs.com.uy","CRM","0","","2026-10-05 09:42:53","Montevideo"
"OLGIS","ACC4081","CEBALLOS CALLEROS NICOLAS FEDERICO","OLGIS","218897660019","0","","Empresas Socias Directas","www.olgis.uy","nicolas@olgis.uy","","0.00000000","099706049","olgis@olgis.uy","","","","Tecnología-Telecomunicaciones- actividades conexas","","","","admin","0","0","0","0","0","","218897660019","TS02","VIG",".","","","","","","","","","Montevideo","Montevideo","2024-11-06 15:48:12","ncladera@cncs.com.uy","CRM","0","","2026-10-05 09:42:53","Montevideo"
"Frutos Nativos de Aguas Dulces","ACC4082","Frutos Nativos de Aguas Dulces","Frutos Nativos de Aguas Dulces","0","0","","Prospecto","","","","0.00000000","","","","","","","","","","admin","0","0","0","0","0","","","","","","","","","","","","","","","","2024-11-11 18:44:28","nbutin@cncs.com.uy","CRM","0","","2026-10-05 09:42:54",""
"ORCA TECH","ACC4083","ORCA TECH SAS","ORCA TECH","219488440010","0","","Empresas Socias Directas","www.orca.com.uy","olivier@orca.com.uy","096909097","0.00000000","","","","","","","","","","admin","0","0","0","0","1","Socio","219488440010","","BAJ",".","","","","","","","","","Montevideo","Montevideo","2024-11-14 20:30:45","lcedres","CRM","0","","2026-10-05 09:42:54","Montevideo"
"MJ Marizcurrena y NNegrín","ACC4084","","","0","0","","","","","","0.00000000","99353586","marga888@gmail.com","","","","","","","","admin","0","0","0","0","0","S/D","","","","","","","","","","","","","","","2024-11-15 12:51:50","lcedres","CRM","0","","2026-10-05 09:42:54",""
"HB Consultores","ACC4085","","","0","0","","","","","","0.00000000","098526238","hbconsultoresuy@gmail.com","","","","","","","","admin","0","0","0","0","1","S/D","","","","","","","","","","","","","","","2024-11-15 13:13:31","lcedres","CRM","0","","2026-10-05 09:42:55",""
"Rydesul","ACC4086","Rydesul SA","","0","0","","","","","","0.00000000","93811500","psalamano@gmail.com","","","","","","","","admin","0","0","0","0","1","S/D","","","","","","","","","","","","","","","2024-11-15 13:31:14","lcedres","CRM","0","","2026-10-05 09:42:55",""
"Sanca.uy","ACC4087","","","0","0","","","","","","0.00000000","098277730","rnsh1978@gmail.com","","","","","","","","admin","0","0","0","0","0","","","","","","","","","","","","","","","","2024-11-15 13:37:57","lcedres","CRM","0","","2026-10-05 09:42:56",""
"RI K simas","ACC4088","","","0","0","","","","","","0.00000000","095889306","agusmunche@hotmail.com","","","","Procesamiento y conservación de alimentos - bebidas y tabaco","","","","admin","0","0","0","0","0","","","","","","","","","","","","","","","","2024-11-15 13:55:22","lcedres","CRM","0","","2026-10-05 09:42:56",""
"SCOPO CONSULTORA","ACC4089","","","0","0","","","","","","0.00000000","099091447","tobialeticia@gmail.com","","","","","","","","admin","0","0","0","0","0","","","","","","","","","","","","","","","","2024-11-15 13:56:51","lcedres","CRM","0","","2026-10-05 09:42:56",""
"Visión 3 Consultores","ACC4090","","","0","0","","","","","","0.00000000","094895999","grisselmicol@gmail.com","","","","","","","","admin","0","0","0","0","0","","","","","","","","","","","","","","","","2024-11-15 14:02:59","lcedres","CRM","0","","2026-10-05 09:42:57",""
"Olivo Invest","ACC4091","","","0","0","","","https://www.olivoinvest.com/","","","0.00000000","098245999","carla.pivel@olivoinvest.com","","","","Intermediación Financiera- Seguros- inversión","","","","admin","0","0","0","0","0","","","","","","","","","","","","","","","","2024-11-15 14:09:46","lcedres","CRM","0","","2026-10-05 09:42:57","Montevideo"
"Instituto Plan Agropecuario","ACC4092","","","0","0","","","","","","0.00000000","099617131","jperrachon@planagropecuario.org.uy","","","","","","","","admin","0","0","0","0","0","","","","","","","","","","","","","","","","2024-11-15 17:30:24","lcedres","CRM","0","","2026-10-05 09:42:57",""
"GAMM Consultores","ACC4093","","","0","0","","","","","","0.00000000","099277286","mariajose.varela@gammconsultores.com","","","","","","","","admin","0","0","0","0","0","","","","","","","","","","","","","","","","2024-11-15 17:52:43","lcedres","CRM","0","","2026-10-05 09:42:58",""
"CBA","ACC4094","","","0","0","","","","","","0.00000000","094442318","mruizsaez@gmail.com","","","","","","","","admin","0","0","0","0","0","","","","","","","","","","","","","","","","2024-11-15 17:56:48","lcedres","CRM","0","","2026-10-05 09:42:58",""
"ALCANCE","ACC4095","","","0","0","","","","","","0.00000000","095885441","gabrielgmontoro@gmail.com","","","","","","","","admin","0","0","0","0","0","","","","","","","","","","","","","","","","2024-11-15 18:16:51","lcedres","CRM","0","","2026-10-05 09:42:58",""
"Confitería Carrera","ACC4096","Confitería Carrera SA","","0","0","","","","","","0.00000000","","","","","","","","","","admin","0","0","0","0","0","","","","","","","","","","","","","","","","2024-11-15 18:20:18","lcedres","CRM","0","","2026-10-05 09:42:59",""
"MRGS Advisory Services","ACC4097","","","0","0","","","","","","0.00000000","094606064","rgonzalezstewart@gmail.com","","","","","","","","admin","0","0","0","0","0","","","","","","","","","","","","","","","","2024-11-15 18:30:58","lcedres","CRM","0","","2026-10-05 09:42:59",""
"Cattivelli Hnos SA","ACC4098","Cattivelli Hnos SA","CATTIVELLI HNOS S.A","210081290012","0","","","www.cattivelli.com.uy","leonor@cattivelli.com","22006060","0.00000000","","","","","","","","","","admin","0","0","0","0","1","Socio","","","",".","","","","","","","","","","","2024-11-15 18:45:19","lcedres","CRM","0","","2026-10-05 09:42:59",""
"Bromberg S.A.","ACC4099","Bromberg S.A.","","0","0","","","","","","0.00000000","","","","","","","","","","admin","0","0","0","0","0","","","","","","","","","","","","","","","","2024-11-15 18:47:49","lcedres","CRM","0","","2026-10-05 09:43:00",""
"Empresa Atlantida","ACC4100","","","0","0","","","","","","0.00000000","091209767","luciarr094@gmail.com","","","","","","","","admin","0","0","0","0","0","","","","","","","","","","","","","","","","2024-11-15 18:52:24","lcedres","CRM","0","","2026-10-05 09:43:00",""
"Infinito Coffee","ACC4101","","","0","0","","","","infinitocoffeeuy@gmail.com","","0.00000000","094878028","","","","","Hoteles Restaurantes- Bares - Entretenimiento","","","","admin","0","0","0","0","1","","","","","","","","","","","","","","","","2024-11-15 19:07:55","lcedres","CRM","0","","2026-10-05 09:43:01",""
"Adhoc SA","ACC4102","Adhoc SA","","0","0","","","","","","0.00000000","","","","","","","","","","admin","0","0","0","0","0","","","","","","","","","","","","","","","","2024-11-15 19:10:56","lcedres","CRM","0","","2026-10-05 09:43:01",""
"Talleres AGP","ACC4103","","","0","0","","","","talleresagp@gmail.com","","0.00000000","094382443","","094457653","","","","","","","admin","0","0","0","0","0","","","","","","","","","","","","","","","","2024-11-15 19:16:41","lcedres","CRM","0","","2026-10-05 09:43:02",""
"Enacom","ACC4104","","","0","0","","","","cruztvalentina@gmail.com","","0.00000000","098316636","","","","","","","","","admin","0","0","0","0","0","","","","","","","","","","","","","","","","2024-11-15 19:19:32","lcedres","CRM","0","","2026-10-05 09:43:02",""
"Giraldez Consulting","ACC4105","","","0","0","","","","giraldez.sebastian@gmail.com","","0.00000000","099404758","","","","","","","","","admin","0","0","0","0","0","","","","","","","","","","","","","","","","2024-11-15 19:28:08","lcedres","CRM","0","","2026-10-05 09:43:02",""
"Capelan S.A.","ACC4106","Capela S.A.","Delta Hibrido","0","0","","","","administracion@deltahibrido.com.uy","","0.00000000","095952136","","","","","Other","","","","admin","0","1","0","0","0","","","","","","","","","","","","","","Montevideo","Montevideo","2024-11-15 19:50:01","mcalvo@cncs.com.uy","CRM","0","","2026-10-05 09:43:03",""
"Librería  Areté","ACC4107","","","0","0","","","","","","0.00000000","091 085 677","","","","","","","","","admin","0","0","0","0","0","","","","","","","","","","","","","","","","2024-11-15 20:02:58","mcalvo@cncs.com.uy","CRM","0","","2026-10-05 09:43:03",""
"Suc José Richard Lateulade","ACC4108","","","0","0","","","","suclateu@adinet.com.uy","","0.00000000","098674547","","","","","","","","","admin","0","0","0","0","0","","","","","","","","","","","","","","","","2024-11-15 20:05:55","lcedres","CRM","0","","2026-10-05 09:43:03",""
"Rueval","ACC4109","","","0","0","","","","jarias@rueval.com.uy","","0.00000000","099600390","","","","","","","","","admin","0","0","0","0","0","","","","","","","","","","","","","","","","2024-11-15 20:08:08","lcedres","CRM","0","","2026-10-05 09:43:04",""
"Alto Verde SAS","ACC4110","","","0","0","","","","yolaroth@gmail.com","","0.00000000","098803700","","","","","","","","","admin","0","0","0","0","0","","","","","","","","","","","","","","","","2024-11-15 20:12:53","lcedres","CRM","0","","2026-10-05 09:43:04",""
"San José de Chafalote","ACC4111","","","0","0","","","","drfedericodiaz@gmail.com","","0.00000000","099582415","","","","","","","","","admin","0","0","0","0","0","","","","","","","","","","","","","","","","2024-11-18 12:03:33","lcedres","CRM","0","","2026-10-05 09:43:05",""
"Tres Cerros","ACC4115","","","0","0","","","","niconogues@hotmail.com","","0.00000000","099289662","","","","","","","","","admin","0","0","0","0","0","","","","","","","","","","","","","","","","2024-11-18 15:02:25","lcedres","CRM","0","","2026-10-05 09:43:05",""
"DYD SA","ACC4116","","","0","0","","","","bautisapelli@hotmail.com","","0.00000000","099546559","","","","","","","","","admin","0","0","0","0","0","","","","","","","","","","","","","","","","2024-11-18 15:07:16","lcedres","CRM","0","","2026-10-05 09:43:06",""
"Estudio Bonomi","ACC4117","Nexia International","Estudio Bonomi","0","0","","","","","","0.00000000","","","","","","Servicios Profesionales- Técnicos Especializados -Certificaciones","","","","admin","0","0","0","0","0","","","","","","","Zabala 1422","","","","","","","","","2024-11-18 15:14:48","mcalvo@cncs.com.uy","CRM","0","","2026-10-05 09:43:06",""
"ULMARY SA - RENTALL MÁQUINAS","ACC4118","","","0","0","","","","viviana@rentallmaquinas.com","","0.00000000","099241551","","","","","","","","","admin","0","0","0","0","0","","","","","","","","","","","","","","","","2024-11-18 15:26:09","lcedres","CRM","0","","2026-10-05 09:43:06",""
"Family office Flom","ACC4119","","","0","0","","","","alantarrab@gmail.com","","0.00000000","098497987","","","","","","","","","admin","0","0","0","0","0","","","","","","","","","","","","","","","","2024-11-18 15:29:43","lcedres","CRM","0","","2026-10-05 09:43:07",""
"Becam S.A","ACC4120","","","0","0","","","","jbello@becam.com.uy","","0.00000000","095667017","","","","","","","","","admin","0","0","0","0","0","","","","","","","","","","","","","","","","2024-11-18 15:34:06","lcedres","CRM","0","","2026-10-05 09:43:07",""
"Fabarey SA","ACC4121","","","0","0","","","","abedildenis@gmail.com","","0.00000000","099523525","","","","","","","","","admin","0","0","0","0","0","","","","","","","","","","","","","","","","2024-11-18 15:47:26","lcedres","CRM","0","","2026-10-05 09:43:08",""
"Abedil SA","ACC4122","","","0","0","","","","abedildenis@gmail.com","","0.00000000","099113157","","","","","","","","","admin","0","0","0","0","0","","","","","","","","","","","","","","","","2024-11-18 15:48:02","lcedres","CRM","0","","2026-10-05 09:43:08",""
"GIANNOTTI SAS","ACC4123","","","0","0","","","","adriangiannotti@gmail.com","","0.00000000","099910007","","","","","","","","","admin","0","0","0","0","0","","","","","","","","","","","","","","","","2024-11-18 15:57:06","lcedres","CRM","0","","2026-10-05 09:43:08",""
"Raybite","ACC4124","Raybite S.R.L.","Raybite Ingenieros","0","0","","","www.raybite.com","ingenieria@raybite.com","00543489432332","0.00000000","00542392613971","ldarnay@raybite.com","","","","Industria-Energía-Minería","","","","admin","0","0","0","0","0","","","","","Empresa dedicada a la ingeniería industrial, y gerenciamiento de proyectos vinculados a petroleo, gas y sus derivados. 
Trabajaron oportunamente por contrato de Techint, con Ancap y Fanapel
Expertise en por ejemplo establecer una refinería. 
18.11.24 Manifestó interés en establecer filial en Uruguay","","J. de Dellepiane 685, -Campana, Provincia de Buenos Aires, Argentina","","","","","","","","","2024-11-18 16:04:05","afernandez@cncs.com.uy","CRM","0","","2026-10-05 09:43:09",""
"MyM Servicios SRL","ACC4125","","","0","0","","","","mymserviciosemiliano@gmail.com","","0.00000000","095183791","","","","","","","","","admin","0","0","0","0","0","","","","","","","","","","","","","","","","2024-11-18 16:09:02","lcedres","CRM","0","","2026-10-05 09:43:09",""
"Imanod Ltda","ACC4126","Imanod Ltda","Imanod Ltda","040149230019","0","","","","enzonodale@gmail.com","","0.00000000","096420223","","","","","","","","","admin","0","0","0","0","0","","","","","","","","","","","","","","","","2024-11-18 16:14:35","lcedres","CRM","0","","2026-10-05 09:43:09",""
"Acrílicos Sudamericanos","ACC4127","ACRILICOS SUDAMERICANOS URUGUAY LTDA","Acrílicos Sudamericanos","211382550011","0","","","www.acrilicossudamericanos.com.uy","abesnati@cop.com.uy","","0.00000000","099487487","","","","","","","","","admin","0","0","0","0","0","","","","","","","","","","","","","","","","2024-11-18 16:19:11","lcedres","CRM","0","","2026-10-05 09:43:10",""
"LM Consultores SAS","ACC4128","","","0","0","","","","glanusse@lmconsultores.com.uy","","0.00000000","099022245","","","","","","","","","admin","0","0","0","0","0","","","","","","","","","","","","","","","","2024-11-18 16:23:58","lcedres","CRM","0","","2026-10-05 09:43:10",""
"Límite","ACC4129","","","0","0","","","","jdevoto@limite.com.uy","","0.00000000","094814097","","","","","","","","","admin","0","0","0","0","0","","","","","","","","","","","","","","","","2024-11-18 16:27:23","lcedres","CRM","0","","2026-10-05 09:43:11",""
"Bodega Cerro Chapeu","ACC4130","","","0","0","","","","carraufelipe@gmail.com","","0.00000000","099298165","","","","","","","","","admin","0","0","0","0","0","","","","","","","","","","","","","","","","2024-11-18 16:34:44","lcedres","CRM","0","","2026-10-05 09:43:11",""
"PRESUR","ACC4131","","","0","0","","","","ma.mercedes.mato@gmail.com","","0.00000000","098732755","","","","","","","","","admin","0","0","0","0","0","","","","","","","","","","","","","","","","2024-11-18 16:46:11","lcedres","CRM","0","","2026-10-05 09:43:11",""
"A. Talmón","ACC4132","","","0","0","","","","lasoledad1977@gmail.com","","0.00000000","099524562","","","","","","","","","admin","0","0","0","0","0","","","","","","","","","","","","","","","","2024-11-18 16:51:56","lcedres","CRM","0","","2026-10-05 09:43:12",""
"Nutromar SA","ACC4134","","","0","0","","","","mfgaraoz@gmail.com","","0.00000000","092862840","","","","","","","","","admin","0","0","0","0","0","","","","","","","","","","","","","","","","2024-11-18 18:01:12","lcedres","CRM","0","","2026-10-05 09:43:12",""
"Dabemil S.A","ACC4135","","","0","0","","","","majelemo@hotmail.com","","0.00000000","099057584","","","","","","","","","admin","0","0","0","0","0","","","","","","","","","","","","","","","","2024-11-18 18:05:27","lcedres","CRM","0","","2026-10-05 09:43:13",""
"UDE Montevideo","ACC4136","UNIVERSIDAD DE LA EMPRESA","UDE MONTEVIDEO","214678450016","0","","","WWW.UDE.EDU.UY","","29002442","0.00000000","","","","","","","","","","admin","0","0","0","0","0","","214678450016","","","","","","","","","","","","Montevideo","Montevideo","2024-11-18 19:11:42","mcalvo@cncs.com.uy","CRM","0","","2026-10-05 09:43:13","Montevideo"
"Adriana Pagano y Estefania Franco","ACC4137","","","0","0","","","","el_fogon@vera.com.uy","","0.00000000","099633729","","","","","","","","","admin","0","0","0","0","0","","","","","","","","","","","","","","","","2024-11-18 19:33:35","lcedres","CRM","0","","2026-10-05 09:43:13",""
"Farmacia Garate","ACC4138","","","0","0","","","","","","0.00000000","092101501","tereduarte9@gmail.com","","","","","","","","admin","0","0","0","0","0","","","","","","","","","","","","","","","","2024-11-18 19:39:51","lcedres","CRM","0","","2026-10-05 09:43:14",""
"Lokotas","ACC4139","","","0","0","","","","marcelomontesdeoca2@gmail.com","","0.00000000","099633384","","","","","","","","","admin","0","0","0","0","0","","","","","","","","","","","","","","","","2024-11-18 19:42:56","lcedres","CRM","0","","2026-10-05 09:43:14",""
"Embajada de Turquia en Uruguay","ACC4143","Embajada de Turquia","Embajada de Turquia en Uruguay","0","0","","","https://montevideo-be.mfa.gov.tr/Mission/Contact","embajada.montevideo@mfa.gov.tr","","0.00000000","","","","","","","","","","admin","0","0","0","0","0","","","","","","","Ituzaingó 1389","","","","","","Uruguay","","","2024-11-20 18:02:03","mcalvo@cncs.com.uy","CRM","0","","2026-10-05 09:43:15",""
"AICO","ACC4144","ASOCIACIÓN IBEROAMERICANAS DE CÁMARAS DE COMERCIO","","0","0","","","","","","0.00000000","","","0052 551 803 7928","","","Other","","","","admin","0","0","0","0","0","","","","","","","","","","","","","","","","2024-11-20 19:11:40","mcalvo@cncs.com.uy","CRM","0","","2026-10-05 09:43:15",""
"PLAMET LTDA","ACC4145","","","0","0","","","","claudia.madeira@plamet.com.uy","096694543","0.00000000","","","","","","","","","","admin","0","0","0","0","0","","","","","","","","","","","","","","","","2024-11-21 12:18:56","lcedres","CRM","0","","2026-10-05 09:43:15",""
"Telxius","ACC4146","","","0","0","","","","guzarvelo@gmail.com","","0.00000000","095723635","","","","","","","","","admin","0","0","0","0","0","","","","","","","","","","","","","","","","2024-11-21 12:23:26","lcedres","CRM","0","","2026-10-05 09:43:16",""
"Carmel","ACC4147","Carmel","Carmel","0","0","","","www.carmelimmportaciones.com","Carlos.menendez@carmelimportaciones.com","2909-0909","0.00000000","097 707 757","gestiones@carmelimportaciones.com","","","","Other","","","","admin","0","1","0","0","0","","","","","","","Avda. Uruguay 1338 esq. Ejido","","","","","","","","","2024-11-21 19:27:46","mcalvo@cncs.com.uy","CRM","0","","2026-10-05 09:43:16",""
"MERCATOR","ACC4148","","MERCATOR","0","0","","","","ftedesco@mercatortransport.com","26231412","0.00000000","","","","","","","Pequeña (5 a 19)","","13. Transporte y almacenamiento","admin","0","1","0","1","0","","","","","Empresa de logística internacional","","","","","","","","","","","2024-11-26 13:53:25","mfagundez","CRM","0","","2026-10-05 09:43:16",""
"SEGUROS SURA","ACC4149","SEGUROS SURA S.A.","SEGUROS SURA","213217030011","0","","","","","","0.00000000","","nicolas.jasper@segurossura.com.uy","","","","","","","","admin","0","0","0","0","0","","213217030011","TS01","BAJ","Gerente de riesgos SURA / Miembo Cámara Colombiana Uruguaya","","","","","","","","","Montevideo","Montevideo","2024-11-26 13:55:41","mfagundez","CRM","0","","2026-10-05 09:43:17","Montevideo"
"AMOR PERFECTO","ACC4150","","AMOR PERFECTO","0","0","","","","marcos@cafeamorperfecto.uy","","0.00000000","094 464 318","","","","","","Pequeña (5 a 19)","","10. Comercio en general","admin","0","0","0","0","0","","","","","","","","","","","","","","","","2024-11-26 13:57:43","mfagundez","CRM","0","","2026-10-05 09:43:17",""
"MUNDO TRABAJO","ACC4151","","MUNDO TRABAJO","0","0","","","","","","0.00000000","","Sergio.miller@mundotrabajo.com.uy","","","","","Pequeña (5 a 19)","","","admin","0","0","0","0","0","","","","","","","","","","","","","","","","2024-11-26 13:59:02","mfagundez","CRM","0","","2026-10-05 09:43:18",""
"SUFARMA","ACC4152","","SUFARMA","0","0","","","","","","0.00000000","","sufarmagestion@gmail.com","","","","Servicios Profesionales- Técnicos Especializados -Certificaciones","","","","admin","0","0","0","0","0","","","","","","","","","","","","","","","","2024-11-26 14:00:23","mfagundez","CRM","0","","2026-10-05 09:43:18",""
"BLACK AND WHITE","ACC4153","","","0","0","","","","","","0.00000000","","hola@blackwhite.com.uy","","","","","","","","admin","0","0","0","0","0","","","","","Empresa de vestimenta.","","","","","","","","","","","2024-11-26 14:01:38","mfagundez","CRM","0","","2026-10-05 09:43:18",""
"pepeganga","ACC4154","","PEPEGANGA","214047730016","0","","","www.pepeganga.com.uy","","095 977 750","0.00000000","22040164","","","","","","","","","admin","0","1","0","0","0","","214047730016","","","Importadora multirubro.","","","","","","","","","","","2024-11-26 14:04:04","mfagundez","CRM","0","","2026-10-05 09:43:19","Montevideo"
"PETROPLAS","ACC4155","","","0","0","","","","ventas@petroplas.com.uy","2512 1436","0.00000000","","","","","","","","","","admin","0","0","0","0","0","","","","","","","","","","","","","","","","2024-11-26 14:04:51","mfagundez","CRM","0","","2026-10-05 09:43:19",""
"CASA FESSTA","ACC4156","","CASA FESSTA","0","0","","","","administracion@grupog.com.uy","99137856","0.00000000","","","","","","","","","","admin","0","0","0","0","0","","","","","","","","","","","","","","","","2024-11-26 14:05:48","mfagundez","CRM","0","","2026-10-05 09:43:20",""
"DIDACTA","ACC4157","","DIDACTA","0","0","Accounts::::AJU","","","federico@didacta.com.uy","2208 7063","0.00000000","","","","","","","","","","admin","0","0","0","0","0","","","","","","","","","","","","","","","","2024-11-26 14:08:09","mfagundez","CRM","0","","2026-10-05 09:43:20",""
"KOKINO","ACC4158","","KOKINO","0","0","","","","kokino.uy@gmail.com","99445226","0.00000000","","","","","","","","","","admin","0","0","0","0","0","","","","","","","","","","","","","","","","2024-11-26 14:09:58","mfagundez","CRM","0","","2026-10-05 09:43:20",""
"Nelson Rocha SRL","ACC4159","Nelson Rocha SRL","Nelson Rocha SRL","040142670013","0","Accounts::::ADITACI","Empresas Socias Directas","","","","0.00000000","092503503","","","","","","","","","admin","0","0","0","0","0","","040142670013","TS02","VIG","","","","","","","","","","Colonia","Colonia","2024-11-26 19:15:57","lviana@cncs.com.uy","CRM","0","","2026-10-05 09:43:21","Colonia"
"CUGA","ACC4160","Cámara Uruguaya de Gimnasios y Afines","CUGA","0","0","","Gremiales/Asociación","","lourdesrapalin@gmail.com","","0.00000000","099613314","","","","","","","","","admin","0","0","0","0","0","","","TS03","VIG","","","","","","","","","","Montevideo","Montevideo","2024-12-04 14:20:52","ncladera@cncs.com.uy","CRM","0","","2026-10-05 09:43:21","Montevideo"
"JOSE IGNACIO VILLAVERDE SANTOS","ACC4161","JOSE IGNACIO VILLAVERDE SANTOS","JOSE IGNACIO VILLAVERDE SANTOS","060129700014","0","","Empresas Socias Directas","","josevillaverdelmga@hotmail.com","","0.00000000","091328209","","","","","","","","","admin","0","0","0","0","0","","060129700014","TS02","SOLIC-BAJA","","","","","","","","","","Canelones","Canelones","2024-12-04 14:24:58","ncladera@cncs.com.uy","CRM","0","","2026-10-05 09:43:22","Canelones"
"Blanis SA","ACC4162","Blanis SA","Blanis SA","213570550011","0","","Empresas Socias Directas","","nicolas.canepa@blanis.com","","0.00000000","096423585","","","","","","","","","admin","0","0","0","0","0","","213570550011","TS02","VIG","","","","","","","","","","Canelones","Canelones","2024-12-04 14:26:46","ncladera@cncs.com.uy","CRM","0","","2026-10-05 09:43:22","Canelones"
"MELENCO","ACC4163","Melenco Uruguay SA","MELENCO","217413190010","0","","Empresas Socias Directas","www.melenco.uy","g.kessler@melenco.com","","0.00000000","091094447","h.rodriguez@melenco.com","","","","","","","","admin","0","0","0","0","0","","217413190010","TS02","VIG","","","","","","","","","","Montevideo","Montevideo","2024-12-06 20:02:38","nbutin@cncs.com.uy","CRM","0","","2026-10-05 09:43:23","Montevideo"
"Uranel S.A.","ACC4164","Uranel S.A.","Uranel S.A.","213408730018","0","","","www.uranel.com.uy","comercial2@uranel.com.uy","2305-2099 int. 3027","0.00000000","094 261 075","gcomercial@uranel.com.uy","","","","","","","","admin","0","0","0","0","0","","","","","","Se recibió contacto telefónico referenciado por el Programa Más Comercio desarrollado por ANDE 2024.
El llamado fue del Sr. Marcelo Chahim, Asesor Comercial de Uranel S.A. con interés en mantener vinculo con la Cámara. 

Rubro: importadores, rubro lo","","","","","","","","","","2024-12-06 20:25:29","mcalvo@cncs.com.uy","CRM","0","","2026-10-05 09:43:23",""
"Frayco SRL","ACC4167","Frayco SRL","Frayco SRL","180318060013","0","","Empresas Socias Directas","","reynaldodel@gmail.com","","0.00000000","099920717","","","","","","","","","admin","0","0","0","0","0","","180318060013","TS02","VIG","","","","","","","","","","Soriano","Soriano","2024-12-10 19:11:54","nbutin@cncs.com.uy","CRM","0","","2026-10-05 09:43:23","Soriano"
"Frocom","ACC4169","Frocom","Frocom","0","0","","","","","","0.00000000","099779066 / 099 279 860","","47707129","","","","","","","admin","0","0","0","0","0","","","","","","","Ruta 30 km 7.100
Colonia Villar 

Ruta 3 km 523.5
Salto","","","","","","","","","2024-12-11 20:20:56","mcalvo@cncs.com.uy","CRM","0","","2026-10-05 09:43:24","Salto"
"DIAPU","ACC4170","Diapu S.R.L.","Diapu","218501220017","0","","","www.southerntradebureau.com","info@southerntradebureau.com","","0.00000000","099435662","","","","","Servicios Profesionales- Técnicos Especializados -Certificaciones","","","","admin","0","0","0","0","0","","218501220017","","","","","","","","","","","","Montevideo","Montevideo","2024-12-11 20:24:23","mcalvo@cncs.com.uy","CRM","0","","2026-10-05 09:43:24","Montevideo"
"Saint Hermanos","ACC4171","","","0","0","","","www.saint.com.uy","info@saint.com.uy","","0.00000000","","","","","","","","","1. Procesamiento y conservación de alimentos, bebidas y tabaco","admin","0","0","0","0","1","","","","","","","","","","","","","","","","2024-12-17 14:20:45","lcedres","CRM","0","","2026-10-05 09:43:25",""
"Liga de la Construcción del Uruguay","ACC4172","Liga de la Construcción del Uruguay","Liga de la Construcción del Uruguay","215697020011","0","","Gremiales/Asociación","www.ligaconstruccion.org","presidencia@ligaconstruccion.org","","0.00000000","0912780077","","","","","","","","","admin","0","0","0","0","0","","215697020011","TS03","VIG","","","","","","","","","","Montevideo","Montevideo","2024-12-17 18:31:00","ncladera@cncs.com.uy","CRM","0","","2026-10-05 09:43:25","Montevideo"
"Pelsa S.A.","ACC4173","Pelsa S.A.","Pelsa Internacional","0","0","","","www.pelsa.net.uy","","2305-4734","0.00000000","","","2309-7486","","","Textiles - vestimentas - cuero y calzado","","","","admin","1","1","0","0","0","S/D","","","","","","","","","","","","","","","2024-12-17 19:16:20","mcalvo@cncs.com.uy","CRM","0","","2026-10-05 09:43:26",""
"Centro Comercial e Industrial de Colonia Valdense","ACC4174","Centro Comercial e Industrial de Colonia Valdense","Centro Comercial e Industrial de Colonia Valdense","0","0","","Centro Comercial","","","","0.00000000","","","","","","","","","","admin","0","0","0","0","0","","","TS03","VIG","","","","","","","","","","","","2024-12-17 19:31:22","nbutin@cncs.com.uy","CRM","0","","2026-10-05 09:43:26",""
"Julio Berkes","ACC4175","Julio Berkes S.A.","Julio Berkes","0","0","","","","administracion@berkes.com.uy","2929-1064","0.00000000","","compras@berkes.com.uy","","","","","","","","admin","0","0","0","0","0","","","","","","","Rondeau 1950","","Montevideo","","","","Uruguay","","","2024-12-17 20:17:22","mcalvo@cncs.com.uy","CRM","0","","2026-10-05 09:43:27",""
"Parking de la Catedral","ACC4176","","Parking de la Catedral","0","0","","","","","","0.00000000","","","2916-7196","","","","","","","admin","0","0","0","0","0","","","","","","","","","","","","","","","","2024-12-18 17:16:27","mcalvo@cncs.com.uy","CRM","0","","2026-10-05 09:43:27",""
"Fernigle SRL","ACC4177","Fernigle SRL","Fernigle SRL","213709410012","0","Accounts::::ADITACI","Empresas Socias Directas","","fernigle@hotmail.com","","0.00000000","099612722","","","","","","","","","admin","0","0","0","0","0","","213709410012","TS02","VIG","","","","","","","","","","Montevideo","Montevideo","2024-12-20 18:46:41","ncladera@cncs.com.uy","CRM","0","","2026-10-05 09:43:27","Montevideo"
"Alcance","ACC4178","CENTER COMPUTACION S.A","Alcance","211146590013","0","Accounts::::CUDESA","","","gabrielgmontoro@gmail.com","","0.00000000","095885441","","","","","","","","","admin","0","0","0","0","1","","211146590013","","","","","","","","","","","","","","2025-01-16 14:58:31","lcedres","CRM","0","","2026-10-05 09:43:28","Montevideo"
"NEGRI QUARTINO Y FERRARIO S.A","ACC4179","NEGRI QUARTINO Y FERRARIO S.A","NEGRI QUARTINO Y FERRARIO S.A","210329830015","0","","Empresas Socias Directas","www.nqf.com.uy","vfaroppa@faroppa.com","22035715","0.00000000","99656065","","","","","","","","","admin","0","0","0","0","1","Exsocio","210329830015","","BAJ","","","","","","","","","","Montevideo","Montevideo","2025-01-16 15:06:23","lcedres","CRM","0","","2026-10-05 09:43:28","Montevideo"
"Panadería JYM","ACC4181","","Panadería JYM","11030120011","0","","","","","","0.00000000","094745289","","","","","Procesamiento y conservación de alimentos - bebidas y tabaco","","","","admin","0","0","0","0","1","","","","","","","","","","","","","","","","2025-01-16 15:33:12","lcedres","CRM","0","","2026-10-05 09:43:29","Montevideo"
"Milpa","ACC4182","ANTOGNAZZA BESGA GUZMAN","MILPA","170104320017","0","","","","gantognazzab@gmail.com","","0.00000000","099622566","","","","","","","","","admin","0","0","0","0","1","","","","","","","","","","","","","","San José","San José","2025-01-16 15:37:43","lcedres","CRM","0","","2026-10-05 09:43:29","San José"
"Imposur SA","ACC4184","Imposur SA","","0","0","","","","lmfros@gmail.com","","0.00000000","095820340","","","","","","","","","admin","0","0","0","0","1","","","","","","","","","","","","","","","","2025-01-20 14:27:20","lcedres","CRM","0","","2026-10-05 09:43:29","Tacuarembó"
"BUENAS MIGAS","ACC4185","Ledabal S.A.","BUENAS MIGAS","216440800012","0","","","www.buenasmigas.com.uy","info@buenasmigas.com.uy","26956137","0.00000000","","","","","","","","","","admin","0","0","0","0","1","","216440800012","","","","","","","Solymar","","","","","Canelones","Canelones","2025-01-20 14:45:10","lcedres","CRM","0","","2026-10-05 09:43:30","Canelones"
"ALBIONSAS SAS","ACC4186","ALBIONSAS SAS","","218937810016","0","","","","aanszulowski@gmail.com","","0.00000000","099221994","","","","","","","","","admin","0","0","0","0","0","","","","","","","","","","","","","","","","2025-01-20 15:39:56","lcedres","CRM","0","","2026-10-05 09:43:30","Montevideo"
"LA CRUZ","ACC4187","","","0","0","","","","","","0.00000000","099351700","","","","","","","","","admin","0","0","0","0","1","","","","","","","","","","","","","","","","2025-01-20 15:50:36","lcedres","CRM","0","","2026-10-05 09:43:30",""
"Establecimiento San Juan","ACC4188","","","0","0","","","","","","0.00000000","93666556","","","","","","","","","admin","0","0","0","0","1","","","","","","","","","","","","","","","","2025-01-20 15:55:50","lcedres","CRM","0","","2026-10-05 09:43:31","Rivera"
"ZUNINO","ACC4189","LAMANYL S.A.","ZUNINO","211049510019","0","","","www.zunino.com.uy/index.html","mariajose@zunino.com.uy","24810161","0.00000000","097 424 787","zunino@zunino.com.uy","","","","","","","","admin","0","0","0","0","1","","211049510019","","","","","","","","","","","","Montevideo","Montevideo","2025-01-20 18:55:48","lcedres","CRM","0","","2026-10-05 09:43:31","Montevideo"
"FARINUR Distribución","ACC4190","Farinur S.A.","Farinur S.A.","214402210010","0","","Empresas Socias Directas","www.farinur.com.uy","fernando.crespo@farinur.com.uy","25096684","0.00000000","097404037","","","","","Logística –Transporte – Distribuidora - Almacenamiento","","","","admin","0","0","0","0","0","","214402210010","TS02","VIG","","","","","","","","","","Montevideo","Montevideo","2025-01-20 20:06:09","ncladera@cncs.com.uy","CRM","0","","2026-10-05 09:43:32","Montevideo"
"Bodega Rosés","ACC4191","ROSES HERMANOS S R L","Bodega Rosés","212239100014","0","","","www.roseswines.com.uy","info@roses.com.uy","2294 0529","0.00000000","099 593 392","","","","","","","","","admin","0","0","0","0","1","","212239100014","","","","","","","Sauce","","","","","Canelones","Canelones","2025-01-21 12:27:09","lcedres","CRM","0","","2026-10-05 09:43:32","Canelones"
"CADI Mercería","ACC4192","CADI LTDA","CADI Mercería","211378730019","0","","","merceriacadi.com","deb.alazraki@gmail.com","2915 59 37","0.00000000","","","","","","","","","","admin","0","0","0","0","1","","211378730019","","","","","","","","","","","","Montevideo","Montevideo","2025-01-21 12:38:59","lcedres","CRM","0","","2026-10-05 09:43:32","Montevideo"
"Barraca Punta de Rieles","ACC4193","ELISEO RIVERO S.A.","Barraca Punta de Rieles","213789720013","0","","","www.barracapuntaderieles.com.uy","bcapuntaderieles@gmail.com","25145770","0.00000000","094279909","","25145769","","","","","","","admin","0","0","0","0","1","","213789720013","","","","","","","","","","","","Montevideo","Montevideo","2025-01-21 12:58:20","lcedres","CRM","0","","2026-10-05 09:43:33","Montevideo"
"Donar Uy SAS","ACC4194","Donar Uy SAS","Donar Uy SAS","190329430019","0","","Empresas Socias Directas","www.donafacil.uy","adm@donafacil.uy","","0.00000000","099497287","","","","","","","","","admin","0","0","0","0","0","","190329430019","TS02","VIG","","","","","","","","","","Salto","Salto","2025-01-23 17:53:46","nbutin@cncs.com.uy","CRM","0","","2026-10-05 09:43:33","Salto"
"Justina LLampa","ACC4195","Justina LLampa","Justina LLampa","150728850012","0","","Empresas Socias Directas","","justinallampa@gmail.com","","0.00000000","096617079","","","","","","","","","admin","0","0","0","0","0","","150728850012","TS02","BAJ","","","","","","","","","","Maldonado","Maldonado","2025-01-23 17:55:48","nbutin@cncs.com.uy","CRM","0","","2026-10-05 09:43:33","Maldonado"
"Empresas El Debate SA","ACC4196","Empresas El Debate SA","Empresas El Debate SA","0","0","","Empresas Socias Directas","","echeverrycarlos@yahoo.com","","0.00000000","+50432827544","","","","","","","","","admin","0","0","0","0","0","","EDE000301QT5","TS02","VIG","","","","","Sinaloa","","","","Mexico","","","2025-01-27 18:10:22","ncladera@cncs.com.uy","CRM","0","","2026-10-05 09:43:34",""
"Techi SA","ACC4197","Techi SA","Techi SA","211599340019","0","","Empresas Socias Directas","","sanpedrobruno@gmail.com","","0.00000000","099868642","","","","","","","","","admin","0","0","0","0","1","","211599340019","TS02","VIG","","","","","","","","","","Montevideo","Montevideo","2025-01-29 19:41:38","ncladera@cncs.com.uy","CRM","0","","2026-10-05 09:43:34","Montevideo"
"Todo Punta Carretas S.A.","ACC4198","Todo Punta Carretas S.A.","Perfumería Todo","0","0","","","","","","0.00000000","099 224 422","","","","","","","","","admin","0","0","0","0","0","","","","","","","","","","","","","","","","2025-02-05 15:18:38","lgonzalez@cncs.com.uy","CRM","0","","2026-10-05 09:43:35",""
"Marta Polzoni y Agustina Fernández Sociedad de Hecho","ACC4199","","Polzoni Fernández","0","0","","","","","","0.00000000","094 014 888","","","","","","","","","admin","0","0","0","0","0","","","","","","","","","","","","","","","","2025-02-06 13:50:05","mcalvo@cncs.com.uy","CRM","0","","2026-10-05 09:43:35",""
"Estudio Rominski","ACC4200","","","0","0","","","","","","0.00000000","099 663610","","","","","","","","","admin","0","0","0","0","0","","","","","","","","","","","","","","","","2025-02-06 13:56:21","mcalvo@cncs.com.uy","CRM","0","","2026-10-05 09:43:35",""
"Pointlab","ACC4201","","Pointlab Tech","0","0","","","www.pointlab.tech/","","","0.00000000","094 90307","","","","","","","","","admin","0","0","0","0","0","","","","","","","","","","","","","","","","2025-02-07 15:48:38","fjuarez@cncs.com.uy","CRM","0","","2026-10-05 09:43:36",""
"Casa Jorge","ACC4202","","Casa Jorge","0","0","","","","","22007720 int. 1102","0.00000000","","","","","","","","","","admin","0","0","0","0","0","","","","","","","","","","","","","","","","2025-02-11 14:14:17","lgonzalez@cncs.com.uy","CRM","0","","2026-10-05 09:43:36",""
"Cifer","ACC4203","Varela Hnos.","","210090180011","0","","","","","","0.00000000","","","","","","Bazar-Ferretería-Pinturería","","","","admin","0","0","0","0","0","","210090180011","TS02","BAJ","","","","","","","","","","","","2025-02-12 17:16:28","mcalvo@cncs.com.uy","CRM","0","","2026-10-05 09:43:37",""
"Mente Natural Uy","ACC4204","SUAREZ CIBILS BEATRIZ ELENA","Mente Natural Uy","100796380011","0","","Empresas Socias Directas","","mentenaturaluy0@gmail.com","","0.00000000","092464848","b.cibils@gmail.com","","","","","","","","admin","0","0","0","0","0","","100796380011","TS02","VIG","","","","","","","","","","Maldonado","Maldonado","2025-02-13 13:18:01","nbutin@cncs.com.uy","CRM","0","","2026-10-05 09:43:37","Maldonado"
"Lifenir S.A.","ACC4205","Lifenir S.A.","Lifenir","0","0","Accounts::::CIEC","","","","","0.00000000","091989031","","","","","","","","","admin","0","0","0","0","0","","","","","","","","","","","","","","","","2025-02-13 19:10:13","mcalvo@cncs.com.uy","CRM","0","","2026-10-05 09:43:37",""
"Liga de Amas de Casa","ACC4206","Liga de Amas de Casa, Consumidores y usuarios de la ROU","Liga de Amas de Casa","218162060012","0","","Gremiales/Asociación","www.ligadeamasdecasa.com.uy","ligadeamasdecasa@vera.com.uy","","0.00000000","099614009","","","","","","","","","admin","0","0","0","0","0","","218162060012","TS03","VIG","","","","","","","","","","Montevideo","Montevideo","2025-02-18 19:12:56","ncladera@cncs.com.uy","CRM","0","","2026-10-05 09:43:38","Montevideo"
"Bellini Gonzalez Bruno y González Alves Alyson Yanet","ACC4207","Bellini Gonzalez Bruno y González Alves Alyson Yanet","Bellini Gonzalez Bruno y González Alves Alyson Yanet","219069210016","0","","Empresas Socias Directas","","bbellini388@gmail.com","","0.00000000","094056706","","","","","","","","","admin","0","0","0","0","0","","219069210016","TS02","SOLIC-BAJA","","","","","","","","","","Montevideo","Montevideo","2025-02-21 15:31:25","ncladera@cncs.com.uy","CRM","0","","2026-10-05 09:43:38","Montevideo"
"InTrade","ACC4208","Intradenet S.A.","InTrade","216811260010","0","","Empresas Socias Directas","","","","0.00000000","099160674","matruj@adinet.com.uy","","","","","","","","admin","0","0","0","0","0","","216811260010","TS02","VIG","","","","","","","","","","Montevideo","Montevideo","2025-02-26 15:42:01","ncladera@cncs.com.uy","CRM","0","","2026-10-05 09:43:39","Montevideo"
"ANDA","ACC4209","Administración Nacional de Afiliados","ANDA","213108740018","0","Accounts::::ANEAC","","","","","0.00000000","","","","","","","","","","admin","0","0","0","0","0","","213108740018","","","","","","","","","","","","","","2025-02-26 16:00:49","ncladera@cncs.com.uy","CRM","0","","2026-10-05 09:43:39",""
"Eliseo Group","ACC4210","Eliseo Group S.A.S.","Eliseo Group","219580970012","0","","Empresas Socias Directas","www.comunidadeliseo.com","rocio@eliseogroupsa.com","+5491141697674","0.00000000","","lucas@eliseogroupsa.com","","","","","","","","admin","0","0","0","0","0","","219580970012","TS02","SOLIC-BAJA","","","","","","","","","","Montevideo","Montevideo","2025-02-26 16:46:01","ncladera@cncs.com.uy","CRM","0","","2026-10-05 09:43:39","Montevideo"
"RAICO S.A.","ACC4211","RAICO S.A.","RAICO","0","0","","","WWW.RAICO.COM.UY","juan.lanza@raico.com.uy","","0.00000000","097 913 597","","","","","Other","","","","admin","0","0","0","0","0","","","","","","Avda. Pedro Blanes Viale Nr. 6224. Ruta 5 km 35.5","","","","","","","","","","2025-03-05 15:43:49","mcalvo@cncs.com.uy","CRM","0","","2026-10-05 09:43:40",""
"CAFEMAX - Lavazza","ACC4212","Plertys S.A.","CAFEMAX - Lavazza","215313880019","0","Accounts::::AIMA","Empresas Socias Directas","www.cafemax.com.uy","","22099876","0.00000000","094270789","marketing@cafemax.com.uy","","","","Procesamiento y conservación de alimentos - bebidas y tabaco","","","","admin","0","0","0","0","0","","215313880019","TS02","VIG","","","","","","","","","","Montevideo","Montevideo","2025-03-06 14:57:11","ncladera@cncs.com.uy","CRM","0","","2026-10-05 09:43:40","Montevideo"
"IT Builders","ACC4213","Latecki Ramallo Herman Alexander","IT Builders","216039010014","0","","Empresas Socias Directas","www.itbuilderslive.com","hlatecki@itbuilderslive.com","24861134","0.00000000","097325412","","","","","","","","","admin","0","0","0","0","0","","216039010014","TS02","SOLIC-BAJA","","","","","","","","","","Montevideo","Montevideo","2025-03-10 13:31:10","ncladera@cncs.com.uy","CRM","0","","2026-10-05 09:43:41","Montevideo"
"SICE GROUP","ACC4214","Sice Group SAS","SICE GROUP","218956210010","0","","Empresas Socias Directas","www.sicegroup.com.uy","jmayans@sicegroup.com.uy","","0.00000000","097196455","","","","","","","","","admin","0","0","0","0","0","","218956210010","TS02","VIG","","","","","","","","","","Montevideo","Montevideo","2025-03-11 15:22:00","ncladera@cncs.com.uy","CRM","0","","2026-10-05 09:43:41","Montevideo"
"Ketlark","ACC4215","Ketlark","","0","0","","","","ignacio@ketlark.com","","0.00000000","091 248008","","","","","","","","","admin","0","0","0","0","0","","","","","","","","","","","","","","","","2025-03-11 19:06:59","mcalvo@cncs.com.uy","CRM","0","","2026-10-05 09:43:41",""
"Quinta Disciplina Consultores","ACC4216","PPRM SRL","Quinta Disciplina Consultores","217641860010","0","","Empresas Socias Directas","www.qdc.com.uy","iperez@quintadisciplina.com","","0.00000000","099276039","","","","","","","","","admin","0","0","0","0","0","","217641860010","TS02","VIG","","","","","","","","","","Montevideo","Montevideo","2025-03-18 17:35:08","ncladera@cncs.com.uy","CRM","0","","2026-10-05 09:43:42","Montevideo"
"UES","ACC4217","UES SA","UES","213074330017","0","","Empresas Socias Directas","www.ues.com.uy","lbone@ues.com.uy","","0.00000000","097911239","mclavijo@ues.com.uy","","","","","","","","admin","0","0","0","0","0","","213074330017","TS02","VIG","","","","","","","","","","Montevideo","Montevideo","2025-03-18 17:37:08","ncladera@cncs.com.uy","CRM","0","","2026-10-05 09:43:42","Montevideo"
"Autoimport","ACC4218","Autoimport SAS","Autoimport","0","0","","","www.autoimport.com.uy","ventas@autoimport.uy","2908-5622","0.00000000","092 959 000","ramiroduer@hotmail.com","093 732 113","","","","","","","admin","0","0","0","0","0","","","","","","","","","","","","","","","","2025-03-24 15:05:16","mcalvo@cncs.com.uy","CRM","0","","2026-10-05 09:43:43",""
"TheShopper Agency","ACC4219","TSG Latin America SAS","TheShopper Agency","219510710011","0","","Empresas Socias Directas","https://theshopper.agency/","valentina.correabove@theshopper.agency","","0.00000000","091000043","","","","","","","","","admin","0","0","0","0","0","","219510710011","TS02","VIG","","","","","","","","","","Montevideo","Montevideo","2025-03-25 15:44:37","ncladera@cncs.com.uy","CRM","0","","2026-10-05 09:43:43","Montevideo"
"SUATILCO","ACC4220","SUATILCO SA","SUATILCO","218351000017","0","","Empresas Socias Directas","www.suatilco.com.uy","juan.frizzi@suatilco.com.uy","","0.00000000","098018984","","","","","","","","","admin","0","0","0","0","0","","218351000017","TS02","VIG","","","","","","","","","","Montevideo","Montevideo","2025-03-27 19:16:30","ncladera@cncs.com.uy","CRM","0","","2026-10-05 09:43:43","Montevideo"
"Cámara de Comercio Binacional Uruguay China","ACC4221","Cámara de Comercio Binacional Uruguay China","","0","0","","","","info@ccuch.org.uy","2518-2757","0.00000000","","","","","","","","","","admin","0","0","0","0","0","","","","","","","","","","","","","","","","2025-05-12 17:51:16","mcalvo@cncs.com.uy","CRM","0","","2026-10-05 09:43:44",""
"ZETAS","ACC4222","Zetas SRL","ZETAS","215777910013","0","","Empresas Socias Directas","www.zetas.com.uy","info@zetas.com.uy","26984605","0.00000000","099100601","","","","","","","","","admin","0","0","0","0","0","","215777910013","TS02","VIG","","","","","","","","","","Canelones","Canelones","2025-05-14 15:46:08","ncladera@cncs.com.uy","CRM","0","","2026-10-05 09:43:44","Canelones"
"Uruguay Produce SAS","ACC4223","Uruguay Produce SAS","Uruguay Produce SAS","220215410014","0","","Empresas Socias Directas","www.uruguayexport.com","info@uruguayexport.com","","0.00000000","095539880","","","","","","","","","admin","0","0","0","0","0","","220215410014","TS02","VIG","","","","","","","","","","Montevideo","Montevideo","2025-05-14 15:50:52","ncladera@cncs.com.uy","CRM","0","","2026-10-05 09:43:45","Montevideo"
"COCREA","ACC4224","Cocrea SAS","COCREA","219375530014","0","","Empresas Socias Directas","https://cocreacoaching.com/","sebadaniele68@gmail.com","","0.00000000","095005340","","","","","","","","","admin","0","0","0","0","0","","219375530014","TS02","VIG","","","","","","","","","","Montevideo","Montevideo","2025-05-14 15:57:22","ncladera@cncs.com.uy","CRM","0","","2026-10-05 09:43:45","Montevideo"
"Bazar Costa Este","ACC4225","Botica La Barra SAS","Bazar Costa Este","100321590011","0","","Empresas Socias Directas","","bazarcostaeste@gmail.com","4277 0642","0.00000000","099521993","","","","","","","","","admin","0","0","0","0","0","","100321590011","TS02","VIG","","","","","","","","","","Maldonado","Maldonado","2025-05-14 16:17:27","nbutin@cncs.com.uy","CRM","0","","2026-10-05 09:43:45","Maldonado"
"TESTA SMIRNE VALENTINA","ACC4226","TESTA SMIRNE VALENTINA","TESTA SMIRNE VALENTINA","218531830018","0","","Empresas Socias Directas","","hola@olegaria.com.uy","","0.00000000","098237380","","","","","","","","","admin","0","0","0","0","0","","218531830018","TS02","VIG","","","","","","","","","","Montevideo","Montevideo","2025-05-29 15:37:54","ncladera@cncs.com.uy","CRM","0","","2026-10-05 09:43:46","Montevideo"
"Conocer Para Transformar SAS","ACC4227","Conocer Para Transformar SAS","Conocer Para Transformar SAS","219440370012","0","","Empresas Socias Directas","","djaureguiberry@institutocpe.edu.uy","","0.00000000","099581673","mgiacometti@institutocpe.edu.uy","","","","","","","","admin","0","0","0","0","0","","219440370012","TS02","SOLIC-BAJA","","","","","","","","","","Montevideo","Montevideo","2025-06-02 19:53:24","ncladera@cncs.com.uy","CRM","0","","2026-10-05 09:43:46","Montevideo"
"Intensamente SAS","ACC4228","Intensamente SAS","Intensamente SAS","219727100010","0","","Empresas Socias Directas","","heylo@gmail.com","","0.00000000","097129251","","","","","","","","","admin","0","0","0","0","0","","219727100010","TS02","VIG","","","","","","","","","","Montevideo","Montevideo","2025-06-25 18:40:12","ncladera@cncs.com.uy","CRM","0","","2026-10-05 09:43:47","Montevideo"
"ZONATECNO","ACC4229","GRIMIFER SA","ZONATECNO","215764930010","0","","Empresas Socias Directas","www.zonatecno.com.uy","carolina.torterolo@zonatecno.com.uy","24016057","0.00000000","","","","","","","","","","admin","0","0","0","0","0","","215764930010","TS02","VIG","","","","","","","","","","Montevideo","Montevideo","2025-07-04 18:16:00","ncladera@cncs.com.uy","CRM","0","","2026-10-05 09:43:47","Montevideo"
"RDA Project Management SAS","ACC4230","RDA Project Management SAS","RDA Project Management SAS","218684610014","0","","Empresas Socias Directas","www.rdapm.com","administracion@rdapm.com","","0.00000000","099205069","","","","","","","","","admin","0","0","0","0","0","","218684610014","TS02","VIG","","","","","","","","","","Montevideo","Montevideo","2025-07-08 18:13:48","ncladera@cncs.com.uy","CRM","0","","2026-10-05 09:43:47","Montevideo"
"Marquez.M SRL","ACC4231","Marquez.M SRL","Marquez.M SRL","219832360019","0","","Empresas Socias Directas","","leomarquez1507@gmail.com","","0.00000000","094435442","","","","","","","","","admin","0","0","0","0","0","","219832360019","TS02","VIG","","","","","","","","","","Montevideo","Montevideo","2025-07-10 19:33:59","ncladera@cncs.com.uy","CRM","0","","2026-10-05 09:43:48","Montevideo"
"El Molino SRL","ACC4232","El Molino SRL","El Molino SRL","211933670018","0","","Empresas Socias Directas","www.elmolino.com.uy","laura@elmolino.com.uy","","0.00000000","099758166","","","","","","","","","admin","0","0","0","0","0","","211933670018","TS02","VIG","","","","","","","","","","Montevideo","Montevideo","2025-07-15 15:26:14","ncladera@cncs.com.uy","CRM","0","","2026-10-05 09:43:48","Montevideo"
"TDT Ventures SAS","ACC4233","TDT Ventures SAS","Acceleanation","217959520012","0","","Empresas Socias Directas","","jesteves@acceleanation.com","","0.00000000","098992955","","","","","","","","","admin","0","0","0","0","0","","217959520012","TS02","VIG","","","","","","","","","","Montevideo","Montevideo","2025-07-15 19:15:27","nbutin@cncs.com.uy","CRM","0","","2026-10-05 09:43:49","Montevideo"
"Campo Frío","ACC4234","Campofrío SRL","Campo Frío","010205300011","0","","Empresas Socias Directas","www.campofrio.com.uy","natalia@campofrio.com.uy","4772 0318","0.00000000","098231400","","","","","","","","","admin","0","0","0","0","0","","010205300011","TS02","VIG","","","","","","","","","","Artigas","Artigas","2025-07-17 18:32:11","nbutin@cncs.com.uy","CRM","0","","2026-10-05 09:43:49","Artigas"
"Servicios 365","ACC4235","Servicios JRUY SAS","Servicios 365","219513530014","0","","Empresas Socias Directas","","sofia.frau@servicios365.uy","","0.00000000","097471130","resguardojr@gmail.com","","","","","","","","admin","0","0","0","0","0","","219513530014","TS02","VIG","","","","","","","","","","Canelones","Canelones","2025-07-22 16:37:26","ncladera@cncs.com.uy","CRM","0","","2026-10-05 09:43:49","Canelones"
"Supermercado Italia","ACC4236","Supermercado Italia SRL","Supermercado Italia","170235700018","0","","Empresas Socias Directas","www.supermercadoitalia.com.uy","gabriel@supermercadoitalia.com.uy","099218565","0.00000000","","","","","","","","","","admin","0","0","0","0","0","","170235700018","TS02","VIG","","","","","","","","","","San José","San José","2025-07-24 18:05:52","nbutin@cncs.com.uy","CRM","0","","2026-10-05 09:43:50","San José"
"AyM Santa Lucía Ltda","ACC4237","AyM Santa Lucía Ltda","AyM Santa Lucía Ltda","020288140014","0","","Empresas Socias Directas","","m.perez@aymsantalucia.com.uy","","0.00000000","099333641","contable@aymsantalucia.com.uy","","","","","","","","admin","0","0","0","0","0","","020288140014","TS02","VIG","","","","","","","","","","Canelones","Canelones","2025-07-30 19:57:12","ncladera@cncs.com.uy","CRM","0","","2026-10-05 09:43:50","Canelones"
"Exitosas","ACC4238","CP y AP SAS","Exitosas","218857800014","0","","Empresas Socias Directas","www.exitosas.com.uy","c.perez@exitosas.com.uy","","0.00000000","092322718","a.perez@exitosas.com.uy","","","","","","","","admin","0","0","0","0","0","","218857800014","TS02","VIG","","","","","","","","","","Canelones","Canelones","2025-07-30 20:00:07","ncladera@cncs.com.uy","CRM","0","","2026-10-05 09:43:51","Canelones"
"Litnor Hogar","ACC4239","","Litnor Hogar","160367210010","0","","","https://www.litnorhogar.com.uy/","litnor@montevideo.com.uy","4732 9977","0.00000000","","","","","","","","","","admin","0","0","0","0","1","","","","","","","","","","","","","","","","2025-08-06 13:51:05","lchaves","CRM","0","","2026-10-05 09:43:51","Salto"
"Casa del Ruleman","ACC4240","","Casa del Ruleman","214886120015","0","","","","","47323919","0.00000000","98 604 435","","","","","","","","","admin","0","0","0","0","1","","","","","Capacitación en gestión de empresas familiares, con Centro Pyme Salto","","","","","","","","","","","2025-08-06 14:02:42","lchaves","CRM","0","","2026-10-05 09:43:51","Salto"
"Farmacia Albisu","ACC4241","","Farmacia Albisu","160185950019","0","","","","","47332444","0.00000000","99504508","","","","","","","","","admin","0","0","0","0","1","","","","","","","","","","","","","","","","2025-08-06 14:08:36","lchaves","CRM","0","","2026-10-05 09:43:52","Salto"
"Upi Refrescos","ACC4242","","Upi Refrescos","216295370016","0","","","","","47347045","0.00000000","95 411 493","","","","","","","","","admin","0","0","0","0","1","","","","","","","","","","","","","","","","2025-08-06 14:14:10","lchaves","CRM","0","","2026-10-05 09:43:52","Salto"
"Rodara","ACC4243","","Rodara","160357070011","0","","","https://rodara.uy/","","47339334","0.00000000","99737371","","","","","Librería- Papelería - Artículos de oficina","","","","admin","0","0","0","0","1","","","","","","","","","","","","","","","","2025-08-06 14:19:43","lchaves","CRM","0","","2026-10-05 09:43:53","Salto"
"Clínica Abarno","ACC4244","","Clínica Abarno","160234030011","0","","","https://clinicaabarno.com/","","4733 4236","0.00000000","99 504 630","","","","","","","","","admin","0","0","0","0","1","","","","","","","","","","","","","","","","2025-08-06 15:54:33","lchaves","CRM","0","","2026-10-05 09:43:53","Salto"
"Jorge Da Silva","ACC4245","","Jorge Da Silva","160284400017","0","","","","","","0.00000000","99 735 839","","","","","Viñedos - Cítricos - Fruticultura - Horticultura - floricultura","","","","admin","0","0","0","0","1","","","","","","","","","","","","","","","","2025-08-06 15:59:00","lchaves","CRM","0","","2026-10-05 09:43:53","Salto"
"Punto y Aparte","ACC4246","","Punto y Aparte","160337160015","0","","","","","47320956","0.00000000","91 525 951","","","","","","","","","admin","0","0","0","0","1","","","","","","","","","","","","","","","","2025-08-06 16:12:23","lchaves","CRM","0","","2026-10-05 09:43:54","Salto"
"Polti Repuestos","ACC4247","","Polti Repuestos","160183870018","0","","","","","","0.00000000","098 802 958","","","","","","","","","admin","0","0","0","0","1","","","","","","","","","","","","","","","","2025-08-06 16:16:55","lchaves","CRM","0","","2026-10-05 09:43:54","Salto"
"CATASA SA","ACC4248","CATASA SA","CATASA SA","160075420015","0","","","","","","0.00000000","099161723","","","","","Logística –Transporte – Distribuidora - Almacenamiento","","","","admin","0","0","0","0","1","","","","","","","","","","","","","","","","2025-08-06 16:21:26","lchaves","CRM","0","","2026-10-05 09:43:54","Salto"
"Centro Color Ltda","ACC4249","Centro Color Ltda","Óptica Tol","020037600014","0","","","www.opticatol.com.uy","info@opticatol.com.uy","4342 3605","0.00000000","099 090 773","","","","","","","","","admin","0","0","0","0","1","","020037600014","","","","","","","","","","","","","","2025-08-06 20:22:57","lchaves","CRM","0","","2026-10-05 09:43:55","San José"
"Licita UY","ACC4250","Estreliar SAS","Licita UY","219157330013","0","","Empresas Socias Directas","","licitauy@gmail.com","","0.00000000","092464613","","","","","","","","","admin","0","0","0","0","0","","219157330013","TS02","VIG","","","","","","","","","","Montevideo","Montevideo","2025-08-07 14:42:41","ncladera@cncs.com.uy","CRM","0","","2026-10-05 09:43:55","Montevideo"
"Halthy Town","ACC4251","Torres Colman Vinda Esmeralda y Fernandez Perez Federico","Halthy Town","180316560019","0","","Empresas Socias Directas","","farmacia.healthytown2023@gmail.com","","0.00000000","092702050","","","","","Industria Farmacéutica","","","","admin","0","0","0","0","0","","180316560019","TS02","VIG","","","","","","","","","","Colonia","Colonia","2025-08-14 15:43:15","nbutin@cncs.com.uy","CRM","0","","2026-10-05 09:43:56","Colonia"
"Exóticos SA","ACC4252","Exóticos SA","Exóticos SA","216613660012","0","","Empresas Socias Directas","","maureen@miguelgentile.com","","0.00000000","094323267","administracion@miguelgentile.com","","","","","","","","admin","0","0","0","0","0","","216613660012","TS02","VIG","","","","","","","","","","Montevideo","Montevideo","2025-08-14 15:57:59","ncladera@cncs.com.uy","CRM","0","","2026-10-05 09:43:56","Montevideo"
"LA NAVE - Cargo Postal","ACC4253","Quisder Trading SA","LA NAVE - Cargo Postal","217820680017","0","","Empresas Socias Directas","","j.scalise@lanavemultimodal.com","","0.00000000","097985736","v.staricco@lanavemultimodal.com","","","","","","","","admin","0","0","0","0","0","","217820680017","TS02","VIG","","","","","","","","","","Montevideo","Montevideo","2025-08-28 17:44:06","ncladera@cncs.com.uy","CRM","0","","2026-10-05 09:43:56","Montevideo"
"Punktal","ACC4254","Punktal S.A.","Punktal","211746860011","0","Accounts::::CCAEE","Socios Indirectos","","ediplan@vera.com.uy","","0.00000000","099 642 744","","","","","","","","","admin","0","0","0","0","0","","211746860011","","","","","","","","","","","","Montevideo","Montevideo","2025-09-04 12:47:21","lmerli@cncs.com.uy","CRM","0","","2026-10-05 09:43:57","Montevideo"
"Brenalcor SA","ACC4259","Brenalcor SA","Brenalcor SA","212456060010","0","","Empresas Socias Directas","www.somosjob.uy","sgodoy@somosjob.com","29006251","0.00000000","097571115","","","","","","","","","admin","0","0","0","0","0","","212456060010","TS02","VIG","","","","","","","","","","Montevideo","Montevideo","2025-09-25 17:03:03","ncladera@cncs.com.uy","CRM","0","","2026-10-05 09:43:57","Montevideo"
"Tecno Group SAS","ACC4260","Tecno Group SAS","Club del Adulto Mayor","218884830018","0","","Empresas Socias Directas","www.clubdeladultomayor.com.uy","info@clubdeladultomayor.com.uy","","0.00000000","092900743","","","","","","","","","admin","0","0","0","0","0","","218884830018","TS02","VIG","","","","","","","","","","Montevideo","Montevideo","2025-10-01 17:08:45","ncladera@cncs.com.uy","CRM","0","","2026-10-05 09:43:58","Montevideo"
"Cámara de Instituciones Deportivas del Uruguay","ACC4261","Cámara de Instituciones Deportivas del Uruguay","CIDU","215731700016","0","","Gremiales/Asociación","","cidu2024@gmail.com","","0.00000000","099684867","","","","","","","","","admin","0","0","0","0","0","","GR691","TS03","VIG","","","","","","","","","","Montevideo","Montevideo","2025-10-01 17:13:01","kcechi@cncs.com.uy","CRM","0","","2026-10-05 09:43:58","Montevideo"
"UYTUNA","ACC4262","Galmiden SA","UYTUNA","218653190013","0","","Empresas Socias Directas","www.uytuna.com","anibal.zeballos@uytuna.com","","0.00000000","099812748","","","","","","","","","admin","0","0","0","0","0","","218653190013","TS02","VIG","","","","","","","","","","Colonia","Colonia","2025-10-06 13:14:45","nbutin@cncs.com.uy","CRM","0","","2026-10-05 09:43:58","Colonia"
"Delfin Limpieza","ACC4263","","Delfin Limpieza","0","0","","","https://delfinlimpieza.com.uy/es/","","","0.00000000","091730870","","","","","Vigilancia-Limpieza","","","","admin","0","0","0","0","1","","","","","","","Av. Artigas 152, esquina 18 de Julio","","Colonia del Sacramento","","","","","","Colonia","2025-10-08 17:51:12","lchaves","CRM","0","","2026-10-05 09:43:59","Colonia"
"Peekaboo","ACC4264","","Peekaboo","0","0","","Prospecto","https://www.peekaboo.com.uy/web/login","","27067393","0.00000000","091817990","","","","","","","","","admin","0","0","0","0","1","","","","","","","","","","","","","","","","2025-10-10 16:24:38","lchaves","CRM","0","","2026-10-05 09:43:59","Montevideo"
"Agua 10 SA","ACC4265","Agua 10 SA","Agua 10 SA","100211380012","0","","Empresas Socias Directas","","info@agua10.com.uy","42231960","0.00000000","099810660","","","","","","","","","admin","0","0","0","0","0","","100211380012","TS02","VIG","","","","","","","","","","Maldonado","Maldonado","2025-10-30 18:08:27","nbutin@cncs.com.uy","CRM","0","","2026-10-05 09:43:59","Maldonado"
"Pikel SA","ACC4266","Pikel SA","Pikel SA","215252980019","0","","Empresas Socias Directas","","jimenapopelka@gmail.com","","0.00000000","091832378","arqmartinferrari@gmail.com","","","","","","","","admin","0","0","0","0","0","","215252980019","TS02","VIG","","","","","","","","","","Maldonado","Maldonado","2025-10-30 18:10:26","nbutin@cncs.com.uy","CRM","0","","2026-10-05 09:44:00","Maldonado"
"Melino SA","ACC4267","Melino SA","Melino SA","217508720017","0","","Empresas Socias Directas","","perfdelvalle2024@gmail.com","","0.00000000","091894608","","","","","","","","","admin","0","0","0","0","0","","217508720017","TS02","VIG","","","","","","","","","","Maldonado","Maldonado","2025-10-30 18:12:41","nbutin@cncs.com.uy","CRM","0","","2026-10-05 09:44:01","Maldonado"
"Lacorel SA","ACC4268","Lacorel SA","Lacorel SA","214847090011","0","","Empresas Socias Directas","","lacorelsacuentascorrientes@hotmail.com","","0.00000000","095161097","adm.lacorel@gmail.com","","","","","","","","admin","0","0","0","0","0","","214847090011","TS02","VIG","","","","","","","","","","Montevideo","Montevideo","2025-10-30 18:17:15","ncladera@cncs.com.uy","CRM","0","","2026-10-05 09:44:01","Montevideo"
"Jorge Hermanos","ACC4269","","Jorge Hermanos","0","0","","Prospecto","https://www.jorgehermanos.com/","","23625562","0.00000000","","","","","","Other","","","1. Procesamiento y conservación de alimentos, bebidas y tabaco","admin","0","0","0","0","1","","","","","","","","","","","","","","","","2025-11-07 14:01:32","lchaves","CRM","0","","2026-10-05 09:44:01","Canelones"
"De Lilla","ACC4270","De Lilla hnos","De Lilla","0","0","","Prospecto","","delillachapaypintura@gmail.com","","0.00000000","95608980","","","","","Automotriz- Motocicletas – Autopartes","","","","admin","0","0","0","0","1","","","","","","","","","","","","","","","","2025-11-07 14:04:06","lchaves","CRM","0","","2026-10-05 09:44:02","Montevideo"
"Laboratorio Alfa","ACC4271","","Laboratorio Alfa","0","0","","","https://www.instagram.com/laboratorioalfa.uy/","","","0.00000000","99370151","","947224104","","","Servicios de Salud y actividades conexas","","","","admin","0","0","0","0","1","","","","","","","","Paysandú","","","","","","","","2025-11-07 14:08:47","lchaves","CRM","0","","2026-10-05 09:44:02","Paysandú"
"Motel Tiros","ACC4272","","Motel Tiros","120375300016","0","","","","","","0.00000000","099801208","","","","","Hoteles Restaurantes- Bares - Entretenimiento","","","","admin","0","0","0","0","1","","","","","","","","","","","","","","","","2025-11-07 14:14:55","lchaves","CRM","0","","2026-10-05 09:44:03","Paysandú"
"Mefir","ACC4273","","Mefir","120137030011","0","","","https://www.instagram.com/mefir_equipos_para_portones/","","","0.00000000","99721359","","","","","Productos Metalúrgicos-Maquinaria-Construcción","","","","admin","0","0","0","0","1","","","","","","","","","","","","","","","","2025-11-07 14:16:57","lchaves","CRM","0","","2026-10-05 09:44:03","Paysandú"
"Pegazzano","ACC4274","","Pegazzano","0","0","","Prospecto","https://www.instagram.com/tienda_pegazzano/?hl=es","","","0.00000000","45422084","sebapeg@gmail.com","","","","Textiles - vestimentas - cuero y calzado","","","","admin","0","0","0","0","1","","","","","","","","","","","","","","","","2025-11-07 14:22:20","lchaves","CRM","0","","2026-10-05 09:44:04","Treinta y Tres"
"Kanban","ACC4275","KANBAN CONSULTORES SAS","Kanban","219260630016","0","","","https://www.kanbanconsultores.com/contactus","hola@kanbanconsultores.com","29020662","0.00000000","","yerimar@kanban.uy","","","","Tecnología-Telecomunicaciones- actividades conexas","","","","admin","0","0","0","0","1","","","","","","","","","","","","","","","","2025-11-11 15:58:18","lchaves","CRM","0","","2026-10-05 09:44:04","Montevideo"
"Healthy Town","ACC4276","Torres Colman Esmeralda y Fernandez Perez Fereico","Healthy Town","180316560019","0","","Empresas Socias Directas","","vindatorres@gmail.com","","0.00000000","098788432","marybailey31july1971@gmail.com","","","","Industria Farmacéutica","","","","admin","0","0","0","0","1","","180316560019","TS02","VIG","","","","","","","","","","","","2025-12-02 12:54:15","lchaves","CRM","0","","2026-10-05 09:44:04","Colonia"
"Cámara Uruguaya de Empresas Perforadoras","ACC4277","Cámara Uruguaya de Empresas Perforadoras","CUDEP","220875160015","0","","Gremiales/Asociación","","","","0.00000000","098441702","","","","","","","","","admin","0","0","0","0","0","","GR692","TS03","VIG","","","","","","","","","","","","2025-12-05 17:51:58","ncladera@cncs.com.uy","CRM","0","","2026-10-05 09:44:05","Montevideo"
"José Silva SRL","ACC4278","José Silva SRL","José Silva SRL","210614190010","0","Accounts::::ADITACI","Empresas Socias Directas","","josilvanevada@gmail.com","","0.00000000","094456299","","","","","","","","","admin","0","0","0","0","0","","210614190010","TS02","VIG","","","","","","","","","","Montevideo","Montevideo","2025-12-08 15:33:20","ncladera@cncs.com.uy","CRM","0","","2026-10-05 09:44:05","Montevideo"
"Bethel SPA","ACC4279","Bethel SRL","Bethel SPA","215228770018","0","","Empresas Socias Directas","","bethel@bethelspa.com","","0.00000000","099616314","lourdesrapalin@bethelspa.com","","","","","","","","admin","0","0","0","0","0","","215228770018","TS02","VIG","","","","","","","","","","Montevideo","Montevideo","2025-12-08 15:37:04","ncladera@cncs.com.uy","CRM","0","","2026-10-05 09:44:06","Montevideo"
"Hernández Bauza John Cleonte","ACC4280","Hernández Bauza John Cleonte","Hernández Bauza John Cleonte","170131810011","0","","Empresas Socias Directas","","perforaciones-j@hotmail.com","","0.00000000","091403866","","","","","","","","","admin","0","0","0","0","0","","170131810011","TS02","VIG","","","","","","","","","","San José","San José","2025-12-08 15:40:28","nbutin@cncs.com.uy","CRM","0","","2026-10-05 09:44:06","San José"
"Lima Lugo Miriam Graciela y Guillermo Gamarra Sofia","ACC4281","Lima Lugo Miriam Graciela y Guillermo Gamarra Sofia","Lima Lugo Miriam Graciela y Guillermo Gamarra Sofia","218562000017","0","","Empresas Socias Directas","","guillermoperf@gmail.com","","0.00000000","099164363","","","","","","","","","admin","0","0","0","0","0","","218562000017","TS02","VIG","","","","","","","","","","Cerro Largo","Cerro Largo","2025-12-08 15:43:58","nbutin@cncs.com.uy","CRM","0","","2026-10-05 09:44:06","Cerro Largo"
"Jacques Amorin Washington Amildo","ACC4282","Jacques Amorin Washington Amildo","Jacques Amorin Washington Amildo","170099450019","0","","Empresas Socias Directas","","jacquesperforaciones@hotmail.com","","0.00000000","099207029","","","","","","","","","admin","0","0","0","0","0","","170099450019","TS02","VIG","","","","","","","","","","San José","San José","2025-12-08 15:46:55","nbutin@cncs.com.uy","CRM","0","","2026-10-05 09:44:07","San José"
"Circulabv 27","ACC4283","FERNANDEZ BENTANCOR MACARENA","Circulabv 27","130181710011","0","","Empresas Socias Directas","","circulabv27@gmail.com","","0.00000000","098791693","","","","","","","","","admin","0","0","0","0","0","","130181710011","TS02","VIG","","","","","","","","","","Soriano","Soriano","2025-12-08 15:51:06","nbutin@cncs.com.uy","CRM","0","","2026-10-05 09:44:07","Soriano"
"Naelit SA","ACC4284","Naelit SA","Naelit SA","212709900011","0","Accounts::::Cámara Uruguaya de Empresas Perforadoras","Empresas Socias Directas","","info@centraldeperforaciones.com.uy","43721780","0.00000000","099706685","","","","","","","","","admin","0","0","0","0","0","","212709900011","TS02","VIG","","","","","","","","","","Canelones","Canelones","2025-12-08 15:54:09","nbutin@cncs.com.uy","CRM","0","","2026-10-05 09:44:08","Canelones"
"Geo Aguas Subterráneas Ltda","ACC4285","Geo Aguas Subterráneas Ltda","Geo Aguas Subterráneas Ltda","140247080018","0","Accounts::::Cámara Uruguaya de Empresas Perforadoras","Empresas Socias Directas","","geoagua.ltda@gmail.com","","0.00000000","099825157","","","","","","","","","admin","0","0","0","0","0","","140247080018","TS02","VIG","","","","","","","","","","Rivera","Rivera","2025-12-08 15:58:15","nbutin@cncs.com.uy","CRM","0","","2026-10-05 09:44:08","Rivera"
"Morán Pérez Henry Javier","ACC4286","Morán Pérez Henry Javier","Morán Pérez Henry Javier","050193540017","0","Accounts::::Cámara Uruguaya de Empresas Perforadoras","Empresas Socias Directas","","kuimoran@hotmail.com","","0.00000000","099937893","","","","","","","","","admin","0","0","0","0","0","","050193540017","TS02","VIG","","","","","","","","","","Durazno","Durazno","2025-12-08 16:02:05","nbutin@cncs.com.uy","CRM","0","","2026-10-05 09:44:09","Durazno"
"Saavedra Antonio y Marquez Yeisi","ACC4287","Saavedra Antonio y Marquez Yeisi","Saavedra Antonio y Marquez Yeisi","020362570013","0","Accounts::::Cámara Uruguaya de Empresas Perforadoras","Empresas Socias Directas","","perforadorasanantonio@hotmail.com","","0.00000000","099372508","","","","","","","","","admin","0","0","0","0","0","","020362570013","TS02","VIG","","","","","","","","","","Canelones","Canelones","2025-12-08 16:05:01","nbutin@cncs.com.uy","CRM","0","","2026-10-05 09:44:09","Canelones"
"Dominguez Figueredo Ricardo Diego","ACC4288","Dominguez Figueredo Ricardo Diego","Dominguez Figueredo Ricardo Diego","170254220018","0","Accounts::::Cámara Uruguaya de Empresas Perforadoras","Empresas Socias Directas","","dominguez_excavaciones@protonmail.com","","0.00000000","094862794","","","","","","","","","admin","0","0","0","0","0","","170254220018","TS02","VIG","","","","","","","","","","San José","San José","2025-12-08 16:07:50","nbutin@cncs.com.uy","CRM","0","","2026-10-05 09:44:09","San José"
"Pérez Bentancur Federico Daniel","ACC4289","Pérez Bentancur Federico Daniel","Pérez Bentancur Federico Daniel","090306720014","0","Accounts::::Cámara Uruguaya de Empresas Perforadoras","Empresas Socias Directas","","lorenasandes37@gmail.com","","0.00000000","099269938","","","","","","","","","admin","0","0","0","0","0","","090306720014","TS02","VIG","","","","","","","","","","Soriano","Soriano","2025-12-08 16:10:46","nbutin@cncs.com.uy","CRM","0","","2026-10-05 09:44:10","Soriano"
"Picada Suarez SA","ACC4290","Picada Suarez SA","Picada Suarez SA","213907060018","0","Accounts::::Cámara Uruguaya de Empresas Perforadoras","Empresas Socias Directas","","info@xperta.com.uy","","0.00000000","099196429","jbloomfield@xperta.com.uy","","","","","","","","admin","0","0","0","0","0","","213907060018","TS02","VIG","","","","","","","","","","Canelones","Canelones","2025-12-08 16:14:11","nbutin@cncs.com.uy","CRM","0","","2026-10-05 09:44:10","Canelones"
"D Perforaciones SAS","ACC4291","D Perforaciones SAS","D Perforaciones SAS","219799020013","0","Accounts::::Cámara Uruguaya de Empresas Perforadoras","Empresas Socias Directas","","info@dorado.com.uy","","0.00000000","091615855","yofgon@gmail.com","","","","","","","","admin","0","0","0","0","0","","219799020013","TS02","VIG","","","","","","","","","","Montevideo","Montevideo","2025-12-08 16:17:06","ncladera@cncs.com.uy","CRM","0","","2026-10-05 09:44:11","Montevideo"
"Aquageo Perforaciones SAS","ACC4292","Aquageo Perforaciones SAS","Aquageo Perforaciones SAS","190325460010","0","Accounts::::Cámara Uruguaya de Empresas Perforadoras","Empresas Socias Directas","","mgaye20@gmail.com","","0.00000000","099826502","","","","","","","","","admin","0","0","0","0","0","","190325460010","TS02","VIG","","","","","","","","","","Rivera","Rivera","2025-12-08 16:19:48","nbutin@cncs.com.uy","CRM","0","","2026-10-05 09:44:11","Rivera"
"Hidravel Perforaciones","ACC4293","MARTINEZ VELAZQUEZ BLERIZ SEBASTIAN","Hidravel Perforaciones","150660400017","0","Accounts::::Cámara Uruguaya de Empresas Perforadoras","Empresas Socias Directas","","hidravelperforaciones@gmail.com","","0.00000000","098870142","","","","","","","","","admin","0","0","0","0","0","","150660400017","TS02","VIG","","","","","","","","","","Rocha","Rocha","2025-12-08 16:23:25","nbutin@cncs.com.uy","CRM","0","","2026-10-05 09:44:11","Rocha"
"Agua Subterránea SRL","ACC4294","Agua Subterránea SRL","Agua Subterránea SRL","217482080016","0","Accounts::::Cámara Uruguaya de Empresas Perforadoras","Empresas Socias Directas","","aguasubterraneasrl@vera.com.uy","","0.00000000","099046002","","","","","","","","","admin","0","0","0","0","0","","217482080016","TS02","VIG","","","","","","","","","","Río Negro","Río Negro","2025-12-08 16:25:46","nbutin@cncs.com.uy","CRM","0","","2026-10-05 09:44:12","Río Negro"
"Ciappesoni Hermanos SRL","ACC4295","Ciappesoni Hermanos SRL","Ciappesoni Hermanos SRL","040204650010","0","Accounts::::Cámara Uruguaya de Empresas Perforadoras","Empresas Socias Directas","","cippesoniperf@vera.com.uy","","0.00000000","099608370","","","","","","","","","admin","0","0","0","0","0","","040204650010","TS02","VIG","","","","","","","","","","Colonia","Colonia","2025-12-08 16:29:36","nbutin@cncs.com.uy","CRM","0","","2026-10-05 09:44:12","Colonia"
"Aldokahrs SAS","ACC4296","Aldokahrs SAS","Aldokahrs SAS","219873990017","0","Accounts::::Cámara Uruguaya de Empresas Perforadoras","Empresas Socias Directas","","kahrsil.perforaciones@gmail.com","","0.00000000","097213661","","","","","","","","","admin","0","0","0","0","0","","219873990017","TS02","VIG","","","","","","","","","","Colonia","Colonia","2025-12-08 16:33:07","nbutin@cncs.com.uy","CRM","0","","2026-10-05 09:44:12","Colonia"
"Sucesores de Elena Pereira SA","ACC4297","Sucesores de Elena Pereira SA","Sucesores de Elena Pereira SA","160267770014","0","Accounts::::Cámara Uruguaya de Empresas Perforadoras","Empresas Socias Directas","","raulsilvapozos@gmail.com","","0.00000000","099576061","","","","","","","","","admin","0","0","0","0","0","","160267770014","TS02","VIG","","","","","","","","","","Salto","Salto","2025-12-08 16:35:26","nbutin@cncs.com.uy","CRM","0","","2026-10-05 09:44:13","Salto"
"Hidromar Ltda","ACC4298","Hidromar Ltda","Hidromar Ltda","100004130010","0","Accounts::::Cámara Uruguaya de Empresas Perforadoras","Empresas Socias Directas","","hidromarlimitada@gmail.com","","0.00000000","099812505","","","","","","","","","admin","0","0","0","0","0","","100004130010","TS02","VIG","","","","","","","","","","Maldonado","Maldonado","2025-12-08 16:37:44","nbutin@cncs.com.uy","CRM","0","","2026-10-05 09:44:13","Maldonado"
"Casa & Campo SA","ACC4299","Casa & Campo SA","Casa & Campo SA","216476930013","0","Accounts::::Cámara Uruguaya de Empresas Perforadoras","Empresas Socias Directas","","sundberg@casaycampo.com.uy","46421197","0.00000000","099915650","","","","","","","","","admin","0","0","0","0","0","","216476930013","TS02","VIG","","","","","","","","","","Cerro Largo","Cerro Largo","2025-12-08 16:40:17","nbutin@cncs.com.uy","CRM","0","","2026-10-05 09:44:14","Cerro Largo"
"Lipatin","ACC4300","","Lipatin","212793640012","0","","","https://arqlipatin.com/contacto/","","","0.00000000","098105823","","","","","","","","","admin","0","0","0","0","1","","","","","","","","","","","","","","","","2025-12-08 17:20:08","lchaves","CRM","0","","2026-10-05 09:44:14","Montevideo"
"Kalipso Sabor","ACC4301","Nieves Raymar Castro Correa","Kalipso Sabor","219743850010","0","","Empresas Socias Directas","","kalipsosabor@gmail.com","","0.00000000","092821733","","","","","","","","","admin","0","0","0","0","0","","219743850010","TS02","VIG","","","","","","","","","","Montevideo","Montevideo","2025-12-10 18:08:43","ncladera@cncs.com.uy","CRM","0","","2026-10-05 09:44:14","Montevideo"
"Roberto Franchi - Camoli","ACC4302","Roberto Franchi - Camoli","FRANCHI FERNANDEZ ROBERTO PABLO","020529780016","0","","Empresas Socias Directas","","camoli0616@gmail.com","22941589","0.00000000","092460946","","","","","","","","","admin","0","0","0","0","0","","020529780016","TS02","VIG","","","","","","","","","","Montevideo","Montevideo","2026-01-15 12:49:10","ncladera@cncs.com.uy","CRM","0","","2026-10-05 09:44:15","Montevideo"
"Familia Deicas","ACC4303","Establecimiento Juanico SA","Familia Deicas","210973860014","0","","","www.juanico.com","ideicas@juanico.com","94847482","0.00000000","","","","","","","","","","admin","0","0","0","0","1","","210973860014","","","","","","","","","","","","","","2026-01-15 15:16:53","lchaves","CRM","0","","2026-10-05 09:44:15",""
"Centro Pyme Salto","ACC4304","","","0","0","","","www.centrospymes.uy","salto@centros.uy","47320422","0.00000000","099452171","","","","","","","","","admin","0","0","0","0","0","","","","","","","","","","","","","","","","2026-01-15 15:39:45","lchaves","CRM","0","","2026-10-05 09:44:16",""
"El Porvenir","ACC4305","Luis Dumestre Pérez","","040162370015","0","","","","","","0.00000000","","anacapilla2014@gmail.com","","","","Ganadería - Agricultura y Actividades Conexas","","","","admin","0","0","0","0","1","","","","","","","","","","","","","","","","2026-01-15 15:42:52","lchaves","CRM","0","","2026-10-05 09:44:16",""
"Centro Pyme Paysandú","ACC4306","","","0","0","","","https://www.ande.org.uy/centros-pymes.html","paysandu@centros.uy","099214396","0.00000000","099214396","","","","","","","","","admin","0","0","0","0","0","","","","","","","","","","","","","","","","2026-01-15 15:49:01","lchaves","CRM","0","","2026-10-05 09:44:16",""
"AFITRAC - Asociación de Fabricantes de Implementos para el Trasporte y Acopio de Cargas","ACC4307","AFITRAC","AFITRAC","219726370014","0","","","https://www.afitrac.com/","direccion@afitrac.com","","0.00000000","094808407","","","","","","","","","admin","0","0","0","0","0","","","","","","","","","","","","","","","","2026-01-15 15:54:51","lchaves","CRM","0","","2026-10-05 09:44:17",""
"Barraca Sur","ACC4308","FRANDIMA SRL","Barraca Sur","170323290016","0","","","","","","0.00000000","099328211","","","","","","","","","admin","0","0","0","0","1","","","","","","","","","","","","","","","","2026-01-15 16:08:11","lchaves","CRM","0","","2026-10-05 09:44:17","San José"
"Óptica Tol","ACC4309","Centro Color Ltda","Óptica Tol","20037600014","0","","","","","","0.00000000","099342512","","","","","","","","","admin","0","0","0","0","1","","","","","","","","","","","","","","","","2026-01-15 16:10:27","lchaves","CRM","0","","2026-10-05 09:44:17","San José"
"El Repecho","ACC4310","Frontan Iglesias Richard Marcelo","El Repecho","170234830015","0","","","","","","0.00000000","098639127","","","","","","","","","admin","0","0","0","0","1","","","","","","","","","","","","","","","","2026-01-15 16:13:02","lchaves","CRM","0","","2026-10-05 09:44:18","San José"
"AC- Los criollos","ACC4311","AC- Los criollos SRL","AC- Los criollos","170247400014","0","","","","","","0.00000000","","","","","","","","","","admin","0","0","0","0","1","","","","","","","","","","","","","","","San José","2026-01-15 16:17:13","lchaves","CRM","0","","2026-10-05 09:44:18",""
"Gomería Andrés","ACC4312","Perdomo Cabrera andres alejandro","","170235680017","0","","","","","","0.00000000","","","","","","","","","","admin","0","0","0","0","1","","","","","","","","","","","","","","","","2026-01-15 16:18:25","lchaves","CRM","0","","2026-10-05 09:44:19","San José"
"CURBELO BOZZOLASCO WASHINGTON MARTIN","ACC4313","CURBELO BOZZOLASCO WASHINGTON MARTIN","","170245860018","0","","","","","","0.00000000","","","","","","","","","","admin","0","0","0","0","1","","","","","","","","","","","","","","","","2026-01-15 16:19:45","lchaves","CRM","0","","2026-10-05 09:44:19","San José"
"Natalia De Rosa","ACC4314","Natalia Lorena De Rosa","em.Point","27249778457","0","","Empresas Socias Directas","https://em-point.com/","natalia@em-point.com","","0.00000000","+54 911 3937-3400","natinuevocelu@gmail.com","","","","","","","","admin","0","0","0","0","0","","P10132","TS02","VIG","","","","","","","","Argentina","Argentina","","","2026-02-18 19:31:42","nbutin@cncs.com.uy","CRM","0","","2026-10-05 09:44:19",""
"Asociación de Comerciantes de La Paloma","ACC4315","Asociación de Comerciantes de La Paloma","Asociación de Comerciantes de La Paloma","220841060018","0","","Centro Comercial","","asociacioncomercianteslp@gmail.com","","0.00000000","099150827","","","","","","","","","admin","0","0","0","0","0","","220841060018","TS03","VIG","","","","La Paloma","La Paloma","","","","","Rocha","Rocha","2026-03-03 15:44:30","nbutin@cncs.com.uy","CRM","0","","2026-10-05 09:44:20","Rocha"
"Tecnisegur","ACC4316","Transportadora de Valores Tecnisegur  Uruguay SA","Tecnisegur","215437010016","0","","Empresas Socias Directas","www.tecnisegur.com.uy","compras@tecnisegur.com.uy","24012565","0.00000000","","","","","","","","","","admin","0","0","0","0","0","","215437010016","TS02","VIG","","","","","","","","","","Montevideo","Montevideo","2026-03-10 13:53:33","ncladera@cncs.com.uy","CRM","0","","2026-10-05 09:44:20","Montevideo"
"Unique Logistics Services","ACC4317","Vensiten SA","Unique Logistics Services","217026880013","0","","Empresas Socias Directas","www.uls.com.uy","belen.anastasia@uls.com.uy","29158233","0.00000000","","","","","","Logística –Transporte – Distribuidora - Almacenamiento","","","","admin","0","0","0","0","0","","217026880013","TS02","VIG","","","","","","","","","","Montevideo","Montevideo","2026-03-16 12:37:19","ncladera@cncs.com.uy","CRM","0","","2026-10-05 09:44:20","Montevideo"
"Franca","ACC4318","Karuna SAS","Franca","219306020010","0","","Empresas Socias Directas","","contacto@adminfranca.com","","0.00000000","091062198","","","","","","","","","admin","0","0","0","0","0","","219306020010","TS02","VIG","","","","","","","","","","Montevideo","Montevideo","2026-03-18 15:42:22","ncladera@cncs.com.uy","CRM","0","","2026-10-05 09:44:21","Montevideo"
"Quitralco SRL","ACC4319","Quitralco SRL","Quitralco SRL","160283240016","0","","Empresas Socias Directas","","pozosquitralcosrl@hotmail.com","47325973","0.00000000","098226782","","","","","","","","","admin","0","0","0","0","0","","160283240016","TS02","VIG","","","","","","","","","","Salto","Salto","2026-03-20 13:23:40","nbutin@cncs.com.uy","CRM","0","","2026-10-05 09:44:21","Salto"
"Arael David Espinosa Pérez","ACC4320","Arael David Espinosa Pérez","Arael David Espinosa Pérez","220237200012","0","","Empresas Socias Directas","","cl8dep@gmail.com","","0.00000000","099598034","","","","","","","","","admin","0","0","0","0","0","","220237200012","TS02","VIG","","","","","","","","","","Montevideo","Montevideo","2026-03-23 16:20:15","ncladera@cncs.com.uy","CRM","0","","2026-10-05 09:44:22","Montevideo"
"MAG","ACC4321","ACRHGROUP SAS","MAG","219442780013","0","","Empresas Socias Directas","https://www.wearemag.com/","administracion@mag.com.uy","","0.00000000","099926847","","","","","","","","","admin","0","0","0","0","0","","219442780013","TS02","VIG","","","","","","","","","","Montevideo","Montevideo","2026-04-13 13:07:18","ncladera@cncs.com.uy","CRM","0","","2026-10-05 09:44:22","Montevideo"
"Joyería Revello","ACC4322","","Joyería Revello","0","0","","Prospecto","https://www.joyeriarevello.com.uy/","info@joyeriarevello.com.uy","2601 77 55","0.00000000","095 950 139","","","","","","","","","admin","0","0","0","0","1","","","","","","","","","","","","","","","","2026-04-14 19:55:43","lchaves","CRM","0","","2026-10-05 09:44:23","Montevideo"
"Tac Uruguay SA","ACC4323","Tac Uruguay SA","Tac Uruguay SA","213950900014","0","","Empresas Socias Directas","","carla.fros@uruguaytac.com","","0.00000000","094462283","","","","","","","","","admin","0","0","0","0","0","","213950900014","TS02","VIG","","","","","","","","","","Montevideo","Montevideo","2026-04-20 12:49:05","ncladera@cncs.com.uy","CRM","0","","2026-10-05 09:44:23","Montevideo"
"CURE UDELAR","ACC4419","","","0","0","","","","ceciliadesoto@gmail.com","","0.00000000","99162632","","","","","","","","","admin","0","0","0","0","0","","","","","","","","","","","","","","","","2026-04-21 14:40:24","lviana@cncs.com.uy","IMPORT","0","","2026-10-05 09:44:23",""
"COP SISTEMAS REFRIGERADOS","ACC4420","","","214989610015","0","","","www.cop.com.uy","abesnati@cop.com.uy","","0.00000000","95216980","","","","","","","","","admin","0","0","0","0","0","Socio","214989610015","","","","","","","","","","","","","","2026-04-21 14:40:24","lviana@cncs.com.uy","IMPORT","0","","2026-10-05 09:44:24","Montevideo"
"INQUI SRL","ACC4421","","","0","0","","","","andreainqui@gmail.com","","0.00000000","92157515","","","","","","","","","admin","0","0","0","0","0","","","","","","","","","","","","","","","","2026-04-21 14:40:24","lviana@cncs.com.uy","IMPORT","0","","2026-10-05 09:44:24",""
"Assennews Euro /Agenda Diplom?tica digital","ACC4422","","","0","0","","","","equinozoka@montevideo.com.uy","","0.00000000","96373773","","","","","","","","","admin","0","0","0","0","0","","","","","","","","","","","","","","","","2026-04-21 14:40:24","lviana@cncs.com.uy","IMPORT","0","","2026-10-05 09:44:24",""
"DESPACHANTE MARIELA DEPAULO","ACC4423","","","0","0","","","","marieladepaulo29@hotmail.com","","0.00000000","96181709","","","","","","","","","admin","0","0","0","0","0","","","","","","","","","","","","","","","","2026-04-21 14:40:24","lviana@cncs.com.uy","IMPORT","0","","2026-10-05 09:44:25",""
"Intendencia Departamental de Durazno","ACC4424","","","0","0","","","","miguelfierro64@hotmail.com","","0.00000000","99166192","","","","","","","","","admin","0","0","0","0","0","","","","","","","","","","","","","","","","2026-04-21 14:40:24","lviana@cncs.com.uy","IMPORT","0","","2026-10-05 09:44:25",""
"Darnel","ACC4425","","","0","0","","","","alorenzo@darnelgroup.com","","0.00000000","94417035","","","","","","","","","admin","0","0","0","0","0","","","","","","","","","","","","","","","","2026-04-21 14:40:24","lviana@cncs.com.uy","IMPORT","0","","2026-10-05 09:44:26",""
"Paperval","ACC4426","","","0","0","","","","alvaroaddiego@gmail.com","","0.00000000","94406128","","","","","","","","","admin","0","0","0","0","0","","","","","","","","","","","","","","","","2026-04-21 14:40:24","lviana@cncs.com.uy","IMPORT","0","","2026-10-05 09:44:26",""
"Red de Salud","ACC4427","","","0","0","","","","casipebr@gmail.com","","0.00000000","96266735","","","","","","","","","admin","0","0","0","0","0","","","","","","","","","","","","","","","","2026-04-21 14:40:24","lviana@cncs.com.uy","IMPORT","0","","2026-10-05 09:44:26",""
"BT SAS","ACC4428","","","0","0","","","","alvaro.melgarejo@bt.uy","","0.00000000","96322311","","","","","","","","","admin","0","0","0","0","0","","","","","","","","","","","","","","","","2026-04-21 14:40:24","lviana@cncs.com.uy","IMPORT","0","","2026-10-05 09:44:27",""
"PORTO LTDA","ACC4429","","","0","0","","","","leticiacayrus@portoltda.com.uy","","0.00000000","93768798","","","","","","","","","admin","0","0","0","0","0","","","","","","","","","","","","","","","","2026-04-21 14:40:24","lviana@cncs.com.uy","IMPORT","0","","2026-10-05 09:44:27",""
"Revaso","ACC4430","","","0","0","","","","berterretchen@gmail.com","","0.00000000","98822346","","","","","","","","","admin","0","0","0","0","0","","","","","","","","","","","","","","","","2026-04-21 14:40:24","lviana@cncs.com.uy","IMPORT","0","","2026-10-05 09:44:27",""
"Gestion21 consultores","ACC4431","","","0","0","","","","consultoraambiental.g21@gmail.com","","0.00000000","96282813","","","","","","","","","admin","0","0","0","0","0","","","","","","","","","","","","","","","","2026-04-21 14:40:24","lviana@cncs.com.uy","IMPORT","0","","2026-10-05 09:44:28",""
"Lodace SRL","ACC4432","","","0","0","","","","marianomiraldo.lodace.uy@gmail.com","","0.00000000","99138779","","","","","","","","","admin","0","0","0","0","0","","","","","","","","","","","","","","","","2026-04-21 14:40:24","lviana@cncs.com.uy","IMPORT","0","","2026-10-05 09:44:28",""
"SULTEN S.A. (AIMA)","ACC4433","","","0","0","","","","fmelissari@nidemar.com","","0.00000000","94446484","","","","","","","","","admin","0","0","0","0","0","","","","","","","","","","","","","","","","2026-04-21 14:40:24","lviana@cncs.com.uy","IMPORT","0","","2026-10-05 09:44:29",""
"Henderson & Cia S.A.","ACC4434","","","0","0","","","","vburgueno@tiendainglesa.com.uy","","0.00000000","94878567","","","","","","","","","admin","0","0","0","0","0","","","","","","","","","","","","","","","","2026-04-21 14:40:24","lviana@cncs.com.uy","IMPORT","0","","2026-10-05 09:44:29",""
"Cafeteria Le Gouter","ACC4435","","","0","0","","","","andrea.fernandezcurbelo@gmail.com","","0.00000000","98515815","","","","","","","","","admin","0","0","0","0","0","","","","","","","","","","","","","","","","2026-04-21 14:40:24","lviana@cncs.com.uy","IMPORT","0","","2026-10-05 09:44:29",""
"ORGANI SRL","ACC4436","","","0","0","","","","alana@organi.com.uy","","0.00000000","94228684","","","","","","","","","admin","0","0","0","0","0","","","","","","","","","","","","","","","","2026-04-21 14:40:24","lviana@cncs.com.uy","IMPORT","0","","2026-10-05 09:44:30",""
"Revaso","ACC4437","","","0","0","","","","gabrielbcurti@gmail.com","","0.00000000","92017451","","","","","","","","","admin","0","0","0","0","0","","","","","","","","","","","","","","","","2026-04-21 14:40:24","lviana@cncs.com.uy","IMPORT","0","","2026-10-05 09:44:30",""
"UTEC","ACC4439","","","0","0","","","","daniela.gonzalez@utec.edu.uy","","0.00000000","92188301","","","","","","","","","admin","0","0","0","0","0","","","","","","","","","","","","","","","","2026-04-21 14:40:24","lviana@cncs.com.uy","IMPORT","0","","2026-10-05 09:44:30",""
"Centro comercial de Yiung","ACC4440","","","0","0","","","","mlopezdavyt@gmail.com","","0.00000000","99283612","","","","","","","","","admin","0","0","0","0","0","","","","","","","","","","","","","","","","2026-04-21 14:40:24","lviana@cncs.com.uy","IMPORT","0","","2026-10-05 09:44:31",""
"NAMBI URUGUAY","ACC4442","","","0","0","","","","gonzariverla@gmail.com","","0.00000000","99036574","","","","","","","","","admin","0","0","0","0","0","","","","","","","","","","","","","","","","2026-04-21 14:40:24","lviana@cncs.com.uy","IMPORT","0","","2026-10-05 09:44:31",""
"Gustavo Amespil Moreno","ACC4443","","","0","0","","","","ggam2451@gmail.com","","0.00000000","99667284","","","","","","","","","admin","0","0","0","0","0","","","","","","","","","","","","","","","","2026-04-21 14:40:24","lviana@cncs.com.uy","IMPORT","0","","2026-10-05 09:44:31",""
"Alvez Negocio inmobiliarios","ACC4444","","","0","0","","","","willywillydidacticos@gmail.com","","0.00000000","95123162","","","","","","","","","admin","0","0","0","0","0","","","","","","","","","","","","","","","","2026-04-21 14:40:24","lviana@cncs.com.uy","IMPORT","0","","2026-10-05 09:44:32",""
"Profesional Independiente","ACC4445","","","0","0","","","","lsilvagrasso@hotmail.com","","0.00000000","94256900","","","","","","","","","admin","0","0","0","0","0","","","","","","","","","","","","","","","","2026-04-21 14:40:24","lviana@cncs.com.uy","IMPORT","0","","2026-10-05 09:44:32",""
"Runaev - Intendencia Departamental de Rivera","ACC4446","","","0","0","","","","aleberton2014@gmail.com","","0.00000000","99821327","","","","","","","","","admin","0","0","0","0","0","","","","","","","","","","","","","","","","2026-04-21 14:40:24","nbutin@cncs.com.uy","IMPORT","0","","2026-10-05 09:44:32",""
"Deres","ACC4447","","","0","0","","","","cvignone@ferrere.com","","0.00000000","99586663","","","","","","","","","admin","0","0","0","0","0","","","","","","","","","","","","","","","","2026-04-21 14:40:24","lviana@cncs.com.uy","IMPORT","0","","2026-10-05 09:44:33",""
"ADV SAS","ACC4448","","","0","0","","","","ana.paula.demaria@hotmail.com","","0.00000000","99705510","","","","","","","","","admin","0","0","0","0","0","","","","","","","","","","","","","","","","2026-04-21 14:40:24","lviana@cncs.com.uy","IMPORT","0","","2026-10-05 09:44:33",""
"Intendencia de Montevideo - Servicio de Regulaci?n Alimentaria","ACC4449","","","0","0","","","","guzman.reyes@imm.gub.uy","","0.00000000","98273586","","","","","","","","","admin","0","0","0","0","0","","","","","","","","","","","","","","","","2026-04-21 14:40:24","lviana@cncs.com.uy","IMPORT","0","","2026-10-05 09:44:34",""
"IDR -  DGPAS - T?cnica en Gesti?n de Recursos Naturales y Desarrollo Sustentable","ACC4450","","","0","0","","","","tecprieto@gmail.com","","0.00000000","46223460","","","","","","","","","admin","0","0","0","0","0","","","","","","","","","","","","","","","","2026-04-21 14:40:24","lviana@cncs.com.uy","IMPORT","0","","2026-10-05 09:44:34",""
"La Colorada","ACC4451","","","0","0","","","","claffitte@gmail.com","","0.00000000","99203476","","","","","","","","","admin","0","0","0","0","0","","","","","","","","","","","","","","","","2026-04-21 14:40:25","lviana@cncs.com.uy","IMPORT","0","","2026-10-05 09:44:34",""
"Cryosmetics","ACC4452","","","0","0","","","","lorena@cryosmetics.com","","0.00000000","99634450","","","","","","","","","admin","0","0","0","0","0","","","","","","","","","","","","","","","","2026-04-21 14:40:25","lviana@cncs.com.uy","IMPORT","0","","2026-10-05 09:44:35",""
"REGALOS URUGUAYOS","ACC4453","","","0","0","","","","monica@regalosuruguayos.com","","0.00000000","98485858","","","","","","","","","admin","0","0","0","0","0","","","","","","","","","","","","","","","","2026-04-21 14:40:25","lviana@cncs.com.uy","IMPORT","0","","2026-10-05 09:44:35",""
"Vestidos","ACC4455","","","0","0","","","","economiacircularceprodih@gmail.com","","0.00000000","92109983","","","","","","","","","admin","0","0","0","0","0","","","","","","","","","","","","","","","","2026-04-21 14:40:25","lviana@cncs.com.uy","IMPORT","0","","2026-10-05 09:44:35",""
"Unipersonam","ACC4456","","","0","0","","","","carlamorimaglio@gmail.com","","0.00000000","99114700","","","","","","","","","admin","0","0","0","0","0","","","","","","","","","","","","","","","","2026-04-21 14:40:25","lviana@cncs.com.uy","IMPORT","0","","2026-10-05 09:44:36",""
"Intendencia de Flores","ACC4457","","","0","0","","","","kariugarte26@gmail.com","","0.00000000","99654024","","","","","","","","","admin","0","0","0","0","0","","","","","","","","","","","","","","","","2026-04-21 14:40:25","lviana@cncs.com.uy","IMPORT","0","","2026-10-05 09:44:36",""
"CENTINELA-NATUR Grupo Cervini","ACC4458","","","0","0","","","","marianaarada@ngoconsultores.com","","0.00000000","94145575","","","","","","","","","admin","0","0","0","0","0","","","","","","","","","","","","","","","","2026-04-21 14:40:25","lviana@cncs.com.uy","IMPORT","0","","2026-10-05 09:44:36",""
"Plamet Ltda.","ACC4459","","","0","0","","","","plamet@plamet.com.uy","","0.00000000","96621667","","","","","","","","","admin","0","0","0","0","0","","","","","","","","","","","","","","","","2026-04-21 14:40:25","lviana@cncs.com.uy","IMPORT","0","","2026-10-05 09:44:37",""
"Coliman SA","ACC4466","","","0","0","","","","jartola@once.com.uy","","0.00000000","99810771","","","","","","","","","admin","0","0","0","0","0","","","","","","","","","","","","","","","","2026-04-21 14:40:25","lviana@cncs.com.uy","IMPORT","0","","2026-10-05 09:44:37",""
"BIOQUIMDIAGNOSTICS S.A","ACC4469","","","0","0","","","","analaurasandoval@bioquim.com.uy","","0.00000000","","","","","","","","","","admin","0","0","0","0","0","","","","","","","","","","","","","","","","2026-04-21 14:40:25","lviana@cncs.com.uy","IMPORT","0","","2026-10-05 09:44:38",""
"Silson S.A","ACC4471","","","0","0","","","","pmandel@adinet.com.uy","","0.00000000","99646883","","","","","","","","","admin","0","0","0","0","0","","","","","","","","","","","","","","","","2026-04-21 14:40:25","lviana@cncs.com.uy","IMPORT","0","","2026-10-05 09:44:38",""
"Empresa","ACC4473","","","0","0","","","","pierina.leites@gmail.com","","0.00000000","94592578","","","","","","","","","admin","0","0","0","0","0","","","","","","","","","","","","","","","","2026-04-21 14:40:25","lviana@cncs.com.uy","IMPORT","0","","2026-10-05 09:44:39",""
"Punktal Sa","ACC4475","","","0","0","","","","punktal@adinet.com.uy","","0.00000000","29291717","","","","","","","","","admin","0","0","0","0","0","","","","","","","","","","","","","","","","2026-04-21 14:40:25","lviana@cncs.com.uy","IMPORT","0","","2026-10-05 09:44:39",""
"Darnel","ACC4482","","","0","0","","","","pfernandez@pontonesyfernandez.com","","0.00000000","","","","","","","","","","admin","0","0","0","0","0","","","","","","","","","","","","","","","","2026-04-21 14:40:25","lviana@cncs.com.uy","IMPORT","0","","2026-10-05 09:44:39",""
"Roche International Ltd","ACC4484","","","0","0","","","","andres.lachaga@roche.com","","0.00000000","99403339","","","","","","","","","admin","0","0","0","0","0","","","","","","","","","","","","","","","","2026-04-21 14:40:25","lviana@cncs.com.uy","IMPORT","0","","2026-10-05 09:44:40",""
"MM&A","ACC4486","","","0","0","","","","brenes.mundy@gmail.com","","0.00000000","94550270","","","","","","","","","admin","0","0","0","0","0","","","","","","","","","","","","","","","","2026-04-21 14:40:25","lviana@cncs.com.uy","IMPORT","0","","2026-10-05 09:44:40",""
"Yomani S.A.","ACC4488","","","0","0","","","","matias@yomani.com.uy","","0.00000000","99582758","","","","","","","","","admin","0","0","0","0","0","","","","","","","","","","","","","","","","2026-04-21 14:40:25","lviana@cncs.com.uy","IMPORT","0","","2026-10-05 09:44:41",""
"Mefix S.A","ACC4492","","","0","0","","","","administracion@merfix.com.uy","","0.00000000","99189550","","","","","","","","","admin","0","0","0","0","0","","","","","","","","","","","","","","","","2026-04-21 14:40:25","admin","IMPORT","0","","2026-10-05 09:44:41",""
"MERFIX SA","ACC4493","","","0","0","","","","gramintz@netgate.com.uy","","0.00000000","99411495","","","","","","","","","admin","0","0","0","0","0","","","","","","","","","","","","","","","","2026-04-21 14:40:25","admin","IMPORT","0","","2026-10-05 09:44:41",""
"Minas recicla","ACC4507","","","0","0","","","","minasrecicla2022@gmail.com","","0.00000000","99840189","","","","","","","","","admin","0","0","0","0","0","","","","","","","","","","","","","","","","2026-04-21 14:40:25","lviana@cncs.com.uy","IMPORT","0","","2026-10-05 09:44:42",""
"Privada","ACC4510","","","0","0","","","","","","0.00000000","","","","","","","","","","admin","0","0","0","0","0","","","","","","","","","","","","","","","","2026-04-21 14:46:46","lviana@cncs.com.uy","WEBSERVICE","0","","2026-10-05 09:44:42",""
"OUA","ACC4524","Organismo Uruguayo de Acreditación","OUA","0","0","","","","oua@oua.org.uy","","0.00000000","","","","","","","","","","admin","0","0","0","0","0","","","","","","","","","","","","","","Montevideo","Montevideo","2026-04-21 15:43:34","ncladera@cncs.com.uy","CRM","0","","2026-10-05 09:44:42","Montevideo"
"GoDoWorks","ACC4525","GoDoWorks","GoDoWorks","0","0","","","","contacto@godoworks.com","","0.00000000","","","","","","","","","","admin","0","0","0","0","0","","","","","","","","","","","","","","","","2026-04-21 15:53:48","mcodina@cncs.com.uy","CRM","0","","2026-10-05 09:44:43",""
"Sabyl Constructora","ACC4526","","Sabyl Constructora","0","0","","","https://sabyl.com.uy/","","+598 2900 7206","0.00000000","+598 2900 7206","","","","","","","","","admin","0","0","0","0","1","","","","","","","","","","","","","","","","2026-04-24 19:15:28","lchaves","CRM","0","","2026-10-05 09:44:43",""
"Montevideo Industrial","ACC4527","","Montevideo Industrial","0","0","","","https://montevideoindustrial.com.uy/la-empresa/","ventas@montevideoindustrial.com.uy","","0.00000000","+598 2511 7277","","","","","Bazar-Ferretería-Pinturería","","","","admin","0","0","0","0","1","","","","","","","","","","","","","","","","2026-04-27 12:47:25","lchaves","CRM","0","","2026-10-05 09:44:43","Montevideo"
"Vacodir","ACC4528","Vacodir SA","Vacodir","214510330013","0","","Empresas Socias Directas","www.vacodir.com.uy/","laura@vacodir.com.uy","24196248","0.00000000","","","24137249","","","","","","","admin","0","0","0","0","0","","214510330013","TS02","VIG","","","","","","","","","","Montevideo","Montevideo","2026-05-14 12:06:34","ncladera@cncs.com.uy","CRM","0","","2026-10-05 09:44:44","Montevideo"
"AB Conzult","ACC4529","AB Conzult SAS","AB Conzult","219532420016","0","","Empresas Socias Directas","www.abconzult.com","alejandro.bouzada@abconzult.com","","0.00000000","091055055","","","","","","","","","admin","0","0","0","0","0","","219532420016","TS02","VIG","","","","","","","","","","Montevideo","Montevideo","2026-05-14 12:10:22","ncladera@cncs.com.uy","CRM","0","","2026-10-05 09:44:44","Montevideo"
"Langland Institute","ACC4530","Safadi Reid Samir","Langland Institute","215309850011","0","","Empresas Socias Directas","www.langlandinstitute.com","s.safadi@langlandinstitute.com","","0.00000000","094639426","","","","","","","","","admin","0","0","0","0","0","","215309850011","TS02","SOLIC-BAJA","","","","","","","","","","Montevideo","Montevideo","2026-05-19 15:57:48","ncladera@cncs.com.uy","CRM","0","","2026-10-05 09:44:45","Montevideo"
"Gobertti","ACC4532","Héctor Daniel Gobertti","","211919640018","0","","","","","","0.00000000","099662397","daniel.gobertti@goberttidespachantes.com.uy","","","","","","","","admin","0","0","0","0","1","","","","","","","","","","","","","","","","2026-06-24 12:33:27","lchaves","CRM","0","","2026-10-05 09:44:45","Montevideo"
"Hotel Central 33","ACC4534","Miguel De Castro","Hotel Central 33","200083920016","0","","","https://hotelcentral33.com.uy/contacto","hotelcentral33@gmail.com","4453 0050","0.00000000","","","","","","Hoteles Restaurantes- Bares - Entretenimiento","","","","admin","0","0","0","0","1","","","","","","","","","","","","","","","","2026-06-26 13:01:23","lchaves","CRM","0","","2026-10-05 09:44:45","Treinta y Tres"
"Pro-Talentos","ACC4535","","Pro-Talentos","200169390015","0","","","https://pro-talentos.com/sitio/?utm_source=ig&utm_medium=social&utm_content=link_in_bio&fbclid=PAZXh","info@pro-talentos.com","99179756","0.00000000","","","","","","","","","","admin","0","0","0","0","0","","","","","","","","","","","","","","","","2026-06-26 13:09:46","lchaves","CRM","0","","2026-10-05 09:44:46","Treinta y Tres"
"Saravia Jorge Hnos SRL","ACC4536","","Saravia Jorge Hnos SRL","200054870014","0","","","https://saraviajorge.com.uy/","aramis@saraviajorge.com.uy","4452 2370","0.00000000","","","","","","Productos Metalúrgicos-Maquinaria-Construcción","","","","admin","0","0","0","0","1","","","","","","","","","","","","","","","","2026-06-26 13:13:22","lchaves","CRM","0","","2026-10-05 09:44:46","Treinta y Tres"
"Veterinaria Los Ceibos","ACC4537","","Veterinaria Los Ceibos","214929210010","0","","","https://www.instagram.com/veterinaria_losceibos/","veterinaria@adinet.com.uy","98984779","0.00000000","","","","","","Servicios de Salud y actividades conexas","","","","admin","0","0","0","0","1","","214929210010","","","","","","","","","","","","","","2026-06-26 13:18:32","lchaves","CRM","0","","2026-10-05 09:44:47","Treinta y Tres"
"ATSUY S.R.L","ACC4538","ATSUY S.R.L","ATS BUENAS PRÁCTICAS","216949170010","0","","Empresas Socias Directas","https://atsbpsolutions.com/","dsorokins@ats.edu.uy","","0.00000000","+598 2908 8999","puntodecontacto@ats.edu.uy","","","2016-08-30","","","","","admin","0","0","0","0","1","S/D","216949170010","","","","","","","","","","","","","","2026-07-09 12:45:17","lchaves","CRM","0","","2026-10-05 09:44:47","Montevideo"
"Districomp","ACC4539","Districomp SA","Districomp","212363900019","0","","Empresas Socias Directas","","icparadizo@districomp.com","24001115","0.00000000","","","","","","","","","","admin","0","0","0","0","0","","212363900019","TS02","VIG","","","","","","","","","","Montevideo","Montevideo","2026-07-14 15:07:35","ncladera@cncs.com.uy","CRM","0","","2026-10-05 09:44:48","Montevideo"
"Farmacia Pollini","ACC4540","Farmacia Pollini SRL","Farmacia Pollini","010154640015","0","","Empresas Socias Directas","","rocio.lencina@farmaciapollini.com.uy","47721792","0.00000000","099928863","","47722792","","","","","","","admin","0","0","0","0","0","","010154640015","TS02","VIG","","","","","","","","","","Artigas","Artigas","2026-07-14 15:10:49","nbutin@cncs.com.uy","CRM","0","","2026-10-05 09:44:48","Artigas"
"Silva Brasil Álvaro Martin","ACC4541","Silva Brasil Álvaro Martin","Silva Brasil Álvaro Martin","080284510015","0","","Empresas Socias Directas","","amasconstruccionesuy@gmail.com","","0.00000000","099579527","","","","","","","","","admin","0","0","0","0","0","","080284510015","TS02","VIG","","","","","","","","","","Montevideo","Montevideo","2026-07-14 15:16:57","ncladera@cncs.com.uy","CRM","0","","2026-10-05 09:44:49","Montevideo"
"Matrix Baterias","ACC4542","Matrix Baterias SA","Matrix Baterias","212048110015","0","","Empresas Socias Directas","","leonardo@matrixbaterias.com.uy","29081650","0.00000000","099440141","hernan@matrixbaterias.com.uy","","","","","","","","admin","0","0","0","0","0","","212048110015","TS02","VIG","","","","","","","","","","Montevideo","Montevideo","2026-07-20 13:15:31","ncladera@cncs.com.uy","CRM","0","","2026-10-05 09:44:49","Montevideo"
"Radesca","ACC4543","Juan J. Radesca SA","Radesca","210003020010","0","","Empresas Socias Directas","https://radesca.com/","administracion@radesca.com.uy","22036715","0.00000000","094497104","bateriasradesca@gmail.com","","","","","","","","admin","0","0","0","0","0","","210003020010","TS02","VIG","","","","","","","","","","Montevideo","Montevideo","2026-07-20 13:19:49","ncladera@cncs.com.uy","CRM","0","","2026-10-05 09:44:50","Montevideo"
"Grutacar SA","ACC4544","Grutacar SA","Grutacar SA","213207590014","0","","Empresas Socias Directas","","franciscoalderete@icloud.com","","0.00000000","099686850","","","","","","","","","admin","0","0","0","0","0","","213207590014","TS02","VIG","","","","","","","","","","Montevideo","Montevideo","2026-07-20 13:25:31","ncladera@cncs.com.uy","CRM","0","","2026-10-05 09:44:50","Montevideo"
"Fabemix SA","ACC4545","Fabemix SA","Fabemix SA","215388210010","0","","Empresas Socias Directas","","lbidone@sevel.com.uy","","0.00000000","099273806","","","","","","","","","admin","0","0","0","0","0","","215388210010","TS02","VIG","","","","","","","","","","Montevideo","Montevideo","2026-07-20 13:28:15","ncladera@cncs.com.uy","CRM","0","","2026-10-05 09:44:50","Montevideo"
"MVS Estudio Contable","ACC4546","Graciela Viviana Blanco Sosa","MVS Estudio Contable","217763000016","0","","Empresas Socias Directas","","est.mvs@gmail.com","","0.00000000","099669655","","","","","","","","","admin","0","0","0","0","0","","217763000016","TS02","VIG","","","","","","","","","","Montevideo","Montevideo","2026-07-20 13:30:13","ncladera@cncs.com.uy","CRM","0","","2026-10-05 09:44:51","Montevideo"
"La Casa de las Baterias","ACC4547","Rayte Baterias SA","La Casa de las Baterias","080116950011","0","","Empresas Socias Directas","https://lacasadelasbaterias.com.uy/","alejandrogasco@lacasadelasbaterias.com","","0.00000000","099108106","","","","","","","","","admin","0","0","0","0","0","","080116950011","TS02","VIG","","","","","","","","","","Canelones","Canelones","2026-07-20 13:32:42","ncladera@cncs.com.uy","CRM","0","","2026-10-05 09:44:51","Canelones"
"Asociación de Empresas de Mano de Obra y Personal","ACC4548","Asociación de Empresas de Mano de Obra y Personal","Asociación de Empresas de Mano de Obra y Personal","220651180012","0","","Gremiales/Asociación","","ignacio@jimenezlegal.com.uy","","0.00000000","099656495","","","","","","","","","admin","0","0","0","0","0","","GR693","TS03","VIG","","","","","","","","","","Montevideo","Montevideo","2026-08-11 17:47:23","ncladera@cncs.com.uy","CRM","0","","2026-10-05 09:44:52","Montevideo"
"Looper Life","ACC4549","MORREL QUINTERO YUNIET","Looper Life","219625220017","0","","Empresas Socias Directas","","yuniet.morrel@gmail.com","","0.00000000","096822618","","","","","","","","","admin","0","0","0","0","0","","219625220017","TS02","VIG","","","","","","","","","","Montevideo","Montevideo","2026-08-11 17:49:02","ncladera@cncs.com.uy","CRM","0","","2026-10-05 09:44:52","Montevideo"
"Emeca SRL","ACC4550","Emeca SRL","Emeca SRL","140041690015","0","","Empresas Socias Directas","","ana.oprha@hotmail.com","26141443","0.00000000","099579724","","","","","","","","","admin","0","0","0","0","0","","140041690015","TS02","VIG","","","","","","","","","","Rivera","Rivera","2026-08-11 17:51:03","nbutin@cncs.com.uy","CRM","0","","2026-10-05 09:44:53","Rivera"
"RA SA","ACC4551","RA SA","RA SA","210150690010","0","","Empresas Socias Directas","","info@rasa.com.uy","22034449","0.00000000","","","","","","","","","","admin","0","0","0","0","0","","210150690010","TS02","VIG","","","","","","","","","","Montevideo","Montevideo","2026-08-11 17:56:07","ncladera@cncs.com.uy","CRM","0","","2026-10-05 09:44:53","Montevideo"
"SC Johnson & Son de Uruguay SA","ACC4552","SC Johnson & Son de Uruguay SA","SC Johnson & Son de Uruguay SA","213408960013","0","","Empresas Socias Directas","","mfemeni@scj.com","26224444","0.00000000","","","","","","","","","","admin","0","0","0","0","0","","213408960013","TS02","VIG","","","","","","","","","","Montevideo","Montevideo","2026-09-02 15:34:11","ncladera@cncs.com.uy","CRM","0","","2026-10-05 09:44:54","Montevideo"
"Gutereise","ACC4553","Gutereise SAS","Gutereise","217832140012","0","","Empresas Socias Directas","www.campofrio.com.uy","ventas@mastranporteyturismo.com.uy","","0.00000000","092484119","","","","","","","","","admin","0","0","0","0","0","","217832140012","TS02","VIG","","","","","","","","","","Montevideo","Montevideo","2026-09-11 19:33:07","ncladera@cncs.com.uy","CRM","0","","2026-10-05 09:44:54","Montevideo"
"Botica del Señor","ACC4554","Botica del Señor SRL","Botica del Señor","212200770019","0","","Empresas Socias Directas","","c.staininger@boticadelsenor.com.uy","","0.00000000","099186750","astaininger@boticadelsenor.com.uy","","","","","","","","admin","0","0","0","0","0","","212200770019","","VIG","","","","","","","","","","Montevideo","Montevideo","2026-09-14 14:51:45","ncladera@cncs.com.uy","CRM","0","","2026-10-05 09:44:55","Montevideo"
"Calidad Kosher Rabino Ariel Milstein CK","ACC4555","Calidad Kosher Rabino Ariel Milstein CK","Asoc. Civil Sociedad Sinagoga Adjut Israel","217164620017","0","","Empresas Socias Directas","","info@orisraelcommunity.com","","0.00000000","097734791","asherberdi7@gmail.com","","","","","","","","admin","0","0","0","0","0","","217164620017","TS02","VIG","","","","","","","","","","Montevideo","Montevideo","2026-09-30 18:13:29","ncladera@cncs.com.uy","CRM","0","","2026-10-05 09:44:55","Montevideo"
"CORIN","ACC4556","Corin SA","CORIN","211426770011","0","","Empresas Socias Directas","","gvignolo@coinrentup.com.uy","","0.00000000","094840321","","","","","","","","","admin","0","0","0","0","0","","211426770011","TS02","VIG","","","","","","","","","","Canelones","Canelones","2026-09-30 18:15:54","ncladera@cncs.com.uy","CRM","0","","2026-10-05 09:44:55","Canelones"
"Fastermin SA","ACC4557","Fastermin SA","Fastermin SA","216456510019","0","","Empresas Socias Directas","","fasterminimport@gmail.com","","0.00000000","094266322","","","","","","","","","admin","0","0","0","0","0","","216456510019","TS02","VIG","","","","","","","","","","Montevideo","Montevideo","2026-09-30 18:18:48","ncladera@cncs.com.uy","CRM","0","","2026-10-05 09:44:56","Montevideo"
"TORNOMETAL","ACC4558","TORNOMETAL SA","TORNOMETAL","210343510014","0","","Empresas Socias Directas","","gmunoz@tornometal.com","23132025","0.00000000","","","","","","","","","","admin","0","0","0","0","0","","210343510014","TS02","VIG","","","","","","","","","","Montevideo","Montevideo","2026-09-30 18:23:23","ncladera@cncs.com.uy","CRM","0","","2026-10-05 09:44:56","Montevideo"
"Blanel SA","ACC4559","Blanel SA","Blanel SA","216887070018","0","","Empresas Socias Directas","","administracion@blanel.com.uy","29290916","0.00000000","","gerencia@blanel.com.uy","29290937","","","","","","","admin","0","0","0","0","0","","216887070018","TS02","VIG","","","","","","","","","","Montevideo","Montevideo","2026-09-30 18:25:15","ncladera@cncs.com.uy","CRM","0","","2026-10-05 09:44:57","Montevideo"
"OBRACEL SA","ACC4560","OBRACEL SA","OBRACEL SA","215184790019","0","","Empresas Socias Directas","","valeria@obracel.com","","0.00000000","099355226","","","","","","","","","admin","0","0","0","0","0","","215184790019","TS02","VIG","","","","","","","","","","Florida","Florida","2026-09-30 18:26:57","ncladera@cncs.com.uy","CRM","0","","2026-10-05 09:44:57","Florida"
"CIBAPAU","ACC4561","Cámara de Imp. de Baterías Plomo Ácido del Uruguay","CIBAPAU","221061930011","0","","Gremiales/Asociación","","cibapau@cncs.com.uy","","0.00000000","094874354","kfalconiglesias@gmail.com","","","","","","","","admin","0","0","0","0","0","","GR694","TS03","VIG","","","","","","","","","","Montevideo","Montevideo","2026-09-30 18:29:32","xsalvagno@cncs.com.uy","CRM","0","","2026-10-05 09:44:57","Montevideo"
